publish_order,slug,title,category,tags,status,date,hero_image_prompt,hero_image,links_to
1,essential-tools-for-home-renovation,25 Essential Tools for Home Renovation: The Complete Starter Kit,tools-materials,tools;home-renovation;diy-tools;tool-guide;starter-kit;power-tools,published,2026-05-10,"A well-organized pegboard workshop wall covered with hand tools, power tools, and measuring equipment in warm workshop lighting.",/images/posts/essential-tools-for-home-renovation.webp,diy-bathroom-remodel-cost;how-to-build-a-diy-deck-on-a-budget;how-to-paint-a-room-like-a-pro
2,cost-to-finish-a-basement,Cost to Finish a Basement: Complete Budget Guide,basement-attic,basement-finishing;basement-cost;home-renovation;basement-remodel;finishing-costs;basement-framing,published,2026-05-11,"A freshly finished basement with recessed lighting, luxury vinyl plank flooring, a sectional sofa, and a built-in wet bar, photographed in warm natural light from an egress window.",/images/posts/cost-to-finish-a-basement.webp,bathroom-remodel-cost-estimate;bathroom-remodel-financing-options;bathroom-remodel-return-on-investment
3,when-to-call-a-plumber-vs-diy,When to Call a Plumber vs. DIY: A Homeowner's Guide,plumbing-electrical,plumbing;diy-plumbing;when-to-call-a-pro;home-repair;plumbing-costs,published,2026-05-12,"A homeowner crouching under a bathroom sink with a wrench in hand, examining pipes, with a toolbox open beside them on a tile floor.",/images/posts/when-to-call-a-plumber-vs-diy.webp,diy-bathroom-remodel-cost;bathroom-remodel-cost-breakdown;bathroom-vanity-installation-cost
4,how-to-build-a-diy-deck-on-a-budget,How to Build a DIY Deck on a Budget,outdoor-landscaping,deck-building;diy-deck;outdoor-projects;pressure-treated-lumber;budget-home-improvement;backyard-deck,published,2026-05-13,"A freshly built pressure-treated wood deck attached to the back of a suburban house, photographed on a bright afternoon with a power drill and lumber visible in the foreground.",/images/posts/how-to-build-a-diy-deck-on-a-budget.webp,bathroom-remodel-financing-options;bathroom-remodel-return-on-investment
5,how-to-paint-a-room-like-a-pro,How to Paint a Room Like a Pro: Step-by-Step Guide,painting-walls,painting;interior-painting;diy;wall-prep;home-improvement;painting-tips,published,2026-05-14,"A freshly painted light gray bedroom with clean taped trim lines, a roller and paint tray on a drop cloth, and warm afternoon light coming through the window.",/images/posts/how-to-paint-a-room-like-a-pro.webp,bathroom-remodel-timeline;budget-bathroom-remodel-ideas
6,bathroom-tile-installation-cost,Bathroom Tile Installation Cost: Material and Labor Guide,flooring-tile,bathroom-tile;tile-installation;flooring-cost;tile-cost-per-square-foot;bathroom-remodel,published,2026-05-15,"A professional tile installer laying large-format porcelain tiles on a bathroom floor, with grout lines, trowel, and tile spacers visible in a bright modern bathroom.",/images/posts/bathroom-tile-installation-cost.webp,walk-in-shower-remodel-cost;diy-bathroom-remodel-cost;bathroom-remodel-cost-breakdown;small-bathroom-remodel-cost
7,how-long-does-a-small-bathroom-remodel-take,How Long Does a Small Bathroom Remodel Take?,kitchen-bath-remodeling,small-bathroom;remodel-timeline;bathroom-remodel;gut-remodel;diy-bathroom;contractor-timeline,published,2026-05-16,"A compact 5x8 bathroom mid-renovation with cement board on the walls, a new alcove tub framed in, and tools laid out on a drop cloth.",/images/posts/how-long-does-a-small-bathroom-remodel-take.webp,bathroom-remodel-timeline;small-bathroom-remodel-cost;diy-bathroom-remodel-cost;bathroom-remodel-cost-breakdown
8,does-bathroom-renovation-increase-home-value,Does a Bathroom Renovation Increase Home Value?,budget-planning,bathroom-renovation;home-value;real-estate;home-selling;roi;appraisal,published,2026-05-17,"A freshly renovated bathroom with white subway tile, a floating vanity, and brushed nickel fixtures, photographed from the doorway to show the full space.",/images/posts/does-bathroom-renovation-increase-home-value.webp,bathroom-remodel-return-on-investment;bathroom-remodel-cost-estimate;budget-bathroom-remodel-ideas;small-bathroom-remodel-cost
9,mobile-home-bathroom-remodel,Mobile Home Bathroom Remodel: Costs and Unique Challenges,kitchen-bath-remodeling,mobile-home;bathroom-remodel;manufactured-home;remodel-cost;bathroom-renovation;mobile-home-plumbing,published,2026-05-18,"A freshly remodeled mobile home bathroom with white subway tile, a compact vanity, and modern fixtures in a bright, clean space.",/images/posts/mobile-home-bathroom-remodel.webp,bathroom-remodel-cost-estimate;diy-bathroom-remodel-cost;budget-bathroom-remodel-ideas;bathroom-remodel-financing-options
10,bathroom-remodel-financing-options,How to Finance a Bathroom Remodel: 6 Smart Options,budget-planning,bathroom-remodel;financing;home-equity;personal-loan;heloc;home-improvement-loans,published,2026-05-19,"A clean, modern bathroom under renovation with tile work half-finished, blueprints on the counter, and a calculator beside a stack of financing documents.",/images/posts/bathroom-remodel-financing-options.webp,bathroom-remodel-cost-estimate;master-bathroom-remodel-cost;bathroom-remodel-return-on-investment
11,bathroom-remodel-timeline,Bathroom Remodel Timeline: A Realistic Week-by-Week Plan,budget-planning,bathroom-remodel;timeline;project-planning;permits;home-improvement,published,2026-05-20,"A bathroom mid-remodel showing exposed wall framing, cement board, and stacked tile materials on a dusty subfloor under bright work lights.",/images/posts/bathroom-remodel-timeline.webp,bathroom-remodel-cost-breakdown;master-bathroom-remodel-cost;diy-bathroom-remodel-cost;bathroom-remodel-cost-estimate
12,bathroom-remodel-cost-breakdown,Bathroom Remodel Cost Breakdown: Where the Money Goes,budget-planning,bathroom-remodel;cost-breakdown;budget;labor-costs;fixtures;tile,published,2026-05-21,"A partially renovated bathroom with exposed tile work, a new vanity being installed, and contractor tools laid out on the floor, overhead natural light.",/images/posts/bathroom-remodel-cost-breakdown.webp,bathroom-tile-installation-cost;diy-bathroom-remodel-cost;bathroom-remodel-cost-estimate;walk-in-shower-remodel-cost;bathroom-vanity-installation-cost
13,budget-bathroom-remodel-ideas,15 Budget Bathroom Remodel Ideas That Look Expensive,kitchen-bath-remodeling,budget-bathroom;remodel-ideas;diy;bathroom-makeover;home-improvement,published,2026-05-22,"A bright, freshly updated bathroom with a white shiplap accent wall, matte black hardware, and a modern vessel sink vanity, warm lighting, clean and minimal aesthetic.",/images/posts/budget-bathroom-remodel-ideas.webp,small-bathroom-remodel-cost;bathroom-vanity-installation-cost;diy-bathroom-remodel-cost
14,bathroom-vanity-installation-cost,Bathroom Vanity Installation Cost: DIY vs. Pro,kitchen-bath-remodeling,bathroom-vanity;installation-cost;diy;plumbing;bathroom-remodel,published,2026-05-23,"A freshly installed white floating bathroom vanity with a vessel sink, polished chrome fixtures, and subway tile backsplash in a bright modern bathroom.",/images/posts/bathroom-vanity-installation-cost.webp,diy-bathroom-remodel-cost;small-bathroom-remodel-cost;master-bathroom-remodel-cost;bathroom-remodel-cost-estimate;budget-bathroom-remodel-ideas
15,master-bathroom-remodel-cost,Master Bathroom Remodel Cost by Project Size,kitchen-bath-remodeling,master-bathroom;bathroom-remodel;remodel-cost;bathroom-renovation;home-improvement-budget,published,2026-05-24,"A freshly remodeled master bathroom with large-format floor tile, a freestanding soaking tub, frameless glass shower, and double vanity under warm overhead lighting.",/images/posts/master-bathroom-remodel-cost.webp,diy-bathroom-remodel-cost;bathroom-remodel-cost-estimate;walk-in-shower-remodel-cost;bathroom-remodel-return-on-investment
16,walk-in-shower-remodel-cost,Walk-In Shower Remodel Cost: Full Pricing Guide,kitchen-bath-remodeling,walk-in-shower;shower-remodel;bathroom-remodel;tub-to-shower-conversion;curbless-shower;tile-shower,published,2026-05-25,"A modern walk-in curbless shower with large-format gray tiles, a rain showerhead, and frameless glass panel in a bright white bathroom.",/images/posts/walk-in-shower-remodel-cost.webp,bathroom-remodel-cost-estimate;diy-bathroom-remodel-cost;small-bathroom-remodel-cost
17,bathroom-remodel-return-on-investment,Bathroom Remodel ROI: Is It Actually Worth It?,budget-planning,bathroom-remodel;roi;home-value;resale-value;remodeling-costs,published,2026-05-26,"A freshly renovated mid-range bathroom with white subway tile, brushed nickel fixtures, and a floating vanity, photographed in natural morning light.",/images/posts/bathroom-remodel-return-on-investment.webp,diy-bathroom-remodel-cost;bathroom-remodel-cost-estimate;small-bathroom-remodel-cost;does-bathroom-renovation-increase-home-value
18,small-bathroom-remodel-cost,Small Bathroom Remodel Cost: What to Expect,kitchen-bath-remodeling,small-bathroom;bathroom-remodel;remodel-cost;bathroom-renovation;budget-bathroom;powder-room,published,2026-05-27,"A freshly remodeled small 5x8 bathroom with white subway tile, a floating vanity, and brushed nickel fixtures under warm lighting.",/images/posts/small-bathroom-remodel-cost.webp,diy-bathroom-remodel-cost;bathroom-remodel-cost-estimate;how-long-does-a-small-bathroom-remodel-take;mobile-home-bathroom-remodel
19,bathroom-remodel-cost-estimate,How Much Does a Bathroom Remodel Really Cost in 2026?,budget-planning,bathroom-remodel;remodel-cost;budget;home-improvement;cost-estimate,published,2026-05-28,"A partially renovated bathroom mid-project with a new white subway tile surround, removed vanity, and exposed wall framing, tools and materials scattered on a plywood subfloor.",/images/posts/bathroom-remodel-cost-estimate.webp,diy-bathroom-remodel-cost;small-bathroom-remodel-cost;master-bathroom-remodel-cost;walk-in-shower-remodel-cost;bathroom-vanity-installation-cost;bathroom-tile-installation-cost;bathroom-remodel-cost-breakdown;bathroom-remodel-timeline;bathroom-remodel-financing-options;bathroom-remodel-return-on-investment;does-bathroom-renovation-increase-home-value;mobile-home-bathroom-remodel;budget-bathroom-remodel-ideas;how-long-does-a-small-bathroom-remodel-take
20,diy-bathroom-remodel-cost,DIY Bathroom Remodel Cost: Real Budget Breakdown,budget-planning,bathroom-remodel;diy;remodel-cost;budget,published,2026-06-02,"A clean, well-lit bathroom mid-renovation with tools on the floor and fresh",/images/posts/diy-bathroom-remodel-cost.webp,bathroom-tile-installation-cost;bathroom-vanity-installation-cost;bathroom-remodel-cost-estimate;small-bathroom-remodel-cost;bathroom-remodel-financing-options
21,hiring-a-deck-building-contractor-what-to-look-for,Hiring a Deck Building Contractor: Red Flags and Tips,outdoor-landscaping,deck-building;outdoor-projects;landscaping,published,2026-08-11,"A photorealistic photograph of a homeowner building a pressure-treated wood deck in a suburban backyard, attaching deck boards with a cordless drill, with a framing square, level, and stacks of lumber visible nearby. The scene is set in a well-lit suburban home. natural lighting, shot on a Canon EOS R5 with a 35mm lens, shallow depth of field, editorial photography style. No text overlays, no watermarks, no logos, no artificial lighting artifacts. The image looks like it was taken by a professional home renovation photographer for an editorial magazine feature.",/images/posts/hiring-a-deck-building-contractor-what-to-look-for.webp,how-to-build-a-diy-deck-on-a-budget;essential-tools-for-home-renovation
22,contractor-to-remodel-kitchen-what-to-know,Hiring a Remodel Kitchen Contractor: Red Flags and Tips,kitchen-bath-remodeling,kitchen;bathroom-remodel;kitchen-remodel,published,2026-08-15,"A photorealistic photograph of a kitchen mid-renovation with new cabinets partially installed, exposed plumbing visible, a miter saw on the floor, and natural light from a window over the sink area. The scene is set in a well-lit suburban home. natural lighting, shot on a Canon EOS R5 with a 35mm lens, shallow depth of field, editorial photography style. No text overlays, no watermarks, no logos, no artificial lighting artifacts. The image looks like it was taken by a professional home renovation photographer for an editorial magazine feature.",/images/posts/contractor-to-remodel-kitchen-what-to-know.webp,master-bathroom-remodel-cost;walk-in-shower-remodel-cost;small-bathroom-remodel-cost;when-to-call-a-plumber-vs-diy
23,24-hour-plumbing-repair-diy-or-call-a-pro,24 Hour Plumbing Repair: DIY or Call a Pro?,plumbing-electrical,home-repair;electrical;plumbing,published,2026-09-21,"A photorealistic photograph of a homeowner working under a kitchen sink with a wrench adjusting PVC drain fittings, a flashlight illuminating the work area, plumber's tape and pipe fittings spread on the cabinet floor. The scene is set in a well-lit suburban home. natural lighting, shot on a Canon EOS R5 with a 35mm lens, shallow depth of field, editorial photography style. No text overlays, no watermarks, no logos, no artificial lighting artifacts. The image looks like it was taken by a professional home renovation photographer for an editorial magazine feature.",/images/posts/24-hour-plumbing-repair-diy-or-call-a-pro.webp,water-heater-smells-like-gas-but-no-leak-honest-guide;is-it-normal-for-water-heater-to-leak-honest-guide;sewer-plumbing-repair-guide-what-to-know;plumbing-repair-diy-or-call-a-pro
24,1980s-home-renovation-honest-advice-for-your-home,1980s Home Renovation: Honest Advice for Your Home,kitchen-bath-remodeling,bathroom-remodel;kitchen-remodel;home-improvement,published,2026-11-05,"A photorealistic photograph of a homeowner measuring cabinet dimensions in a kitchen with a tape measure and notepad, new cabinet samples on the counter, morning light through a window above the sink. The scene is set in a well-lit suburban home. natural lighting, shot on a Canon EOS R5 with a 35mm lens, shallow depth of field, editorial photography style. No text overlays, no watermarks, no logos, no artificial lighting artifacts. The image looks like it was taken by a professional home renovation photographer for an editorial magazine feature.",/images/posts/1980s-home-renovation-honest-advice-for-your-home.webp,toilet-repair-and-installation-costs-and-tips;bathroom-renovation-specialists-a-diyers-honest-take
25,chain-link-fence-installation-costs-and-tips,Chain Link Fence Installation: Costs and Tips,outdoor-landscaping,fencing;installation;outdoor-projects;landscaping,draft,2026-07-08,"A photorealistic photograph of a cedar privacy fence being built in a suburban backyard, with a post hole digger next to a freshly set post, horizontal rails being nailed, and stacks of pickets leaning against the partially completed fence. The scene is set in a well-lit suburban home. natural lighting, shot on a Canon EOS R5 with a 35mm lens, shallow depth of field, editorial photography style. No text overlays, no watermarks, no logos, no artificial lighting artifacts. The image looks like it was taken by a professional home renovation photographer for an editorial magazine feature.",/images/posts/chain-link-fence-installation-costs-and-tips.webp,
26,ceramic-flooring-installation-cost-what-to-expect-in-2026,Ceramic Flooring Installation Cost: What to Expect in 2026,flooring-tile,installation;tile-installation;flooring;cost-guide,draft,2026-06-04,"A photorealistic photograph of a professional installing floor tiles in a spacious room with natural light, using a notched trowel to spread thinset, with tile spacers and a level tool visible. The scene is set in a well-lit suburban home. natural lighting, shot on a Canon EOS R5 with a 35mm lens, shallow depth of field, editorial photography style. No text overlays, no watermarks, no logos, no artificial lighting artifacts. The image looks like it was taken by a professional home renovation photographer for an editorial magazine feature.",/images/posts/ceramic-flooring-installation-cost-what-to-expect-in-2026.webp,bathroom-remodel-cost-estimate;walk-in-shower-remodel-cost;bathroom-remodel-return-on-investment
27,exterior-house-painting-pricing-guide-for-homeowners,Exterior House Painting Pricing Guide for Homeowners,painting-walls,wall-repair;cost-guide;painting,draft,2026-07-10,"A photorealistic photograph of the exterior of a two-story suburban home being painted with a painter on a ladder applying fresh white paint to wood siding, drop cloths protecting the foundation plantings, and a paint sprayer on the ground. The scene is set in a well-lit suburban home. natural lighting, shot on a Canon EOS R5 with a 35mm lens, shallow depth of field, editorial photography style. No text overlays, no watermarks, no logos, no artificial lighting artifacts. The image looks like it was taken by a professional home renovation photographer for an editorial magazine feature.",/images/posts/exterior-house-painting-pricing-guide-for-homeowners.webp,
28,hiring-a-basement-finishing-contractor-red-flags-and-tips,Hiring a Basement Finishing Contractor: Red Flags and Tips,basement-attic,attic-renovation;basement-finishing;basement,draft,2026-06-21,"A photorealistic photograph of a basement being finished with metal stud framing going up, fiberglass insulation batts between some studs, recessed lighting cans visible in the ceiling joists above, and a level leaning against the wall. The scene is set in a well-lit suburban home. natural lighting, shot on a Canon EOS R5 with a 35mm lens, shallow depth of field, editorial photography style. No text overlays, no watermarks, no logos, no artificial lighting artifacts. The image looks like it was taken by a professional home renovation photographer for an editorial magazine feature.",/images/posts/hiring-a-basement-finishing-contractor-red-flags-and-tips.webp,cost-to-finish-a-basement
29,install-vinyl-flooring-pricing-guide-for-homeowners,Install Vinyl Flooring Pricing Guide for Homeowners,flooring-tile,tile-installation;flooring;vinyl-flooring;installation;cost-guide,draft,2026-06-11,"A photorealistic photograph of luxury vinyl plank flooring being installed in a bright living room, with click-lock planks being joined together, a utility knife and straightedge nearby, and the transition between old and new flooring visible. The scene is set in a well-lit suburban home. natural lighting, shot on a Canon EOS R5 with a 35mm lens, shallow depth of field, editorial photography style. No text overlays, no watermarks, no logos, no artificial lighting artifacts. The image looks like it was taken by a professional home renovation photographer for an editorial magazine feature.",/images/posts/install-vinyl-flooring-pricing-guide-for-homeowners.webp,diy-bathroom-remodel-cost;bathroom-tile-installation-cost
30,hiring-a-kitchen-bathroom-remodel-contractor-red-flags-and-tips,Hiring a Kitchen Bathroom Remodel Contractor: Red Flags and Tips,kitchen-bath-remodeling,kitchen;bathroom-remodel;bathroom;kitchen-remodel,draft,2026-08-22,"A photorealistic photograph of a bathroom mid-renovation with partially installed white subway tile, new fixtures still in packaging nearby, blue painter's tape on the edges, and a level tool resting on the vanity. The scene is set in a well-lit suburban home. natural lighting, shot on a Canon EOS R5 with a 35mm lens, shallow depth of field, editorial photography style. No text overlays, no watermarks, no logos, no artificial lighting artifacts. The image looks like it was taken by a professional home renovation photographer for an editorial magazine feature.",/images/posts/hiring-a-kitchen-bathroom-remodel-contractor-red-flags-and-tips.webp,small-bathroom-remodel-cost
31,custom-made-windows-and-doors-honest-advice-for-your-home,Custom Made Windows and Doors: Honest Advice for Your Home,budget-planning,home-improvement-cost;doors;windows;budget-renovation,draft,2026-08-17,"A photorealistic photograph of a replacement window being installed in a residential home, with the old window removed showing the rough opening, foam insulation being sprayed around the frame, and the new vinyl double-hung window ready to be set. The scene is set in a well-lit suburban home. natural lighting, shot on a Canon EOS R5 with a 35mm lens, shallow depth of field, editorial photography style. No text overlays, no watermarks, no logos, no artificial lighting artifacts. The image looks like it was taken by a professional home renovation photographer for an editorial magazine feature.",/images/posts/custom-made-windows-and-doors-honest-advice-for-your-home.webp,bathroom-remodel-timeline;bathroom-remodel-return-on-investment
32,low-flooring-installation-pricing-guide-for-homeowners,Low Flooring Installation Pricing Guide for Homeowners,flooring-tile,installation;tile-installation;flooring;cost-guide,draft,2026-06-04,"A photorealistic photograph of a professional installing floor tiles in a spacious room with natural light, using a notched trowel to spread thinset, with tile spacers and a level tool visible. The scene is set in a well-lit suburban home. natural lighting, shot on a Canon EOS R5 with a 35mm lens, shallow depth of field, editorial photography style. No text overlays, no watermarks, no logos, no artificial lighting artifacts. The image looks like it was taken by a professional home renovation photographer for an editorial magazine feature.",/images/posts/low-flooring-installation-pricing-guide-for-homeowners.webp,small-bathroom-remodel-cost;bathroom-remodel-cost-estimate
33,plumbing-toilet-repair-diy-or-call-a-pro,Plumbing Toilet Repair: DIY or Call a Pro?,kitchen-bath-remodeling,plumbing;bathroom-remodel;kitchen-remodel;home-repair,draft,2026-06-15,"A photorealistic photograph of a homeowner working under a kitchen sink with a wrench adjusting PVC drain fittings, a flashlight illuminating the work area, plumber's tape and pipe fittings spread on the cabinet floor. The scene is set in a well-lit suburban home. natural lighting, shot on a Canon EOS R5 with a 35mm lens, shallow depth of field, editorial photography style. No text overlays, no watermarks, no logos, no artificial lighting artifacts. The image looks like it was taken by a professional home renovation photographer for an editorial magazine feature.",/images/posts/plumbing-toilet-repair-diy-or-call-a-pro.webp,budget-bathroom-remodel-ideas;walk-in-shower-remodel-cost;bathroom-vanity-installation-cost;master-bathroom-remodel-cost
34,bad-flooring-installation-costs-and-tips,Bad Flooring Installation: Costs and Tips,flooring-tile,installation;tile-installation;flooring,draft,2026-06-05,"A photorealistic photograph of a professional installing floor tiles in a spacious room with natural light, using a notched trowel to spread thinset, with tile spacers and a level tool visible. The scene is set in a well-lit suburban home. natural lighting, shot on a Canon EOS R5 with a 35mm lens, shallow depth of field, editorial photography style. No text overlays, no watermarks, no logos, no artificial lighting artifacts. The image looks like it was taken by a professional home renovation photographer for an editorial magazine feature.",/images/posts/bad-flooring-installation-costs-and-tips.webp,bathroom-remodel-cost-estimate;diy-bathroom-remodel-cost
35,carpet-flooring-installation-pricing-guide-for-homeowners,Carpet Flooring Installation Pricing Guide for Homeowners,flooring-tile,installation;tile-installation;flooring;cost-guide,draft,2026-06-03,"A photorealistic photograph of a room with new carpet being stretched using a carpet stretcher and knee kicker, with the carpet padding visible at the edges and tack strips along the wall. The scene is set in a well-lit suburban home. natural lighting, shot on a Canon EOS R5 with a 35mm lens, shallow depth of field, editorial photography style. No text overlays, no watermarks, no logos, no artificial lighting artifacts. The image looks like it was taken by a professional home renovation photographer for an editorial magazine feature.",/images/posts/carpet-flooring-installation-pricing-guide-for-homeowners.webp,cost-to-finish-a-basement;bathroom-remodel-cost-estimate;small-bathroom-remodel-cost
36,concrete-foundation-installation-guide-diy-or-hire-out,Concrete Foundation Installation Guide: DIY or Hire Out?,basement-attic,attic-renovation;installation;basement-finishing,draft,2026-09-11,"A photorealistic photograph of a concrete surface being refinished with a worker using a concrete grinder on a patio slab, dust collection hose attached, and freshly ground smooth sections contrasting with the rough original. The scene is set in a well-lit suburban home. natural lighting, shot on a Canon EOS R5 with a 35mm lens, shallow depth of field, editorial photography style. No text overlays, no watermarks, no logos, no artificial lighting artifacts. The image looks like it was taken by a professional home renovation photographer for an editorial magazine feature.",/images/posts/concrete-foundation-installation-guide-diy-or-hire-out.webp,
37,window-company-replacement-full-planning-guide,Window Company Replacement: Full Planning Guide,outdoor-landscaping,windows;outdoor-projects;landscaping,draft,2026-06-25,"A photorealistic photograph of a replacement window being installed in a residential home, with the old window removed showing the rough opening, foam insulation being sprayed around the frame, and the new vinyl double-hung window ready to be set. The scene is set in a well-lit suburban home. natural lighting, shot on a Canon EOS R5 with a 35mm lens, shallow depth of field, editorial photography style. No text overlays, no watermarks, no logos, no artificial lighting artifacts. The image looks like it was taken by a professional home renovation photographer for an editorial magazine feature.",/images/posts/window-company-replacement-full-planning-guide.webp,cost-to-finish-a-basement;hiring-a-basement-finishing-contractor-red-flags-and-tips
38,home-additions-and-renovations-what-homeowners-should-know,Home Additions and Renovations: What Homeowners Should Know,kitchen-bath-remodeling,bathroom-remodel;kitchen-remodel;home-improvement,draft,2026-08-23,"A photorealistic photograph of a bright kitchen mid-renovation showing progress with new shaker cabinets on one wall and bare studs on the other, a level and drill on the counter, blue painter's tape along trim. The scene is set in a well-lit suburban home. natural lighting, shot on a Canon EOS R5 with a 35mm lens, shallow depth of field, editorial photography style. No text overlays, no watermarks, no logos, no artificial lighting artifacts. The image looks like it was taken by a professional home renovation photographer for an editorial magazine feature.",/images/posts/home-additions-and-renovations-what-homeowners-should-know.webp,contractor-to-remodel-kitchen-what-to-know;hiring-a-kitchen-bathroom-remodel-contractor-red-flags-and-tips
39,laminate-flooring-installation-cost-breakdown-real-numbers,Laminate Flooring Installation Cost Breakdown: Real Numbers,flooring-tile,laminate-flooring;tile-installation;flooring;installation;cost-guide,draft,2026-06-07,"A photorealistic photograph of luxury vinyl plank flooring being installed in a bright living room, with click-lock planks being joined together, a utility knife and straightedge nearby, and the transition between old and new flooring visible. The scene is set in a well-lit suburban home. natural lighting, shot on a Canon EOS R5 with a 35mm lens, shallow depth of field, editorial photography style. No text overlays, no watermarks, no logos, no artificial lighting artifacts. The image looks like it was taken by a professional home renovation photographer for an editorial magazine feature.",/images/posts/laminate-flooring-installation-cost-breakdown-real-numbers.webp,ceramic-flooring-installation-cost-what-to-expect-in-2026;low-flooring-installation-pricing-guide-for-homeowners
40,the-real-deal-on-finishing-basement,The Real Deal on Finishing Basement,basement-attic,attic-renovation;basement-finishing;basement,draft,2026-06-22,"A photorealistic photograph of a basement being finished with metal stud framing going up, fiberglass insulation batts between some studs, recessed lighting cans visible in the ceiling joists above, and a level leaning against the wall. The scene is set in a well-lit suburban home. natural lighting, shot on a Canon EOS R5 with a 35mm lens, shallow depth of field, editorial photography style. No text overlays, no watermarks, no logos, no artificial lighting artifacts. The image looks like it was taken by a professional home renovation photographer for an editorial magazine feature.",/images/posts/the-real-deal-on-finishing-basement.webp,cost-to-finish-a-basement;hiring-a-basement-finishing-contractor-red-flags-and-tips
41,floating-flooring-installation-cost-what-to-expect-in-2026,Floating Flooring Installation Cost: What to Expect in 2026,flooring-tile,installation;tile-installation;flooring;cost-guide,draft,2026-06-05,"A photorealistic photograph of a professional installing floor tiles in a spacious room with natural light, using a notched trowel to spread thinset, with tile spacers and a level tool visible. The scene is set in a well-lit suburban home. natural lighting, shot on a Canon EOS R5 with a 35mm lens, shallow depth of field, editorial photography style. No text overlays, no watermarks, no logos, no artificial lighting artifacts. The image looks like it was taken by a professional home renovation photographer for an editorial magazine feature.",/images/posts/floating-flooring-installation-cost-what-to-expect-in-2026.webp,carpet-flooring-installation-pricing-guide-for-homeowners;bathroom-tile-installation-cost;ceramic-flooring-installation-cost-what-to-expect-in-2026;low-flooring-installation-pricing-guide-for-homeowners
42,moisture-damage-laminate-flooring-what-homeowners-should-know,Moisture Damage Laminate Flooring: What Homeowners Should Know,flooring-tile,laminate-flooring;tile-installation;flooring,draft,2026-09-18,"A photorealistic photograph of luxury vinyl plank flooring being installed in a bright living room, with click-lock planks being joined together, a utility knife and straightedge nearby, and the transition between old and new flooring visible. The scene is set in a well-lit suburban home. natural lighting, shot on a Canon EOS R5 with a 35mm lens, shallow depth of field, editorial photography style. No text overlays, no watermarks, no logos, no artificial lighting artifacts. The image looks like it was taken by a professional home renovation photographer for an editorial magazine feature.",/images/posts/moisture-damage-laminate-flooring-what-homeowners-should-know.webp,install-vinyl-flooring-pricing-guide-for-homeowners
43,vinyl-flooring-removal-pricing-guide-for-homeowners,Vinyl Flooring Removal Pricing Guide for Homeowners,flooring-tile,cost-guide;tile-installation;flooring;vinyl-flooring,draft,2026-09-19,"A photorealistic photograph of luxury vinyl plank flooring being installed in a bright living room, with click-lock planks being joined together, a utility knife and straightedge nearby, and the transition between old and new flooring visible. The scene is set in a well-lit suburban home. natural lighting, shot on a Canon EOS R5 with a 35mm lens, shallow depth of field, editorial photography style. No text overlays, no watermarks, no logos, no artificial lighting artifacts. The image looks like it was taken by a professional home renovation photographer for an editorial magazine feature.",/images/posts/vinyl-flooring-removal-pricing-guide-for-homeowners.webp,install-vinyl-flooring-pricing-guide-for-homeowners
44,hiring-a-whole-house-remodel-contractor-red-flags-and-tips,Hiring a Whole House Remodel Contractor: Red Flags and Tips,kitchen-bath-remodeling,bathroom-remodel;kitchen-remodel;home-improvement,draft,2026-08-13,"A photorealistic photograph of bathroom fixtures laid out on a clean countertop including a brushed nickel faucet, handles, a towel bar, and mounting hardware, with installation instructions visible. The scene is set in a well-lit suburban home. natural lighting, shot on a Canon EOS R5 with a 35mm lens, shallow depth of field, editorial photography style. No text overlays, no watermarks, no logos, no artificial lighting artifacts. The image looks like it was taken by a professional home renovation photographer for an editorial magazine feature.",/images/posts/hiring-a-whole-house-remodel-contractor-red-flags-and-tips.webp,bathroom-vanity-installation-cost;master-bathroom-remodel-cost;walk-in-shower-remodel-cost;small-bathroom-remodel-cost;plumbing-toilet-repair-diy-or-call-a-pro
45,installing-replacement-window-companies-what-to-know-first,Installing Replacement Window Companies: What to Know First,outdoor-landscaping,installation;windows;outdoor-projects;landscaping,draft,2026-06-26,"A photorealistic photograph of a replacement window being installed in a residential home, with the old window removed showing the rough opening, foam insulation being sprayed around the frame, and the new vinyl double-hung window ready to be set. The scene is set in a well-lit suburban home. natural lighting, shot on a Canon EOS R5 with a 35mm lens, shallow depth of field, editorial photography style. No text overlays, no watermarks, no logos, no artificial lighting artifacts. The image looks like it was taken by a professional home renovation photographer for an editorial magazine feature.",/images/posts/installing-replacement-window-companies-what-to-know-first.webp,cost-to-finish-a-basement;hiring-a-basement-finishing-contractor-red-flags-and-tips
46,quartz-countertop-installation-pricing-guide-for-homeowners,Quartz Countertop Installation Pricing Guide for Homeowners,kitchen-bath-remodeling,countertops;bathroom-remodel;kitchen-remodel;installation;cost-guide,draft,2026-09-01,"A photorealistic photograph of a bright kitchen mid-renovation showing progress with new shaker cabinets on one wall and bare studs on the other, a level and drill on the counter, blue painter's tape along trim. The scene is set in a well-lit suburban home. natural lighting, shot on a Canon EOS R5 with a 35mm lens, shallow depth of field, editorial photography style. No text overlays, no watermarks, no logos, no artificial lighting artifacts. The image looks like it was taken by a professional home renovation photographer for an editorial magazine feature.",/images/posts/quartz-countertop-installation-pricing-guide-for-homeowners.webp,home-additions-and-renovations-what-homeowners-should-know
47,blown-in-insulation-per-square-foot-cost-what-to-expect-in-2026,Blown-in Insulation Per Square Foot Cost: What to Expect in 2026,basement-attic,attic-renovation;insulation;basement-finishing;cost-guide,draft,2026-07-31,"A photorealistic photograph of an attic being insulated with blown-in cellulose insulation being applied between ceiling joists using a hose, the worker wearing a respirator and safety goggles, with kraft-faced batts visible on the walls. The scene is set in a well-lit suburban home. natural lighting, shot on a Canon EOS R5 with a 35mm lens, shallow depth of field, editorial photography style. No text overlays, no watermarks, no logos, no artificial lighting artifacts. The image looks like it was taken by a professional home renovation photographer for an editorial magazine feature.",/images/posts/blown-in-insulation-per-square-foot-cost-what-to-expect-in-2026.webp,the-real-deal-on-finishing-basement;cost-to-finish-a-basement
48,flooded-basement-restoration-honest-advice-for-your-home,Flooded Basement Restoration: Honest Advice for Your Home,basement-attic,attic-renovation;basement-finishing;basement,draft,2026-06-23,"A photorealistic photograph of a bright, freshly finished basement living space with luxury vinyl plank flooring, recessed lighting, light gray walls, and a mini kitchenette in the background. The scene is set in a well-lit suburban home. natural lighting, shot on a Canon EOS R5 with a 35mm lens, shallow depth of field, editorial photography style. No text overlays, no watermarks, no logos, no artificial lighting artifacts. The image looks like it was taken by a professional home renovation photographer for an editorial magazine feature.",/images/posts/flooded-basement-restoration-honest-advice-for-your-home.webp,cost-to-finish-a-basement;hiring-a-basement-finishing-contractor-red-flags-and-tips;the-real-deal-on-finishing-basement
49,lvp-flooring-installation-pricing-guide-for-homeowners,Lvp Flooring Installation Pricing Guide for Homeowners,flooring-tile,installation;tile-installation;flooring;cost-guide,draft,2026-06-09,"A photorealistic photograph of luxury vinyl plank flooring being installed in a bright living room, with click-lock planks being joined together, a utility knife and straightedge nearby, and the transition between old and new flooring visible. The scene is set in a well-lit suburban home. natural lighting, shot on a Canon EOS R5 with a 35mm lens, shallow depth of field, editorial photography style. No text overlays, no watermarks, no logos, no artificial lighting artifacts. The image looks like it was taken by a professional home renovation photographer for an editorial magazine feature.",/images/posts/lvp-flooring-installation-pricing-guide-for-homeowners.webp,ceramic-flooring-installation-cost-what-to-expect-in-2026;floating-flooring-installation-cost-what-to-expect-in-2026;bad-flooring-installation-costs-and-tips
50,insulation-installation-cost-what-to-expect-in-2026,Insulation Installation Cost: What to Expect in 2026,basement-attic,attic-renovation;basement-finishing;insulation;installation;cost-guide,draft,2026-07-30,"A photorealistic photograph of an attic being insulated with blown-in cellulose insulation being applied between ceiling joists using a hose, the worker wearing a respirator and safety goggles, with kraft-faced batts visible on the walls. The scene is set in a well-lit suburban home. natural lighting, shot on a Canon EOS R5 with a 35mm lens, shallow depth of field, editorial photography style. No text overlays, no watermarks, no logos, no artificial lighting artifacts. The image looks like it was taken by a professional home renovation photographer for an editorial magazine feature.",/images/posts/insulation-installation-cost-what-to-expect-in-2026.webp,the-real-deal-on-finishing-basement;cost-to-finish-a-basement
51,fireplace-tile-installation-costs-and-tips,Fireplace Tile Installation: Costs and Tips,flooring-tile,installation;tile-installation;flooring;tile,draft,2026-08-04,"A photorealistic photograph of a professional installing floor tiles in a spacious room with natural light, using a notched trowel to spread thinset, with tile spacers and a level tool visible. The scene is set in a well-lit suburban home. natural lighting, shot on a Canon EOS R5 with a 35mm lens, shallow depth of field, editorial photography style. No text overlays, no watermarks, no logos, no artificial lighting artifacts. The image looks like it was taken by a professional home renovation photographer for an editorial magazine feature.",/images/posts/fireplace-tile-installation-costs-and-tips.webp,laminate-flooring-installation-cost-breakdown-real-numbers
52,window-deltona-replacement-full-planning-guide,Window Deltona Replacement: Full Planning Guide,outdoor-landscaping,windows;outdoor-projects;landscaping,draft,2026-06-27,"A photorealistic photograph of a replacement window being installed in a residential home, with the old window removed showing the rough opening, foam insulation being sprayed around the frame, and the new vinyl double-hung window ready to be set. The scene is set in a well-lit suburban home. natural lighting, shot on a Canon EOS R5 with a 35mm lens, shallow depth of field, editorial photography style. No text overlays, no watermarks, no logos, no artificial lighting artifacts. The image looks like it was taken by a professional home renovation photographer for an editorial magazine feature.",/images/posts/window-deltona-replacement-full-planning-guide.webp,window-company-replacement-full-planning-guide
53,laminate-flooring-replacement-cost-breakdown-real-numbers,Laminate Flooring Replacement Cost Breakdown: Real Numbers,flooring-tile,laminate-flooring;tile-installation;flooring;cost-guide,draft,2026-09-19,"A photorealistic photograph of luxury vinyl plank flooring being installed in a bright living room, with click-lock planks being joined together, a utility knife and straightedge nearby, and the transition between old and new flooring visible. The scene is set in a well-lit suburban home. natural lighting, shot on a Canon EOS R5 with a 35mm lens, shallow depth of field, editorial photography style. No text overlays, no watermarks, no logos, no artificial lighting artifacts. The image looks like it was taken by a professional home renovation photographer for an editorial magazine feature.",/images/posts/laminate-flooring-replacement-cost-breakdown-real-numbers.webp,vinyl-flooring-removal-pricing-guide-for-homeowners;moisture-damage-laminate-flooring-what-homeowners-should-know;install-vinyl-flooring-pricing-guide-for-homeowners
54,wood-flooring-marietta-a-diyers-honest-take,Wood Flooring Marietta: A DIYer's Honest Take,flooring-tile,tile-installation;flooring;home-improvement,draft,2026-08-05,"A photorealistic photograph of a professional installing floor tiles in a spacious room with natural light, using a notched trowel to spread thinset, with tile spacers and a level tool visible. The scene is set in a well-lit suburban home. natural lighting, shot on a Canon EOS R5 with a 35mm lens, shallow depth of field, editorial photography style. No text overlays, no watermarks, no logos, no artificial lighting artifacts. The image looks like it was taken by a professional home renovation photographer for an editorial magazine feature.",/images/posts/wood-flooring-marietta-a-diyers-honest-take.webp,laminate-flooring-installation-cost-breakdown-real-numbers
55,replace-granite-countertop-cost-what-to-expect-in-2026,Replace Granite Countertop Cost: What to Expect in 2026,kitchen-bath-remodeling,bathroom-remodel;countertops;kitchen-remodel;cost-guide,draft,2026-08-30,"A photorealistic photograph of bathroom fixtures laid out on a clean countertop including a brushed nickel faucet, handles, a towel bar, and mounting hardware, with installation instructions visible. The scene is set in a well-lit suburban home. natural lighting, shot on a Canon EOS R5 with a 35mm lens, shallow depth of field, editorial photography style. No text overlays, no watermarks, no logos, no artificial lighting artifacts. The image looks like it was taken by a professional home renovation photographer for an editorial magazine feature.",/images/posts/replace-granite-countertop-cost-what-to-expect-in-2026.webp,home-additions-and-renovations-what-homeowners-should-know
56,vermont-window-replacement-full-planning-guide,Vermont Window Replacement: Full Planning Guide,outdoor-landscaping,windows;outdoor-projects;landscaping,draft,2026-06-27,"A photorealistic photograph of a replacement window being installed in a residential home, with the old window removed showing the rough opening, foam insulation being sprayed around the frame, and the new vinyl double-hung window ready to be set. The scene is set in a well-lit suburban home. natural lighting, shot on a Canon EOS R5 with a 35mm lens, shallow depth of field, editorial photography style. No text overlays, no watermarks, no logos, no artificial lighting artifacts. The image looks like it was taken by a professional home renovation photographer for an editorial magazine feature.",/images/posts/vermont-window-replacement-full-planning-guide.webp,window-company-replacement-full-planning-guide
57,hardwood-flooring-repair-cost-breakdown-real-numbers,Hardwood Flooring Repair Cost Breakdown: Real Numbers,flooring-tile,tile-installation;home-repair;flooring;hardwood-floors;cost-guide,draft,2026-06-12,"A photorealistic photograph of a homeowner installing hardwood flooring kneeling on a subfloor, fitting tongue-and-groove oak planks with a rubber mallet, with boxes of uninstalled planks stacked nearby and a tape measure on the floor. The scene is set in a well-lit suburban home. natural lighting, shot on a Canon EOS R5 with a 35mm lens, shallow depth of field, editorial photography style. No text overlays, no watermarks, no logos, no artificial lighting artifacts. The image looks like it was taken by a professional home renovation photographer for an editorial magazine feature.",/images/posts/hardwood-flooring-repair-cost-breakdown-real-numbers.webp,flooded-basement-restoration-honest-advice-for-your-home;lvp-flooring-installation-pricing-guide-for-homeowners;install-vinyl-flooring-pricing-guide-for-homeowners
58,80s-kitchen-remodel-honest-advice-for-your-home,80s Kitchen Remodel: Honest Advice for Your Home,kitchen-bath-remodeling,kitchen;bathroom-remodel;kitchen-remodel,draft,2026-09-07,"A photorealistic photograph of a kitchen mid-renovation with new cabinets partially installed, exposed plumbing visible, a miter saw on the floor, and natural light from a window over the sink area. The scene is set in a well-lit suburban home. natural lighting, shot on a Canon EOS R5 with a 35mm lens, shallow depth of field, editorial photography style. No text overlays, no watermarks, no logos, no artificial lighting artifacts. The image looks like it was taken by a professional home renovation photographer for an editorial magazine feature.",/images/posts/80s-kitchen-remodel-honest-advice-for-your-home.webp,quartz-countertop-installation-pricing-guide-for-homeowners
59,attic-insulation-removal-pricing-guide-for-homeowners,Attic Insulation Removal Pricing Guide for Homeowners,basement-attic,attic-renovation;basement-finishing;insulation;attic;cost-guide,draft,2026-10-25,"A photorealistic photograph of an attic being insulated with blown-in cellulose insulation being applied between ceiling joists using a hose, the worker wearing a respirator and safety goggles, with kraft-faced batts visible on the walls. The scene is set in a well-lit suburban home. natural lighting, shot on a Canon EOS R5 with a 35mm lens, shallow depth of field, editorial photography style. No text overlays, no watermarks, no logos, no artificial lighting artifacts. The image looks like it was taken by a professional home renovation photographer for an editorial magazine feature.",/images/posts/attic-insulation-removal-pricing-guide-for-homeowners.webp,insulation-installation-cost-what-to-expect-in-2026
60,underpinning-foundation-repairs-a-homeowners-guide,Underpinning Foundation Repairs: A Homeowner's Guide,basement-attic,attic-renovation;basement-finishing;home-repair,draft,2026-09-10,"A photorealistic photograph of a partially finished basement showing different construction stages with framing complete on one wall, insulation installed on another, and bare concrete on the third, recessed light cans in the ceiling. The scene is set in a well-lit suburban home. natural lighting, shot on a Canon EOS R5 with a 35mm lens, shallow depth of field, editorial photography style. No text overlays, no watermarks, no logos, no artificial lighting artifacts. The image looks like it was taken by a professional home renovation photographer for an editorial magazine feature.",/images/posts/underpinning-foundation-repairs-a-homeowners-guide.webp,blown-in-insulation-per-square-foot-cost-what-to-expect-in-2026
61,install-hardwood-flooring-cost-what-to-expect-in-2026,Install Hardwood Flooring Cost: What to Expect in 2026,flooring-tile,tile-installation;flooring;installation;hardwood-floors;cost-guide,draft,2026-06-11,"A photorealistic photograph of a homeowner installing hardwood flooring kneeling on a subfloor, fitting tongue-and-groove oak planks with a rubber mallet, with boxes of uninstalled planks stacked nearby and a tape measure on the floor. The scene is set in a well-lit suburban home. natural lighting, shot on a Canon EOS R5 with a 35mm lens, shallow depth of field, editorial photography style. No text overlays, no watermarks, no logos, no artificial lighting artifacts. The image looks like it was taken by a professional home renovation photographer for an editorial magazine feature.",/images/posts/install-hardwood-flooring-cost-what-to-expect-in-2026.webp,lvp-flooring-installation-pricing-guide-for-homeowners;install-vinyl-flooring-pricing-guide-for-homeowners;ceramic-flooring-installation-cost-what-to-expect-in-2026
62,concrete-pier-foundation-cost-breakdown-real-numbers,Concrete Pier Foundation Cost Breakdown: Real Numbers,basement-attic,attic-renovation;basement-finishing;cost-guide,draft,2026-09-12,"A photorealistic photograph of a concrete surface being refinished with a worker using a concrete grinder on a patio slab, dust collection hose attached, and freshly ground smooth sections contrasting with the rough original. The scene is set in a well-lit suburban home. natural lighting, shot on a Canon EOS R5 with a 35mm lens, shallow depth of field, editorial photography style. No text overlays, no watermarks, no logos, no artificial lighting artifacts. The image looks like it was taken by a professional home renovation photographer for an editorial magazine feature.",/images/posts/concrete-pier-foundation-cost-breakdown-real-numbers.webp,blown-in-insulation-per-square-foot-cost-what-to-expect-in-2026
63,simple-basement-finishing-a-diyers-honest-take,Simple Basement Finishing: A DIYer's Honest Take,basement-attic,attic-renovation;basement-finishing;basement,draft,2026-09-27,"A photorealistic photograph of a basement being finished with metal stud framing going up, fiberglass insulation batts between some studs, recessed lighting cans visible in the ceiling joists above, and a level leaning against the wall. The scene is set in a well-lit suburban home. natural lighting, shot on a Canon EOS R5 with a 35mm lens, shallow depth of field, editorial photography style. No text overlays, no watermarks, no logos, no artificial lighting artifacts. The image looks like it was taken by a professional home renovation photographer for an editorial magazine feature.",/images/posts/simple-basement-finishing-a-diyers-honest-take.webp,flooded-basement-restoration-honest-advice-for-your-home;cost-to-finish-a-basement;hiring-a-basement-finishing-contractor-red-flags-and-tips
64,frost-fence-installation-costs-and-tips,Frost Fence Installation: Costs and Tips,outdoor-landscaping,fencing;installation;outdoor-projects;landscaping,draft,2026-07-07,"A photorealistic photograph of a cedar privacy fence being built in a suburban backyard, with a post hole digger next to a freshly set post, horizontal rails being nailed, and stacks of pickets leaning against the partially completed fence. The scene is set in a well-lit suburban home. natural lighting, shot on a Canon EOS R5 with a 35mm lens, shallow depth of field, editorial photography style. No text overlays, no watermarks, no logos, no artificial lighting artifacts. The image looks like it was taken by a professional home renovation photographer for an editorial magazine feature.",/images/posts/frost-fence-installation-costs-and-tips.webp,how-to-build-a-diy-deck-on-a-budget;window-deltona-replacement-full-planning-guide
65,cabinet-painting-pricing-guide-for-homeowners,Cabinet Painting Pricing Guide for Homeowners,kitchen-bath-remodeling,cabinets;painting;bathroom-remodel;kitchen-remodel;cost-guide,draft,2026-09-13,"A photorealistic photograph of kitchen cabinet doors being painted laid flat on sawhorses in a garage, with a HVLP sprayer applying smooth white paint, some doors drying on a rack in the background. The scene is set in a well-lit suburban home. natural lighting, shot on a Canon EOS R5 with a 35mm lens, shallow depth of field, editorial photography style. No text overlays, no watermarks, no logos, no artificial lighting artifacts. The image looks like it was taken by a professional home renovation photographer for an editorial magazine feature.",/images/posts/cabinet-painting-pricing-guide-for-homeowners.webp,80s-kitchen-remodel-honest-advice-for-your-home
66,attic-insulation-cost-what-to-expect-in-2026,Attic Insulation Cost: What to Expect in 2026,basement-attic,attic-renovation;basement-finishing;insulation;attic;cost-guide,draft,2026-11-18,"A photorealistic photograph of an attic being insulated with blown-in cellulose insulation being applied between ceiling joists using a hose, the worker wearing a respirator and safety goggles, with kraft-faced batts visible on the walls. The scene is set in a well-lit suburban home. natural lighting, shot on a Canon EOS R5 with a 35mm lens, shallow depth of field, editorial photography style. No text overlays, no watermarks, no logos, no artificial lighting artifacts. The image looks like it was taken by a professional home renovation photographer for an editorial magazine feature.",/images/posts/attic-insulation-cost-what-to-expect-in-2026.webp,attic-insulation-removal-pricing-guide-for-homeowners;blown-in-insulation-per-square-foot-cost-what-to-expect-in-2026
67,roof-tile-inspection-honest-advice-for-your-home,Roof Tile Inspection: Honest Advice for Your Home,flooring-tile,tile-installation;flooring;roofing;tile,draft,2026-07-28,"A photorealistic photograph of a professional installing floor tiles in a spacious room with natural light, using a notched trowel to spread thinset, with tile spacers and a level tool visible. The scene is set in a well-lit suburban home. natural lighting, shot on a Canon EOS R5 with a 35mm lens, shallow depth of field, editorial photography style. No text overlays, no watermarks, no logos, no artificial lighting artifacts. The image looks like it was taken by a professional home renovation photographer for an editorial magazine feature.",/images/posts/roof-tile-inspection-honest-advice-for-your-home.webp,hardwood-flooring-repair-cost-breakdown-real-numbers;laminate-flooring-installation-cost-breakdown-real-numbers
68,slate-tile-installation-costs-and-tips,Slate Tile Installation: Costs and Tips,flooring-tile,installation;tile-installation;flooring;tile,draft,2026-08-07,"A photorealistic photograph of a professional installing floor tiles in a spacious room with natural light, using a notched trowel to spread thinset, with tile spacers and a level tool visible. The scene is set in a well-lit suburban home. natural lighting, shot on a Canon EOS R5 with a 35mm lens, shallow depth of field, editorial photography style. No text overlays, no watermarks, no logos, no artificial lighting artifacts. The image looks like it was taken by a professional home renovation photographer for an editorial magazine feature.",/images/posts/slate-tile-installation-costs-and-tips.webp,fireplace-tile-installation-costs-and-tips;hardwood-flooring-repair-cost-breakdown-real-numbers
69,cracked-roof-tile-a-practical-guide,Cracked Roof Tile: A Practical Guide,flooring-tile,tile-installation;flooring;roofing;tile,draft,2026-07-28,"A photorealistic photograph of a professional installing floor tiles in a spacious room with natural light, using a notched trowel to spread thinset, with tile spacers and a level tool visible. The scene is set in a well-lit suburban home. natural lighting, shot on a Canon EOS R5 with a 35mm lens, shallow depth of field, editorial photography style. No text overlays, no watermarks, no logos, no artificial lighting artifacts. The image looks like it was taken by a professional home renovation photographer for an editorial magazine feature.",/images/posts/cracked-roof-tile-a-practical-guide.webp,hardwood-flooring-repair-cost-breakdown-real-numbers;laminate-flooring-installation-cost-breakdown-real-numbers;install-hardwood-flooring-cost-what-to-expect-in-2026
70,how-much-does-dig-out-crawl-space-really-cost,How Much Does Dig Out Crawl Space Really Cost?,basement-attic,attic-renovation;basement-finishing;cost-guide,draft,2026-09-11,"A photorealistic photograph of a crawl space being encapsulated with thick white vapor barrier being installed over the dirt floor and up the foundation walls, a dehumidifier in place, and sealed vent covers visible. The scene is set in a well-lit suburban home. natural lighting, shot on a Canon EOS R5 with a 35mm lens, shallow depth of field, editorial photography style. No text overlays, no watermarks, no logos, no artificial lighting artifacts. The image looks like it was taken by a professional home renovation photographer for an editorial magazine feature.",/images/posts/how-much-does-dig-out-crawl-space-really-cost.webp,attic-insulation-cost-what-to-expect-in-2026;blown-in-insulation-per-square-foot-cost-what-to-expect-in-2026
71,tile-flooring-removal-cost-breakdown-real-numbers,Tile Flooring Removal Cost Breakdown: Real Numbers,flooring-tile,tile-installation;flooring;tile;cost-guide,draft,2026-08-06,"A photorealistic photograph of a professional installing floor tiles in a spacious room with natural light, using a notched trowel to spread thinset, with tile spacers and a level tool visible. The scene is set in a well-lit suburban home. natural lighting, shot on a Canon EOS R5 with a 35mm lens, shallow depth of field, editorial photography style. No text overlays, no watermarks, no logos, no artificial lighting artifacts. The image looks like it was taken by a professional home renovation photographer for an editorial magazine feature.",/images/posts/tile-flooring-removal-cost-breakdown-real-numbers.webp,ceramic-flooring-installation-cost-what-to-expect-in-2026;laminate-flooring-installation-cost-breakdown-real-numbers;roof-tile-inspection-honest-advice-for-your-home
72,westside-kitchen-and-bath-what-homeowners-should-know,Westside Kitchen and Bath: What Homeowners Should Know,kitchen-bath-remodeling,kitchen;bathroom-remodel;kitchen-remodel,draft,2026-08-21,"A photorealistic photograph of a kitchen mid-renovation with new cabinets partially installed, exposed plumbing visible, a miter saw on the floor, and natural light from a window over the sink area. The scene is set in a well-lit suburban home. natural lighting, shot on a Canon EOS R5 with a 35mm lens, shallow depth of field, editorial photography style. No text overlays, no watermarks, no logos, no artificial lighting artifacts. The image looks like it was taken by a professional home renovation photographer for an editorial magazine feature.",/images/posts/westside-kitchen-and-bath-what-homeowners-should-know.webp,cabinet-painting-pricing-guide-for-homeowners;small-bathroom-remodel-cost;hiring-a-whole-house-remodel-contractor-red-flags-and-tips;master-bathroom-remodel-cost
73,mold-damage-repairs-a-homeowners-guide,Mold Damage Repairs: A Homeowner's Guide,basement-attic,attic-renovation;basement-finishing;home-repair,draft,2026-09-15,"A photorealistic photograph of mold being treated in a home with a section of drywall removed revealing mold on the studs, a HEPA air scrubber running, and the worker wearing protective equipment including an N95 respirator. The scene is set in a well-lit suburban home. natural lighting, shot on a Canon EOS R5 with a 35mm lens, shallow depth of field, editorial photography style. No text overlays, no watermarks, no logos, no artificial lighting artifacts. The image looks like it was taken by a professional home renovation photographer for an editorial magazine feature.",/images/posts/mold-damage-repairs-a-homeowners-guide.webp,underpinning-foundation-repairs-a-homeowners-guide;how-much-does-dig-out-crawl-space-really-cost;attic-insulation-cost-what-to-expect-in-2026
74,flooring-tiles-installation-cost-breakdown-real-numbers,Flooring Tiles Installation Cost Breakdown: Real Numbers,flooring-tile,tile-installation;tile;flooring;installation;cost-guide,draft,2026-08-08,"A photorealistic photograph of a professional installing floor tiles in a spacious room with natural light, using a notched trowel to spread thinset, with tile spacers and a level tool visible. The scene is set in a well-lit suburban home. natural lighting, shot on a Canon EOS R5 with a 35mm lens, shallow depth of field, editorial photography style. No text overlays, no watermarks, no logos, no artificial lighting artifacts. The image looks like it was taken by a professional home renovation photographer for an editorial magazine feature.",/images/posts/flooring-tiles-installation-cost-breakdown-real-numbers.webp,slate-tile-installation-costs-and-tips;tile-flooring-removal-cost-breakdown-real-numbers;ceramic-flooring-installation-cost-what-to-expect-in-2026
75,plumbing-repair-diy-or-call-a-pro,Plumbing Repair: DIY or Call a Pro?,plumbing-electrical,home-repair;electrical;plumbing,draft,2026-06-18,"A photorealistic photograph of a homeowner working under a kitchen sink with a wrench adjusting PVC drain fittings, a flashlight illuminating the work area, plumber's tape and pipe fittings spread on the cabinet floor. The scene is set in a well-lit suburban home. natural lighting, shot on a Canon EOS R5 with a 35mm lens, shallow depth of field, editorial photography style. No text overlays, no watermarks, no logos, no artificial lighting artifacts. The image looks like it was taken by a professional home renovation photographer for an editorial magazine feature.",/images/posts/plumbing-repair-diy-or-call-a-pro.webp,installing-tank-water-heater-what-to-know-first;plumbing-pipe-repair-diy-or-call-a-pro;emergency-plumbing-repairs-a-homeowners-guide
76,cedar-fence-installation-guide-diy-or-hire-out,Cedar Fence Installation Guide: DIY or Hire Out?,outdoor-landscaping,fencing;installation;outdoor-projects;landscaping,draft,2026-07-09,"A photorealistic photograph of a cedar privacy fence being built in a suburban backyard, with a post hole digger next to a freshly set post, horizontal rails being nailed, and stacks of pickets leaning against the partially completed fence. The scene is set in a well-lit suburban home. natural lighting, shot on a Canon EOS R5 with a 35mm lens, shallow depth of field, editorial photography style. No text overlays, no watermarks, no logos, no artificial lighting artifacts. The image looks like it was taken by a professional home renovation photographer for an editorial magazine feature.",/images/posts/cedar-fence-installation-guide-diy-or-hire-out.webp,privacy-fence-installation-costs-and-tips;chain-link-fence-installation-costs-and-tips
77,how-often-should-i-flush-my-water-heater-honest-guide,How Often Should I Flush My Water Heater: Honest Guide,plumbing-electrical,water-damage;electrical;plumbing,draft,2026-06-30,"A photorealistic photograph of a new tank water heater being installed in a utility closet, with copper supply lines being connected, a pipe wrench in use, and the old unit visible nearby waiting for removal. The scene is set in a well-lit suburban home. natural lighting, shot on a Canon EOS R5 with a 35mm lens, shallow depth of field, editorial photography style. No text overlays, no watermarks, no logos, no artificial lighting artifacts. The image looks like it was taken by a professional home renovation photographer for an editorial magazine feature.",/images/posts/how-often-should-i-flush-my-water-heater-honest-guide.webp,plumbing-repair-diy-or-call-a-pro;installing-tank-water-heater-what-to-know-first;emergency-plumbing-repairs-a-homeowners-guide
78,installing-tank-water-heater-what-to-know-first,Installing Tank Water Heater: What to Know First,plumbing-electrical,water-damage;installation;electrical;plumbing,draft,2026-06-30,"A photorealistic photograph of a new tank water heater being installed in a utility closet, with copper supply lines being connected, a pipe wrench in use, and the old unit visible nearby waiting for removal. The scene is set in a well-lit suburban home. natural lighting, shot on a Canon EOS R5 with a 35mm lens, shallow depth of field, editorial photography style. No text overlays, no watermarks, no logos, no artificial lighting artifacts. The image looks like it was taken by a professional home renovation photographer for an editorial magazine feature.",/images/posts/installing-tank-water-heater-what-to-know-first.webp,how-to-shut-off-water-heater-without-wrecking-anything;how-often-should-i-flush-my-water-heater-honest-guide
79,interior-house-painting-services-what-homeowners-should-know,Interior House Painting Services: What Homeowners Should Know,painting-walls,wall-repair;painting;home-improvement,draft,2026-07-10,"A photorealistic photograph of the exterior of a two-story suburban home being painted with a painter on a ladder applying fresh white paint to wood siding, drop cloths protecting the foundation plantings, and a paint sprayer on the ground. The scene is set in a well-lit suburban home. natural lighting, shot on a Canon EOS R5 with a 35mm lens, shallow depth of field, editorial photography style. No text overlays, no watermarks, no logos, no artificial lighting artifacts. The image looks like it was taken by a professional home renovation photographer for an editorial magazine feature.",/images/posts/interior-house-painting-services-what-homeowners-should-know.webp,wrought-iron-fence-installation-costs-and-tips;cedar-fence-installation-guide-diy-or-hire-out
80,water-heater-constantly-running-a-diyers-honest-take,Water Heater Constantly Running: A DIYer's Honest Take,plumbing-electrical,water-damage;electrical;plumbing,draft,2026-07-03,"A photorealistic photograph of a new tank water heater being installed in a utility closet, with copper supply lines being connected, a pipe wrench in use, and the old unit visible nearby waiting for removal. The scene is set in a well-lit suburban home. natural lighting, shot on a Canon EOS R5 with a 35mm lens, shallow depth of field, editorial photography style. No text overlays, no watermarks, no logos, no artificial lighting artifacts. The image looks like it was taken by a professional home renovation photographer for an editorial magazine feature.",/images/posts/water-heater-constantly-running-a-diyers-honest-take.webp,how-often-should-i-flush-my-water-heater-honest-guide;installing-tank-water-heater-what-to-know-first;plumbing-repair-diy-or-call-a-pro;the-real-deal-on-water-leaking-from-ac-vent-in-ceiling
81,water-proofing-services-a-diyers-honest-take,Water Proofing Services: A DIYer's Honest Take,budget-planning,roofing;home-improvement-cost;water-damage;budget-renovation,draft,2026-07-19,"A photorealistic photograph of a suburban home getting a new roof with a roofing crew stripping old shingles, new underlayment partially rolled out, bundles of architectural shingles staged on the roof, and a dumpster below. The scene is set in a well-lit suburban home. natural lighting, shot on a Canon EOS R5 with a 35mm lens, shallow depth of field, editorial photography style. No text overlays, no watermarks, no logos, no artificial lighting artifacts. The image looks like it was taken by a professional home renovation photographer for an editorial magazine feature.",/images/posts/water-proofing-services-a-diyers-honest-take.webp,finding-good-water-damage-remediation-contractors-near-you;water-damage-repair-diy-or-call-a-pro;water-damage-ceiling-tiles-honest-advice-for-your-home;the-real-deal-on-water-damaged-cabinets
82,countertop-pricing-guide-for-homeowners,Countertop Pricing Guide for Homeowners,kitchen-bath-remodeling,bathroom-remodel;countertops;kitchen-remodel;cost-guide,draft,2026-11-08,"A photorealistic photograph of bathroom fixtures laid out on a clean countertop including a brushed nickel faucet, handles, a towel bar, and mounting hardware, with installation instructions visible. The scene is set in a well-lit suburban home. natural lighting, shot on a Canon EOS R5 with a 35mm lens, shallow depth of field, editorial photography style. No text overlays, no watermarks, no logos, no artificial lighting artifacts. The image looks like it was taken by a professional home renovation photographer for an editorial magazine feature.",/images/posts/countertop-pricing-guide-for-homeowners.webp,countertop-removal-cost-what-to-expect-in-2026;marble-flooring-installation-pricing-guide-for-homeowners
83,professional-painting-cost-what-to-expect-in-2026,Professional Painting Cost: What to Expect in 2026,painting-walls,wall-repair;cost-guide;painting,draft,2026-07-12,"A photorealistic photograph of a bright bedroom being freshly painted with a roller applying warm gray paint to one wall, crisp blue painter's tape along the trim, a drop cloth on the hardwood floor, and a paint tray nearby. The scene is set in a well-lit suburban home. natural lighting, shot on a Canon EOS R5 with a 35mm lens, shallow depth of field, editorial photography style. No text overlays, no watermarks, no logos, no artificial lighting artifacts. The image looks like it was taken by a professional home renovation photographer for an editorial magazine feature.",/images/posts/professional-painting-cost-what-to-expect-in-2026.webp,painting-rooms-pricing-guide-for-homeowners;interior-house-painting-services-what-homeowners-should-know;exterior-house-painting-pricing-guide-for-homeowners
84,is-it-normal-for-water-heater-to-leak-honest-guide,Is It Normal for Water Heater to Leak: Honest Guide,plumbing-electrical,water-damage;electrical;plumbing,draft,2026-07-04,"A photorealistic photograph of a homeowner working under a kitchen sink with a wrench adjusting PVC drain fittings, a flashlight illuminating the work area, plumber's tape and pipe fittings spread on the cabinet floor. The scene is set in a well-lit suburban home. natural lighting, shot on a Canon EOS R5 with a 35mm lens, shallow depth of field, editorial photography style. No text overlays, no watermarks, no logos, no artificial lighting artifacts. The image looks like it was taken by a professional home renovation photographer for an editorial magazine feature.",/images/posts/is-it-normal-for-water-heater-to-leak-honest-guide.webp,installing-tank-water-heater-what-to-know-first;how-often-should-i-flush-my-water-heater-honest-guide
85,plumbing-water-leak-repair-guide-what-to-know,Plumbing Water Leak Repair Guide: What to Know,plumbing-electrical,home-repair;water-damage;electrical;plumbing,draft,2026-09-25,"A photorealistic photograph of a homeowner working under a kitchen sink with a wrench adjusting PVC drain fittings, a flashlight illuminating the work area, plumber's tape and pipe fittings spread on the cabinet floor. The scene is set in a well-lit suburban home. natural lighting, shot on a Canon EOS R5 with a 35mm lens, shallow depth of field, editorial photography style. No text overlays, no watermarks, no logos, no artificial lighting artifacts. The image looks like it was taken by a professional home renovation photographer for an editorial magazine feature.",/images/posts/plumbing-water-leak-repair-guide-what-to-know.webp,the-real-deal-on-water-leaking-from-ac-vent-in-ceiling;plumbing-drain-repair-diy-or-call-a-pro;plumbing-repair-diy-or-call-a-pro;how-to-install-xwfe-water-filter-the-right-way
86,kitchen-remodel-services-a-practical-guide,Kitchen Remodel Services: A Practical Guide,kitchen-bath-remodeling,kitchen;bathroom-remodel;kitchen-remodel,draft,2026-09-04,"A photorealistic photograph of a kitchen mid-renovation with new cabinets partially installed, exposed plumbing visible, a miter saw on the floor, and natural light from a window over the sink area. The scene is set in a well-lit suburban home. natural lighting, shot on a Canon EOS R5 with a 35mm lens, shallow depth of field, editorial photography style. No text overlays, no watermarks, no logos, no artificial lighting artifacts. The image looks like it was taken by a professional home renovation photographer for an editorial magazine feature.",/images/posts/kitchen-remodel-services-a-practical-guide.webp,quartz-countertop-installation-pricing-guide-for-homeowners;kitchen-countertop-installation-pricing-guide-for-homeowners
87,professional-window-replacement-full-planning-guide,Professional Window Replacement: Full Planning Guide,outdoor-landscaping,windows;outdoor-projects;landscaping,draft,2026-06-29,"A photorealistic photograph of a replacement window being installed in a residential home, with the old window removed showing the rough opening, foam insulation being sprayed around the frame, and the new vinyl double-hung window ready to be set. The scene is set in a well-lit suburban home. natural lighting, shot on a Canon EOS R5 with a 35mm lens, shallow depth of field, editorial photography style. No text overlays, no watermarks, no logos, no artificial lighting artifacts. The image looks like it was taken by a professional home renovation photographer for an editorial magazine feature.",/images/posts/professional-window-replacement-full-planning-guide.webp,window-company-replacement-full-planning-guide;when-to-replace-signature-window-signs-and-costs
88,when-to-replace-signature-window-signs-and-costs,When to Replace Signature Window: Signs and Costs,outdoor-landscaping,windows;outdoor-projects;landscaping,draft,2026-06-28,"A photorealistic photograph of a replacement window being installed in a residential home, with the old window removed showing the rough opening, foam insulation being sprayed around the frame, and the new vinyl double-hung window ready to be set. The scene is set in a well-lit suburban home. natural lighting, shot on a Canon EOS R5 with a 35mm lens, shallow depth of field, editorial photography style. No text overlays, no watermarks, no logos, no artificial lighting artifacts. The image looks like it was taken by a professional home renovation photographer for an editorial magazine feature.",/images/posts/when-to-replace-signature-window-signs-and-costs.webp,window-company-replacement-full-planning-guide;replacing-signature-window-and-door-what-it-costs-and-takes;professional-window-replacement-full-planning-guide
89,wrought-iron-fence-installation-costs-and-tips,Wrought Iron Fence Installation: Costs and Tips,outdoor-landscaping,fencing;installation;outdoor-projects;landscaping,draft,2026-07-09,"A photorealistic photograph of a cedar privacy fence being built in a suburban backyard, with a post hole digger next to a freshly set post, horizontal rails being nailed, and stacks of pickets leaning against the partially completed fence. The scene is set in a well-lit suburban home. natural lighting, shot on a Canon EOS R5 with a 35mm lens, shallow depth of field, editorial photography style. No text overlays, no watermarks, no logos, no artificial lighting artifacts. The image looks like it was taken by a professional home renovation photographer for an editorial magazine feature.",/images/posts/wrought-iron-fence-installation-costs-and-tips.webp,chain-link-fence-installation-costs-and-tips;cedar-fence-installation-guide-diy-or-hire-out
90,finding-good-water-damage-remediation-contractors-near-you,Finding Good Water Damage Remediation Contractors Near You,plumbing-electrical,water-damage;electrical;plumbing,draft,2026-07-17,"A photorealistic photograph of a homeowner assessing water damage in a basement with a moisture meter pressed against a damp wall, dehumidifier running, and water stains visible on the lower portion of the drywall. The scene is set in a well-lit suburban home. natural lighting, shot on a Canon EOS R5 with a 35mm lens, shallow depth of field, editorial photography style. No text overlays, no watermarks, no logos, no artificial lighting artifacts. The image looks like it was taken by a professional home renovation photographer for an editorial magazine feature.",/images/posts/finding-good-water-damage-remediation-contractors-near-you.webp,water-heater-plano-repair-diy-or-call-a-pro;water-heater-constantly-running-a-diyers-honest-take
91,installing-240v-breaker-what-to-know-first,Installing 240v Breaker: What to Know First,tools-materials,tools;building-materials;installation,draft,2026-08-25,"A photorealistic photograph of a collection of essential home improvement tools arranged neatly on a workshop table — cordless drill, circular saw, level, speed square, utility knife, and safety glasses. The scene is set in a well-lit suburban home. natural lighting, shot on a Canon EOS R5 with a 35mm lens, shallow depth of field, editorial photography style. No text overlays, no watermarks, no logos, no artificial lighting artifacts. The image looks like it was taken by a professional home renovation photographer for an editorial magazine feature.",/images/posts/installing-240v-breaker-what-to-know-first.webp,home-additions-and-renovations-what-homeowners-should-know;sustainable-home-renovation-what-homeowners-should-know;kitchen-remodel-services-a-practical-guide;smart-home-system-installation-guide-diy-or-hire-out
92,deck-building-permit-cost-breakdown-real-numbers,Deck Building Permit Cost Breakdown: Real Numbers,budget-planning,deck-building;home-improvement-cost;budget-renovation;cost-guide,draft,2026-08-14,"A photorealistic photograph of a homeowner building a pressure-treated wood deck in a suburban backyard, attaching deck boards with a cordless drill, with a framing square, level, and stacks of lumber visible nearby. The scene is set in a well-lit suburban home. natural lighting, shot on a Canon EOS R5 with a 35mm lens, shallow depth of field, editorial photography style. No text overlays, no watermarks, no logos, no artificial lighting artifacts. The image looks like it was taken by a professional home renovation photographer for an editorial magazine feature.",/images/posts/deck-building-permit-cost-breakdown-real-numbers.webp,bathroom-remodel-cost-breakdown;diy-bathroom-remodel-cost;water-proofing-services-a-diyers-honest-take;bathroom-remodel-cost-estimate
93,countertop-removal-cost-what-to-expect-in-2026,Countertop Removal Cost: What to Expect in 2026,kitchen-bath-remodeling,bathroom-remodel;countertops;kitchen-remodel;cost-guide,draft,2026-11-21,"A photorealistic photograph of a bright kitchen mid-renovation showing progress with new shaker cabinets on one wall and bare studs on the other, a level and drill on the counter, blue painter's tape along trim. The scene is set in a well-lit suburban home. natural lighting, shot on a Canon EOS R5 with a 35mm lens, shallow depth of field, editorial photography style. No text overlays, no watermarks, no logos, no artificial lighting artifacts. The image looks like it was taken by a professional home renovation photographer for an editorial magazine feature.",/images/posts/countertop-removal-cost-what-to-expect-in-2026.webp,countertop-pricing-guide-for-homeowners;concrete-countertop-installation-cost-breakdown-real-numbers
94,sustainable-home-renovation-what-homeowners-should-know,Sustainable Home Renovation: What Homeowners Should Know,kitchen-bath-remodeling,bathroom-remodel;kitchen-remodel;home-improvement,draft,2026-08-24,"A photorealistic photograph of a bright bedroom being freshly painted with a roller applying warm gray paint to one wall, crisp blue painter's tape along the trim, a drop cloth on the hardwood floor, and a paint tray nearby. The scene is set in a well-lit suburban home. natural lighting, shot on a Canon EOS R5 with a 35mm lens, shallow depth of field, editorial photography style. No text overlays, no watermarks, no logos, no artificial lighting artifacts. The image looks like it was taken by a professional home renovation photographer for an editorial magazine feature.",/images/posts/sustainable-home-renovation-what-homeowners-should-know.webp,cabinet-painting-pricing-guide-for-homeowners;home-additions-and-renovations-what-homeowners-should-know;kitchen-remodel-services-a-practical-guide;contractor-to-remodel-kitchen-what-to-know;hiring-a-kitchen-bathroom-remodel-contractor-red-flags-and-tips
95,finding-good-deck-building-contractors-near-you,Finding Good Deck Building Contractors Near You,outdoor-landscaping,deck-building;outdoor-projects;landscaping,draft,2026-10-30,"A photorealistic photograph of a homeowner building a pressure-treated wood deck in a suburban backyard, attaching deck boards with a cordless drill, with a framing square, level, and stacks of lumber visible nearby. The scene is set in a well-lit suburban home. natural lighting, shot on a Canon EOS R5 with a 35mm lens, shallow depth of field, editorial photography style. No text overlays, no watermarks, no logos, no artificial lighting artifacts. The image looks like it was taken by a professional home renovation photographer for an editorial magazine feature.",/images/posts/finding-good-deck-building-contractors-near-you.webp,building-a-deck-guide-a-practical-guide;the-real-deal-on-custom-deck-building
96,the-real-deal-on-custom-deck-building,The Real Deal on Custom Deck Building,outdoor-landscaping,deck-building;outdoor-projects;landscaping,draft,2026-08-13,"A photorealistic photograph of a homeowner building a pressure-treated wood deck in a suburban backyard, attaching deck boards with a cordless drill, with a framing square, level, and stacks of lumber visible nearby. The scene is set in a well-lit suburban home. natural lighting, shot on a Canon EOS R5 with a 35mm lens, shallow depth of field, editorial photography style. No text overlays, no watermarks, no logos, no artificial lighting artifacts. The image looks like it was taken by a professional home renovation photographer for an editorial magazine feature.",/images/posts/the-real-deal-on-custom-deck-building.webp,deck-building-cost-what-to-expect-in-2026;finding-good-deck-building-contractors-near-you;composite-deck-building-a-diyers-honest-take
97,when-to-replace-window-naperville-signs-and-costs,When to Replace Window Naperville: Signs and Costs,outdoor-landscaping,windows;outdoor-projects;landscaping,draft,2026-09-30,"A photorealistic photograph of a replacement window being installed in a residential home, with the old window removed showing the rough opening, foam insulation being sprayed around the frame, and the new vinyl double-hung window ready to be set. The scene is set in a well-lit suburban home. natural lighting, shot on a Canon EOS R5 with a 35mm lens, shallow depth of field, editorial photography style. No text overlays, no watermarks, no logos, no artificial lighting artifacts. The image looks like it was taken by a professional home renovation photographer for an editorial magazine feature.",/images/posts/when-to-replace-window-naperville-signs-and-costs.webp,professional-window-replacement-full-planning-guide;window-company-replacement-full-planning-guide;when-to-replace-signature-window-signs-and-costs
98,drywall-professional-repairs-a-homeowners-guide,Drywall Professional Repairs: A Homeowner's Guide,painting-walls,wall-repair;drywall;home-repair;painting,draft,2026-07-21,"A photorealistic photograph of a homeowner mudding drywall seams using a wide taping knife to smooth joint compound over paper tape, with a hawk in the other hand, bare drywall sheets visible, and sanding dust in the air. The scene is set in a well-lit suburban home. natural lighting, shot on a Canon EOS R5 with a 35mm lens, shallow depth of field, editorial photography style. No text overlays, no watermarks, no logos, no artificial lighting artifacts. The image looks like it was taken by a professional home renovation photographer for an editorial magazine feature.",/images/posts/drywall-professional-repairs-a-homeowners-guide.webp,interior-house-painting-services-what-homeowners-should-know;exterior-house-painting-pricing-guide-for-homeowners
99,emergency-plumbing-repairs-a-homeowners-guide,Emergency Plumbing Repairs: A Homeowner's Guide,plumbing-electrical,home-repair;electrical;plumbing,draft,2026-06-17,"A photorealistic photograph of a homeowner working under a kitchen sink with a wrench adjusting PVC drain fittings, a flashlight illuminating the work area, plumber's tape and pipe fittings spread on the cabinet floor. The scene is set in a well-lit suburban home. natural lighting, shot on a Canon EOS R5 with a 35mm lens, shallow depth of field, editorial photography style. No text overlays, no watermarks, no logos, no artificial lighting artifacts. The image looks like it was taken by a professional home renovation photographer for an editorial magazine feature.",/images/posts/emergency-plumbing-repairs-a-homeowners-guide.webp,installing-tank-water-heater-what-to-know-first;when-to-call-a-plumber-vs-diy;plumbing-pipe-repair-diy-or-call-a-pro
100,how-to-shut-off-water-heater-without-wrecking-anything,How to Shut Off Water Heater (Without Wrecking Anything),plumbing-electrical,water-damage;electrical;plumbing,draft,2026-07-01,"A photorealistic photograph of a new tank water heater being installed in a utility closet, with copper supply lines being connected, a pipe wrench in use, and the old unit visible nearby waiting for removal. The scene is set in a well-lit suburban home. natural lighting, shot on a Canon EOS R5 with a 35mm lens, shallow depth of field, editorial photography style. No text overlays, no watermarks, no logos, no artificial lighting artifacts. The image looks like it was taken by a professional home renovation photographer for an editorial magazine feature.",/images/posts/how-to-shut-off-water-heater-without-wrecking-anything.webp,emergency-plumbing-repairs-a-homeowners-guide;how-often-should-i-flush-my-water-heater-honest-guide;installing-tank-water-heater-what-to-know-first;is-it-normal-for-water-heater-to-leak-honest-guide;water-heater-igniter-repairs-a-homeowners-guide
101,plumbing-snake-repairs-a-homeowners-guide,Plumbing Snake Repairs: A Homeowner's Guide,plumbing-electrical,home-repair;electrical;plumbing,draft,2026-09-25,"A photorealistic photograph of a homeowner working under a kitchen sink with a wrench adjusting PVC drain fittings, a flashlight illuminating the work area, plumber's tape and pipe fittings spread on the cabinet floor. The scene is set in a well-lit suburban home. natural lighting, shot on a Canon EOS R5 with a 35mm lens, shallow depth of field, editorial photography style. No text overlays, no watermarks, no logos, no artificial lighting artifacts. The image looks like it was taken by a professional home renovation photographer for an editorial magazine feature.",/images/posts/plumbing-snake-repairs-a-homeowners-guide.webp,trenchless-plumbing-repairs-a-homeowners-guide;plumbing-repair-diy-or-call-a-pro;plumbing-drain-repair-diy-or-call-a-pro;plumbing-water-leak-repair-guide-what-to-know;how-to-install-xwfe-water-filter-the-right-way
102,the-real-deal-on-water-damaged-cabinets,The Real Deal on Water Damaged Cabinets,plumbing-electrical,water-damage;cabinets;electrical;plumbing,draft,2026-07-19,"A photorealistic photograph of a homeowner assessing water damage in a basement with a moisture meter pressed against a damp wall, dehumidifier running, and water stains visible on the lower portion of the drywall. The scene is set in a well-lit suburban home. natural lighting, shot on a Canon EOS R5 with a 35mm lens, shallow depth of field, editorial photography style. No text overlays, no watermarks, no logos, no artificial lighting artifacts. The image looks like it was taken by a professional home renovation photographer for an editorial magazine feature.",/images/posts/the-real-deal-on-water-damaged-cabinets.webp,preventing-water-damage-a-practical-guide;finding-good-water-damage-remediation-contractors-near-you
103,the-real-deal-on-water-leaking-from-ac-vent-in-ceiling,The Real Deal on Water Leaking From Ac Vent in Ceiling,plumbing-electrical,water-damage;electrical;plumbing,draft,2026-09-22,"A photorealistic photograph of a homeowner working under a kitchen sink with a wrench adjusting PVC drain fittings, a flashlight illuminating the work area, plumber's tape and pipe fittings spread on the cabinet floor. The scene is set in a well-lit suburban home. natural lighting, shot on a Canon EOS R5 with a 35mm lens, shallow depth of field, editorial photography style. No text overlays, no watermarks, no logos, no artificial lighting artifacts. The image looks like it was taken by a professional home renovation photographer for an editorial magazine feature.",/images/posts/the-real-deal-on-water-leaking-from-ac-vent-in-ceiling.webp,plumbing-repair-diy-or-call-a-pro
104,water-damage-repair-diy-or-call-a-pro,Water Damage Repair: DIY or Call a Pro?,plumbing-electrical,home-repair;water-damage;electrical;plumbing,draft,2026-07-15,"A photorealistic photograph of a homeowner assessing water damage in a basement with a moisture meter pressed against a damp wall, dehumidifier running, and water stains visible on the lower portion of the drywall. The scene is set in a well-lit suburban home. natural lighting, shot on a Canon EOS R5 with a 35mm lens, shallow depth of field, editorial photography style. No text overlays, no watermarks, no logos, no artificial lighting artifacts. The image looks like it was taken by a professional home renovation photographer for an editorial magazine feature.",/images/posts/water-damage-repair-diy-or-call-a-pro.webp,is-it-normal-for-water-heater-to-leak-honest-guide;water-heater-constantly-running-a-diyers-honest-take
105,water-heater-blow-off-valve-leaking-a-practical-guide,Water Heater Blow Off Valve Leaking: A Practical Guide,plumbing-electrical,water-damage;electrical;plumbing,draft,2026-10-04,"A photorealistic photograph of a homeowner working under a kitchen sink with a wrench adjusting PVC drain fittings, a flashlight illuminating the work area, plumber's tape and pipe fittings spread on the cabinet floor. The scene is set in a well-lit suburban home. natural lighting, shot on a Canon EOS R5 with a 35mm lens, shallow depth of field, editorial photography style. No text overlays, no watermarks, no logos, no artificial lighting artifacts. The image looks like it was taken by a professional home renovation photographer for an editorial magazine feature.",/images/posts/water-heater-blow-off-valve-leaking-a-practical-guide.webp,is-it-normal-for-water-heater-to-leak-honest-guide;turn-on-gas-water-heater-honest-advice-for-your-home;water-heater-smells-like-gas-but-no-leak-honest-guide
106,smart-home-system-installation-guide-diy-or-hire-out,Smart Home System Installation Guide: DIY or Hire Out?,tools-materials,tools;building-materials;installation,draft,2026-08-27,"A photorealistic photograph of a homeowner's tool belt and safety gear laid out on a workbench including safety glasses, ear protection, work gloves, a dust mask, and a loaded tool belt. The scene is set in a well-lit suburban home. natural lighting, shot on a Canon EOS R5 with a 35mm lens, shallow depth of field, editorial photography style. No text overlays, no watermarks, no logos, no artificial lighting artifacts. The image looks like it was taken by a professional home renovation photographer for an editorial magazine feature.",/images/posts/smart-home-system-installation-guide-diy-or-hire-out.webp,essential-tools-for-home-renovation;installing-240v-breaker-what-to-know-first;how-to-install-compression-fitting-the-right-way;water-damage-repair-diy-or-call-a-pro
107,finishes-in-interior-design-honest-advice-for-your-home,Finishes in Interior Design: Honest Advice for Your Home,budget-planning,home-improvement-cost;budget-renovation;home-improvement,draft,2026-11-01,"A photorealistic photograph of color-coded material samples arranged on a table including tile samples, paint swatches, flooring pieces, and hardware options, with price tags visible on each. The scene is set in a well-lit suburban home. natural lighting, shot on a Canon EOS R5 with a 35mm lens, shallow depth of field, editorial photography style. No text overlays, no watermarks, no logos, no artificial lighting artifacts. The image looks like it was taken by a professional home renovation photographer for an editorial magazine feature.",/images/posts/finishes-in-interior-design-honest-advice-for-your-home.webp,ac-condenser-installation-cost-breakdown-real-numbers;ceiling-grid-installation-cost-what-to-expect-in-2026
108,butcher-block-countertop-installation-pricing-guide-for,Butcher Block Countertop Installation Pricing Guide for...,kitchen-bath-remodeling,countertops;bathroom-remodel;kitchen-remodel;installation;cost-guide,draft,2026-11-09,"A photorealistic photograph of a bright kitchen mid-renovation showing progress with new shaker cabinets on one wall and bare studs on the other, a level and drill on the counter, blue painter's tape along trim. The scene is set in a well-lit suburban home. natural lighting, shot on a Canon EOS R5 with a 35mm lens, shallow depth of field, editorial photography style. No text overlays, no watermarks, no logos, no artificial lighting artifacts. The image looks like it was taken by a professional home renovation photographer for an editorial magazine feature.",/images/posts/butcher-block-countertop-installation-pricing-guide-for.webp,countertop-removal-cost-what-to-expect-in-2026;marble-flooring-installation-pricing-guide-for-homeowners
109,marble-flooring-installation-pricing-guide-for-homeowners,Marble Flooring Installation Pricing Guide for Homeowners,kitchen-bath-remodeling,bathroom-remodel;flooring;kitchen-remodel;installation;cost-guide,draft,2026-11-07,"A photorealistic photograph of a professional installing floor tiles in a spacious room with natural light, using a notched trowel to spread thinset, with tile spacers and a level tool visible. The scene is set in a well-lit suburban home. natural lighting, shot on a Canon EOS R5 with a 35mm lens, shallow depth of field, editorial photography style. No text overlays, no watermarks, no logos, no artificial lighting artifacts. The image looks like it was taken by a professional home renovation photographer for an editorial magazine feature.",/images/posts/marble-flooring-installation-pricing-guide-for-homeowners.webp,countertop-pricing-guide-for-homeowners;countertop-removal-cost-what-to-expect-in-2026
110,composite-deck-building-a-diyers-honest-take,Composite Deck Building: A DIYer's Honest Take,outdoor-landscaping,deck-building;outdoor-projects;landscaping,draft,2026-08-12,"A photorealistic photograph of a homeowner building a pressure-treated wood deck in a suburban backyard, attaching deck boards with a cordless drill, with a framing square, level, and stacks of lumber visible nearby. The scene is set in a well-lit suburban home. natural lighting, shot on a Canon EOS R5 with a 35mm lens, shallow depth of field, editorial photography style. No text overlays, no watermarks, no logos, no artificial lighting artifacts. The image looks like it was taken by a professional home renovation photographer for an editorial magazine feature.",/images/posts/composite-deck-building-a-diyers-honest-take.webp,deck-building-calculator-what-homeowners-should-know;deck-building-permit-cost-breakdown-real-numbers;deck-building-cost-what-to-expect-in-2026;finding-good-deck-building-contractors-near-you
111,deck-building-cost-what-to-expect-in-2026,Deck Building Cost: What to Expect in 2026,outdoor-landscaping,deck-building;outdoor-projects;landscaping;cost-guide,draft,2026-08-10,"A photorealistic photograph of a homeowner building a pressure-treated wood deck in a suburban backyard, attaching deck boards with a cordless drill, with a framing square, level, and stacks of lumber visible nearby. The scene is set in a well-lit suburban home. natural lighting, shot on a Canon EOS R5 with a 35mm lens, shallow depth of field, editorial photography style. No text overlays, no watermarks, no logos, no artificial lighting artifacts. The image looks like it was taken by a professional home renovation photographer for an editorial magazine feature.",/images/posts/deck-building-cost-what-to-expect-in-2026.webp,finding-good-deck-building-contractors-near-you;deck-building-permit-cost-breakdown-real-numbers
112,replacing-local-contractors-window-what-it-costs-and-takes,Replacing Local Contractors Window: What It Costs and Takes,outdoor-landscaping,windows;outdoor-projects;landscaping,draft,2026-10-01,"A photorealistic photograph of a replacement window being installed in a residential home, with the old window removed showing the rough opening, foam insulation being sprayed around the frame, and the new vinyl double-hung window ready to be set. The scene is set in a well-lit suburban home. natural lighting, shot on a Canon EOS R5 with a 35mm lens, shallow depth of field, editorial photography style. No text overlays, no watermarks, no logos, no artificial lighting artifacts. The image looks like it was taken by a professional home renovation photographer for an editorial magazine feature.",/images/posts/replacing-local-contractors-window-what-it-costs-and-takes.webp,window-company-replacement-full-planning-guide;when-to-replace-signature-window-signs-and-costs;when-to-replace-window-naperville-signs-and-costs;professional-window-replacement-full-planning-guide
113,drywall-repair-diy-or-call-a-pro,Drywall Repair: DIY or Call a Pro?,painting-walls,wall-repair;drywall;home-repair;painting,draft,2026-07-22,"A photorealistic photograph of a homeowner mudding drywall seams using a wide taping knife to smooth joint compound over paper tape, with a hawk in the other hand, bare drywall sheets visible, and sanding dust in the air. The scene is set in a well-lit suburban home. natural lighting, shot on a Canon EOS R5 with a 35mm lens, shallow depth of field, editorial photography style. No text overlays, no watermarks, no logos, no artificial lighting artifacts. The image looks like it was taken by a professional home renovation photographer for an editorial magazine feature.",/images/posts/drywall-repair-diy-or-call-a-pro.webp,professional-painting-cost-what-to-expect-in-2026;interior-house-painting-services-what-homeowners-should-know;exterior-house-painting-pricing-guide-for-homeowners
114,labor-painting-cost-breakdown-real-numbers,Labor Painting Cost Breakdown: Real Numbers,painting-walls,wall-repair;cost-guide;painting,draft,2026-10-15,"A photorealistic photograph of a bright bedroom being freshly painted with a roller applying warm gray paint to one wall, crisp blue painter's tape along the trim, a drop cloth on the hardwood floor, and a paint tray nearby. The scene is set in a well-lit suburban home. natural lighting, shot on a Canon EOS R5 with a 35mm lens, shallow depth of field, editorial photography style. No text overlays, no watermarks, no logos, no artificial lighting artifacts. The image looks like it was taken by a professional home renovation photographer for an editorial magazine feature.",/images/posts/labor-painting-cost-breakdown-real-numbers.webp,exterior-house-painting-pricing-guide-for-homeowners;professional-painting-cost-what-to-expect-in-2026;interior-house-painting-services-what-homeowners-should-know
115,water-stains-on-drywall-honest-advice-for-your-home,Water Stains on Drywall: Honest Advice for Your Home,painting-walls,wall-repair;water-damage;drywall;painting,draft,2026-10-19,"A photorealistic photograph of a bright bedroom being freshly painted with a roller applying warm gray paint to one wall, crisp blue painter's tape along the trim, a drop cloth on the hardwood floor, and a paint tray nearby. The scene is set in a well-lit suburban home. natural lighting, shot on a Canon EOS R5 with a 35mm lens, shallow depth of field, editorial photography style. No text overlays, no watermarks, no logos, no artificial lighting artifacts. The image looks like it was taken by a professional home renovation photographer for an editorial magazine feature.",/images/posts/water-stains-on-drywall-honest-advice-for-your-home.webp,drywall-repair-diy-or-call-a-pro;drywall-professional-repairs-a-homeowners-guide
116,honeywell-hot-water-heater-no-status-light-a-practical-guide,Honeywell Hot Water Heater No Status Light: A Practical Guide,plumbing-electrical,water-damage;electrical;plumbing,draft,2026-07-02,"A photorealistic photograph of a new tank water heater being installed in a utility closet, with copper supply lines being connected, a pipe wrench in use, and the old unit visible nearby waiting for removal. The scene is set in a well-lit suburban home. natural lighting, shot on a Canon EOS R5 with a 35mm lens, shallow depth of field, editorial photography style. No text overlays, no watermarks, no logos, no artificial lighting artifacts. The image looks like it was taken by a professional home renovation photographer for an editorial magazine feature.",/images/posts/honeywell-hot-water-heater-no-status-light-a-practical-guide.webp,water-heater-igniter-repairs-a-homeowners-guide;how-to-shut-off-water-heater-without-wrecking-anything;installing-tank-water-heater-what-to-know-first
117,plumbing-drain-repair-diy-or-call-a-pro,Plumbing Drain Repair: DIY or Call a Pro?,plumbing-electrical,home-repair;electrical;plumbing,draft,2026-09-23,"A photorealistic photograph of a homeowner working under a kitchen sink with a wrench adjusting PVC drain fittings, a flashlight illuminating the work area, plumber's tape and pipe fittings spread on the cabinet floor. The scene is set in a well-lit suburban home. natural lighting, shot on a Canon EOS R5 with a 35mm lens, shallow depth of field, editorial photography style. No text overlays, no watermarks, no logos, no artificial lighting artifacts. The image looks like it was taken by a professional home renovation photographer for an editorial magazine feature.",/images/posts/plumbing-drain-repair-diy-or-call-a-pro.webp,sewer-plumbing-repair-guide-what-to-know;24-hour-plumbing-repair-diy-or-call-a-pro;plumbing-repair-diy-or-call-a-pro
118,water-damage-ceiling-tiles-honest-advice-for-your-home,Water Damage Ceiling Tiles: Honest Advice for Your Home,plumbing-electrical,water-damage;tile;electrical;plumbing,draft,2026-07-18,"A photorealistic photograph of a professional installing floor tiles in a spacious room with natural light, using a notched trowel to spread thinset, with tile spacers and a level tool visible. The scene is set in a well-lit suburban home. natural lighting, shot on a Canon EOS R5 with a 35mm lens, shallow depth of field, editorial photography style. No text overlays, no watermarks, no logos, no artificial lighting artifacts. The image looks like it was taken by a professional home renovation photographer for an editorial magazine feature.",/images/posts/water-damage-ceiling-tiles-honest-advice-for-your-home.webp,water-heater-constantly-running-a-diyers-honest-take;is-it-normal-for-water-heater-to-leak-honest-guide
119,water-heater-plano-repair-diy-or-call-a-pro,Water Heater Plano Repair: DIY or Call a Pro?,plumbing-electrical,home-repair;water-damage;electrical;plumbing,draft,2026-07-04,"A photorealistic photograph of a new tank water heater being installed in a utility closet, with copper supply lines being connected, a pipe wrench in use, and the old unit visible nearby waiting for removal. The scene is set in a well-lit suburban home. natural lighting, shot on a Canon EOS R5 with a 35mm lens, shallow depth of field, editorial photography style. No text overlays, no watermarks, no logos, no artificial lighting artifacts. The image looks like it was taken by a professional home renovation photographer for an editorial magazine feature.",/images/posts/water-heater-plano-repair-diy-or-call-a-pro.webp,how-often-should-i-flush-my-water-heater-honest-guide;water-heater-constantly-running-a-diyers-honest-take;honeywell-hot-water-heater-no-status-light-a-practical-guide;is-it-normal-for-water-heater-to-leak-honest-guide
120,water-heater-smells-like-gas-but-no-leak-honest-guide,Water Heater Smells Like Gas but No Leak: Honest Guide,plumbing-electrical,water-damage;electrical;plumbing,draft,2026-10-03,"A photorealistic photograph of a homeowner working under a kitchen sink with a wrench adjusting PVC drain fittings, a flashlight illuminating the work area, plumber's tape and pipe fittings spread on the cabinet floor. The scene is set in a well-lit suburban home. natural lighting, shot on a Canon EOS R5 with a 35mm lens, shallow depth of field, editorial photography style. No text overlays, no watermarks, no logos, no artificial lighting artifacts. The image looks like it was taken by a professional home renovation photographer for an editorial magazine feature.",/images/posts/water-heater-smells-like-gas-but-no-leak-honest-guide.webp,water-heater-constantly-running-a-diyers-honest-take;is-it-normal-for-water-heater-to-leak-honest-guide;water-heater-plano-repair-diy-or-call-a-pro
121,bathroom-renovation-specialists-a-diyers-honest-take,Bathroom Renovation Specialists: A DIYer's Honest Take,kitchen-bath-remodeling,bathroom-remodel;bathroom;kitchen-remodel,draft,2026-11-05,"A photorealistic photograph of a bathroom mid-renovation with partially installed white subway tile, new fixtures still in packaging nearby, blue painter's tape on the edges, and a level tool resting on the vanity. The scene is set in a well-lit suburban home. natural lighting, shot on a Canon EOS R5 with a 35mm lens, shallow depth of field, editorial photography style. No text overlays, no watermarks, no logos, no artificial lighting artifacts. The image looks like it was taken by a professional home renovation photographer for an editorial magazine feature.",/images/posts/bathroom-renovation-specialists-a-diyers-honest-take.webp,toilet-repair-and-installation-costs-and-tips;1980s-home-renovation-honest-advice-for-your-home
122,kitchen-countertop-installation-pricing-guide-for-homeowners,Kitchen Countertop Installation Pricing Guide for Homeowners,kitchen-bath-remodeling,countertops;bathroom-remodel;kitchen-remodel;kitchen;installation;cost-guide,draft,2026-09-02,"A photorealistic photograph of a stone countertop being templated in a mid-renovation kitchen with a fabricator measuring a granite slab against new white cabinets, blue tape marking the cut lines. The scene is set in a well-lit suburban home. natural lighting, shot on a Canon EOS R5 with a 35mm lens, shallow depth of field, editorial photography style. No text overlays, no watermarks, no logos, no artificial lighting artifacts. The image looks like it was taken by a professional home renovation photographer for an editorial magazine feature.",/images/posts/kitchen-countertop-installation-pricing-guide-for-homeowners.webp,granite-countertop-installation-pricing-guide-for-homeowners;quartz-countertop-installation-pricing-guide-for-homeowners
123,kitchen-plumbing-remodel-a-diyers-honest-take,Kitchen Plumbing Remodel: A DIYer's Honest Take,kitchen-bath-remodeling,kitchen;bathroom-remodel;kitchen-remodel;plumbing,draft,2026-09-06,"A photorealistic photograph of a kitchen mid-renovation with new cabinets partially installed, exposed plumbing visible, a miter saw on the floor, and natural light from a window over the sink area. The scene is set in a well-lit suburban home. natural lighting, shot on a Canon EOS R5 with a 35mm lens, shallow depth of field, editorial photography style. No text overlays, no watermarks, no logos, no artificial lighting artifacts. The image looks like it was taken by a professional home renovation photographer for an editorial magazine feature.",/images/posts/kitchen-plumbing-remodel-a-diyers-honest-take.webp,quartz-countertop-installation-pricing-guide-for-homeowners;countertop-pricing-guide-for-homeowners
124,laminate-countertop-replacement-cost-breakdown-real-numbers,Laminate Countertop Replacement Cost Breakdown: Real Numbers,kitchen-bath-remodeling,countertops;laminate-flooring;bathroom-remodel;kitchen-remodel;cost-guide,draft,2026-11-10,"A photorealistic photograph of luxury vinyl plank flooring being installed in a bright living room, with click-lock planks being joined together, a utility knife and straightedge nearby, and the transition between old and new flooring visible. The scene is set in a well-lit suburban home. natural lighting, shot on a Canon EOS R5 with a 35mm lens, shallow depth of field, editorial photography style. No text overlays, no watermarks, no logos, no artificial lighting artifacts. The image looks like it was taken by a professional home renovation photographer for an editorial magazine feature.",/images/posts/laminate-countertop-replacement-cost-breakdown-real-numbers.webp,marble-flooring-installation-pricing-guide-for-homeowners;butcher-block-countertop-installation-pricing-guide-for
125,building-a-deck-guide-a-practical-guide,Building a Deck Guide: A Practical Guide,outdoor-landscaping,deck-building;outdoor-projects;landscaping,draft,2026-10-27,"A photorealistic photograph of a homeowner building a pressure-treated wood deck in a suburban backyard, attaching deck boards with a cordless drill, with a framing square, level, and stacks of lumber visible nearby. The scene is set in a well-lit suburban home. natural lighting, shot on a Canon EOS R5 with a 35mm lens, shallow depth of field, editorial photography style. No text overlays, no watermarks, no logos, no artificial lighting artifacts. The image looks like it was taken by a professional home renovation photographer for an editorial magazine feature.",/images/posts/building-a-deck-guide-a-practical-guide.webp,composite-deck-building-a-diyers-honest-take;the-real-deal-on-custom-deck-building
126,invisible-fence-installation-pricing-guide-for-homeowners,Invisible Fence Installation Pricing Guide for Homeowners,outdoor-landscaping,outdoor-projects;fencing;landscaping;installation;cost-guide,draft,2026-10-08,"A photorealistic photograph of a cedar privacy fence being built in a suburban backyard, with a post hole digger next to a freshly set post, horizontal rails being nailed, and stacks of pickets leaning against the partially completed fence. The scene is set in a well-lit suburban home. natural lighting, shot on a Canon EOS R5 with a 35mm lens, shallow depth of field, editorial photography style. No text overlays, no watermarks, no logos, no artificial lighting artifacts. The image looks like it was taken by a professional home renovation photographer for an editorial magazine feature.",/images/posts/invisible-fence-installation-pricing-guide-for-homeowners.webp,cedar-fence-installation-guide-diy-or-hire-out;chain-link-fence-installation-costs-and-tips;wrought-iron-fence-installation-costs-and-tips
127,privacy-fence-installation-costs-and-tips,Privacy Fence Installation: Costs and Tips,outdoor-landscaping,fencing;installation;outdoor-projects;landscaping,draft,2026-07-06,"A photorealistic photograph of a cedar privacy fence being built in a suburban backyard, with a post hole digger next to a freshly set post, horizontal rails being nailed, and stacks of pickets leaning against the partially completed fence. The scene is set in a well-lit suburban home. natural lighting, shot on a Canon EOS R5 with a 35mm lens, shallow depth of field, editorial photography style. No text overlays, no watermarks, no logos, no artificial lighting artifacts. The image looks like it was taken by a professional home renovation photographer for an editorial magazine feature.",/images/posts/privacy-fence-installation-costs-and-tips.webp,installing-pvc-fence-what-to-know-first;cedar-fence-installation-guide-diy-or-hire-out;chain-link-fence-installation-costs-and-tips;wrought-iron-fence-installation-costs-and-tips
128,quotes-fence-installation-costs-and-tips,Quotes Fence Installation: Costs and Tips,outdoor-landscaping,fencing;outdoor-projects;landscaping;installation,draft,2026-10-12,"A photorealistic photograph of a cedar privacy fence being built in a suburban backyard, with a post hole digger next to a freshly set post, horizontal rails being nailed, and stacks of pickets leaning against the partially completed fence. The scene is set in a well-lit suburban home. natural lighting, shot on a Canon EOS R5 with a 35mm lens, shallow depth of field, editorial photography style. No text overlays, no watermarks, no logos, no artificial lighting artifacts. The image looks like it was taken by a professional home renovation photographer for an editorial magazine feature.",/images/posts/quotes-fence-installation-costs-and-tips.webp,electric-fence-installation-cost-what-to-expect-in-2026;invisible-fence-installation-pricing-guide-for-homeowners;residential-fence-installation-guide-diy-or-hire-out
129,residential-fence-installation-guide-diy-or-hire-out,Residential Fence Installation Guide: DIY or Hire Out?,outdoor-landscaping,fencing;outdoor-projects;landscaping;installation,draft,2026-10-11,"A photorealistic photograph of a cedar privacy fence being built in a suburban backyard, with a post hole digger next to a freshly set post, horizontal rails being nailed, and stacks of pickets leaning against the partially completed fence. The scene is set in a well-lit suburban home. natural lighting, shot on a Canon EOS R5 with a 35mm lens, shallow depth of field, editorial photography style. No text overlays, no watermarks, no logos, no artificial lighting artifacts. The image looks like it was taken by a professional home renovation photographer for an editorial magazine feature.",/images/posts/residential-fence-installation-guide-diy-or-hire-out.webp,wrought-iron-fence-installation-costs-and-tips;invisible-fence-installation-pricing-guide-for-homeowners
130,drywall-ceiling-repair-cost-breakdown-real-numbers,Drywall Ceiling Repair Cost Breakdown: Real Numbers,painting-walls,drywall;wall-repair;home-repair;painting;cost-guide,draft,2026-10-18,"A photorealistic photograph of a homeowner mudding drywall seams using a wide taping knife to smooth joint compound over paper tape, with a hawk in the other hand, bare drywall sheets visible, and sanding dust in the air. The scene is set in a well-lit suburban home. natural lighting, shot on a Canon EOS R5 with a 35mm lens, shallow depth of field, editorial photography style. No text overlays, no watermarks, no logos, no artificial lighting artifacts. The image looks like it was taken by a professional home renovation photographer for an editorial magazine feature.",/images/posts/drywall-ceiling-repair-cost-breakdown-real-numbers.webp,drywall-repair-diy-or-call-a-pro;water-stains-on-drywall-honest-advice-for-your-home;drywall-professional-repairs-a-homeowners-guide
131,24-hour-water-heater-repair-diy-or-call-a-pro,24 Hour Water Heater Repair: DIY or Call a Pro?,plumbing-electrical,home-repair;water-damage;electrical;plumbing,draft,2026-10-06,"A photorealistic photograph of a new tank water heater being installed in a utility closet, with copper supply lines being connected, a pipe wrench in use, and the old unit visible nearby waiting for removal. The scene is set in a well-lit suburban home. natural lighting, shot on a Canon EOS R5 with a 35mm lens, shallow depth of field, editorial photography style. No text overlays, no watermarks, no logos, no artificial lighting artifacts. The image looks like it was taken by a professional home renovation photographer for an editorial magazine feature.",/images/posts/24-hour-water-heater-repair-diy-or-call-a-pro.webp,how-often-should-i-flush-my-water-heater-honest-guide;water-heater-blow-off-valve-leaking-a-practical-guide;water-heater-smells-like-gas-but-no-leak-honest-guide;turn-on-gas-water-heater-honest-advice-for-your-home
132,heat-pump-air-conditioner-repairs-a-homeowners-guide,Heat Pump Air Conditioner Repairs: A Homeowner's Guide,plumbing-electrical,home-repair;electrical;plumbing,draft,2026-07-25,"A photorealistic photograph of an HVAC technician servicing a home system with the furnace panel open, a multimeter checking connections, refrigerant gauges visible, and the homeowner watching from the doorway. The scene is set in a well-lit suburban home. natural lighting, shot on a Canon EOS R5 with a 35mm lens, shallow depth of field, editorial photography style. No text overlays, no watermarks, no logos, no artificial lighting artifacts. The image looks like it was taken by a professional home renovation photographer for an editorial magazine feature.",/images/posts/heat-pump-air-conditioner-repairs-a-homeowners-guide.webp,preventing-water-damage-a-practical-guide;finding-good-water-damage-remediation-contractors-near-you
133,home-water-pump-repairs-a-homeowners-guide,Home Water Pump Repairs: A Homeowner's Guide,plumbing-electrical,home-repair;water-damage;electrical;plumbing,draft,2026-09-26,"A photorealistic photograph of a homeowner reading a how-to guide on a tablet in a utility room with exposed pipes and an electrical panel visible, a flashlight and basic tools nearby. The scene is set in a well-lit suburban home. natural lighting, shot on a Canon EOS R5 with a 35mm lens, shallow depth of field, editorial photography style. No text overlays, no watermarks, no logos, no artificial lighting artifacts. The image looks like it was taken by a professional home renovation photographer for an editorial magazine feature.",/images/posts/home-water-pump-repairs-a-homeowners-guide.webp,plumbing-water-leak-repair-guide-what-to-know;plumbing-repair-diy-or-call-a-pro;trenchless-plumbing-repairs-a-homeowners-guide;plumbing-snake-repairs-a-homeowners-guide
134,hot-water-unclog-drain-a-practical-guide,Hot Water Unclog Drain: A Practical Guide,plumbing-electrical,water-damage;electrical;plumbing,draft,2026-11-11,"A photorealistic photograph of a homeowner working under a kitchen sink with a wrench adjusting PVC drain fittings, a flashlight illuminating the work area, plumber's tape and pipe fittings spread on the cabinet floor. The scene is set in a well-lit suburban home. natural lighting, shot on a Canon EOS R5 with a 35mm lens, shallow depth of field, editorial photography style. No text overlays, no watermarks, no logos, no artificial lighting artifacts. The image looks like it was taken by a professional home renovation photographer for an editorial magazine feature.",/images/posts/hot-water-unclog-drain-a-practical-guide.webp,plumbing-snake-repairs-a-homeowners-guide;plumbing-water-leak-repair-guide-what-to-know
135,how-to-install-xwfe-water-filter-the-right-way,How to Install Xwfe Water Filter the Right Way,plumbing-electrical,water-damage;installation;electrical;plumbing,draft,2026-09-23,"A photorealistic photograph of a homeowner reading a how-to guide on a tablet in a utility room with exposed pipes and an electrical panel visible, a flashlight and basic tools nearby. The scene is set in a well-lit suburban home. natural lighting, shot on a Canon EOS R5 with a 35mm lens, shallow depth of field, editorial photography style. No text overlays, no watermarks, no logos, no artificial lighting artifacts. The image looks like it was taken by a professional home renovation photographer for an editorial magazine feature.",/images/posts/how-to-install-xwfe-water-filter-the-right-way.webp,plumbing-repair-diy-or-call-a-pro;the-real-deal-on-water-leaking-from-ac-vent-in-ceiling;sewer-plumbing-repair-guide-what-to-know;24-hour-plumbing-repair-diy-or-call-a-pro
136,plumbing-pipe-repair-diy-or-call-a-pro,Plumbing Pipe Repair: DIY or Call a Pro?,plumbing-electrical,home-repair;electrical;plumbing,draft,2026-06-16,"A photorealistic photograph of a homeowner working under a kitchen sink with a wrench adjusting PVC drain fittings, a flashlight illuminating the work area, plumber's tape and pipe fittings spread on the cabinet floor. The scene is set in a well-lit suburban home. natural lighting, shot on a Canon EOS R5 with a 35mm lens, shallow depth of field, editorial photography style. No text overlays, no watermarks, no logos, no artificial lighting artifacts. The image looks like it was taken by a professional home renovation photographer for an editorial magazine feature.",/images/posts/plumbing-pipe-repair-diy-or-call-a-pro.webp,installing-tank-water-heater-what-to-know-first
137,preventing-water-damage-a-practical-guide,Preventing Water Damage: A Practical Guide,plumbing-electrical,water-damage;electrical;plumbing,draft,2026-07-16,"A photorealistic photograph of a homeowner assessing water damage in a basement with a moisture meter pressed against a damp wall, dehumidifier running, and water stains visible on the lower portion of the drywall. The scene is set in a well-lit suburban home. natural lighting, shot on a Canon EOS R5 with a 35mm lens, shallow depth of field, editorial photography style. No text overlays, no watermarks, no logos, no artificial lighting artifacts. The image looks like it was taken by a professional home renovation photographer for an editorial magazine feature.",/images/posts/preventing-water-damage-a-practical-guide.webp,water-heater-constantly-running-a-diyers-honest-take;honeywell-hot-water-heater-no-status-light-a-practical-guide
138,sewer-plumbing-repair-guide-what-to-know,Sewer Plumbing Repair Guide: What to Know,plumbing-electrical,home-repair;electrical;plumbing,draft,2026-06-19,"A photorealistic photograph of a homeowner working under a kitchen sink with a wrench adjusting PVC drain fittings, a flashlight illuminating the work area, plumber's tape and pipe fittings spread on the cabinet floor. The scene is set in a well-lit suburban home. natural lighting, shot on a Canon EOS R5 with a 35mm lens, shallow depth of field, editorial photography style. No text overlays, no watermarks, no logos, no artificial lighting artifacts. The image looks like it was taken by a professional home renovation photographer for an editorial magazine feature.",/images/posts/sewer-plumbing-repair-guide-what-to-know.webp,plumbing-repair-diy-or-call-a-pro;emergency-plumbing-repairs-a-homeowners-guide
139,trenchless-plumbing-repairs-a-homeowners-guide,Trenchless Plumbing Repairs: A Homeowner's Guide,plumbing-electrical,home-repair;electrical;plumbing,draft,2026-09-24,"A photorealistic photograph of a homeowner working under a kitchen sink with a wrench adjusting PVC drain fittings, a flashlight illuminating the work area, plumber's tape and pipe fittings spread on the cabinet floor. The scene is set in a well-lit suburban home. natural lighting, shot on a Canon EOS R5 with a 35mm lens, shallow depth of field, editorial photography style. No text overlays, no watermarks, no logos, no artificial lighting artifacts. The image looks like it was taken by a professional home renovation photographer for an editorial magazine feature.",/images/posts/trenchless-plumbing-repairs-a-homeowners-guide.webp,plumbing-drain-repair-diy-or-call-a-pro;plumbing-repair-diy-or-call-a-pro;24-hour-plumbing-repair-diy-or-call-a-pro;the-real-deal-on-water-leaking-from-ac-vent-in-ceiling
140,turn-on-gas-water-heater-honest-advice-for-your-home,Turn on Gas Water Heater: Honest Advice for Your Home,plumbing-electrical,water-damage;electrical;plumbing,draft,2026-10-04,"A photorealistic photograph of a new tank water heater being installed in a utility closet, with copper supply lines being connected, a pipe wrench in use, and the old unit visible nearby waiting for removal. The scene is set in a well-lit suburban home. natural lighting, shot on a Canon EOS R5 with a 35mm lens, shallow depth of field, editorial photography style. No text overlays, no watermarks, no logos, no artificial lighting artifacts. The image looks like it was taken by a professional home renovation photographer for an editorial magazine feature.",/images/posts/turn-on-gas-water-heater-honest-advice-for-your-home.webp,honeywell-hot-water-heater-no-status-light-a-practical-guide;water-heater-smells-like-gas-but-no-leak-honest-guide;water-heater-constantly-running-a-diyers-honest-take;water-heater-blow-off-valve-leaking-a-practical-guide;water-heater-plano-repair-diy-or-call-a-pro
141,water-heater-igniter-repairs-a-homeowners-guide,Water Heater Igniter Repairs: A Homeowner's Guide,plumbing-electrical,home-repair;water-damage;electrical;plumbing,draft,2026-07-01,"A photorealistic photograph of a new tank water heater being installed in a utility closet, with copper supply lines being connected, a pipe wrench in use, and the old unit visible nearby waiting for removal. The scene is set in a well-lit suburban home. natural lighting, shot on a Canon EOS R5 with a 35mm lens, shallow depth of field, editorial photography style. No text overlays, no watermarks, no logos, no artificial lighting artifacts. The image looks like it was taken by a professional home renovation photographer for an editorial magazine feature.",/images/posts/water-heater-igniter-repairs-a-homeowners-guide.webp,how-to-shut-off-water-heater-without-wrecking-anything;plumbing-repair-diy-or-call-a-pro;how-often-should-i-flush-my-water-heater-honest-guide
142,how-to-install-compression-fitting-the-right-way,How to Install Compression Fitting the Right Way,tools-materials,tools;building-materials;installation,draft,2026-08-26,"A photorealistic photograph of a collection of essential home improvement tools arranged neatly on a workshop table — cordless drill, circular saw, level, speed square, utility knife, and safety glasses. The scene is set in a well-lit suburban home. natural lighting, shot on a Canon EOS R5 with a 35mm lens, shallow depth of field, editorial photography style. No text overlays, no watermarks, no logos, no artificial lighting artifacts. The image looks like it was taken by a professional home renovation photographer for an editorial magazine feature.",/images/posts/how-to-install-compression-fitting-the-right-way.webp,kitchen-remodel-services-a-practical-guide;sustainable-home-renovation-what-homeowners-should-know;bathroom-remodeling-salem-what-homeowners-should-know
143,ac-condenser-installation-cost-breakdown-real-numbers,Ac Condenser Installation Cost Breakdown: Real Numbers,budget-planning,home-improvement-cost;cost-guide;budget-renovation;installation,draft,2026-08-19,"A photorealistic photograph of a clipboard with a renovation cost estimate on a workbench next to a tape measure, pencil, and material samples, with a partially renovated room visible behind. The scene is set in a well-lit suburban home. natural lighting, shot on a Canon EOS R5 with a 35mm lens, shallow depth of field, editorial photography style. No text overlays, no watermarks, no logos, no artificial lighting artifacts. The image looks like it was taken by a professional home renovation photographer for an editorial magazine feature.",/images/posts/ac-condenser-installation-cost-breakdown-real-numbers.webp,installing-240v-breaker-what-to-know-first;fair-carpets-cost-what-to-expect-in-2026
144,ceiling-grid-installation-cost-what-to-expect-in-2026,Ceiling Grid Installation Cost: What to Expect in 2026,budget-planning,home-improvement-cost;installation;budget-renovation;cost-guide,draft,2026-08-20,"A photorealistic photograph of a clipboard with a renovation cost estimate on a workbench next to a tape measure, pencil, and material samples, with a partially renovated room visible behind. The scene is set in a well-lit suburban home. natural lighting, shot on a Canon EOS R5 with a 35mm lens, shallow depth of field, editorial photography style. No text overlays, no watermarks, no logos, no artificial lighting artifacts. The image looks like it was taken by a professional home renovation photographer for an editorial magazine feature.",/images/posts/ceiling-grid-installation-cost-what-to-expect-in-2026.webp,how-much-does-pex-repipe-really-cost;custom-made-windows-and-doors-honest-advice-for-your-home
145,charge-install-sod-pricing-guide-for-homeowners,Charge Install Sod Pricing Guide for Homeowners,budget-planning,home-improvement-cost;budget-renovation;installation,draft,2026-08-17,"A photorealistic photograph of a homeowner sitting at a kitchen table reviewing renovation plans with blueprints spread out, a laptop showing a spreadsheet, paint swatches, and a calculator, natural afternoon light. The scene is set in a well-lit suburban home. natural lighting, shot on a Canon EOS R5 with a 35mm lens, shallow depth of field, editorial photography style. No text overlays, no watermarks, no logos, no artificial lighting artifacts. The image looks like it was taken by a professional home renovation photographer for an editorial magazine feature.",/images/posts/charge-install-sod-pricing-guide-for-homeowners.webp,deck-building-permit-cost-breakdown-real-numbers;bathroom-remodel-return-on-investment;bathroom-remodel-financing-options
146,fair-carpets-cost-what-to-expect-in-2026,Fair Carpets Cost: What to Expect in 2026,budget-planning,home-improvement-cost;budget-renovation;home-improvement,draft,2026-08-18,"A photorealistic photograph of a room with new carpet being stretched using a carpet stretcher and knee kicker, with the carpet padding visible at the edges and tack strips along the wall. The scene is set in a well-lit suburban home. natural lighting, shot on a Canon EOS R5 with a 35mm lens, shallow depth of field, editorial photography style. No text overlays, no watermarks, no logos, no artificial lighting artifacts. The image looks like it was taken by a professional home renovation photographer for an editorial magazine feature.",/images/posts/fair-carpets-cost-what-to-expect-in-2026.webp,charge-install-sod-pricing-guide-for-homeowners
147,gas-valve-replacement-cost-breakdown-real-numbers,Gas Valve Replacement Cost Breakdown: Real Numbers,budget-planning,home-improvement-cost;budget-renovation;cost-guide,draft,2026-08-18,"A photorealistic photograph of color-coded material samples arranged on a table including tile samples, paint swatches, flooring pieces, and hardware options, with price tags visible on each. The scene is set in a well-lit suburban home. natural lighting, shot on a Canon EOS R5 with a 35mm lens, shallow depth of field, editorial photography style. No text overlays, no watermarks, no logos, no artificial lighting artifacts. The image looks like it was taken by a professional home renovation photographer for an editorial magazine feature.",/images/posts/gas-valve-replacement-cost-breakdown-real-numbers.webp,replace-concrete-slab-cost-breakdown-real-numbers
148,how-much-does-pex-repipe-really-cost,How Much Does Pex Repipe Really Cost?,budget-planning,home-improvement-cost;budget-renovation;cost-guide,draft,2026-08-19,"A photorealistic photograph of a homeowner working under a kitchen sink with a wrench adjusting PVC drain fittings, a flashlight illuminating the work area, plumber's tape and pipe fittings spread on the cabinet floor. The scene is set in a well-lit suburban home. natural lighting, shot on a Canon EOS R5 with a 35mm lens, shallow depth of field, editorial photography style. No text overlays, no watermarks, no logos, no artificial lighting artifacts. The image looks like it was taken by a professional home renovation photographer for an editorial magazine feature.",/images/posts/how-much-does-pex-repipe-really-cost.webp,custom-made-windows-and-doors-honest-advice-for-your-home;gas-valve-replacement-cost-breakdown-real-numbers
149,install-surround-sound-cost-breakdown-real-numbers,Install Surround Sound Cost Breakdown: Real Numbers,budget-planning,home-improvement-cost;cost-guide;budget-renovation;installation,draft,2026-11-03,"A photorealistic photograph of color-coded material samples arranged on a table including tile samples, paint swatches, flooring pieces, and hardware options, with price tags visible on each. The scene is set in a well-lit suburban home. natural lighting, shot on a Canon EOS R5 with a 35mm lens, shallow depth of field, editorial photography style. No text overlays, no watermarks, no logos, no artificial lighting artifacts. The image looks like it was taken by a professional home renovation photographer for an editorial magazine feature.",/images/posts/install-surround-sound-cost-breakdown-real-numbers.webp,sand-filter-septic-system-pricing-guide-for-homeowners;finishes-in-interior-design-honest-advice-for-your-home
150,replace-concrete-slab-cost-breakdown-real-numbers,Replace Concrete Slab Cost Breakdown: Real Numbers,budget-planning,home-improvement-cost;budget-renovation;cost-guide,draft,2026-08-16,"A photorealistic photograph of a concrete surface being refinished with a worker using a concrete grinder on a patio slab, dust collection hose attached, and freshly ground smooth sections contrasting with the rough original. The scene is set in a well-lit suburban home. natural lighting, shot on a Canon EOS R5 with a 35mm lens, shallow depth of field, editorial photography style. No text overlays, no watermarks, no logos, no artificial lighting artifacts. The image looks like it was taken by a professional home renovation photographer for an editorial magazine feature.",/images/posts/replace-concrete-slab-cost-breakdown-real-numbers.webp,water-proofing-services-a-diyers-honest-take;diy-bathroom-remodel-cost;bathroom-remodel-financing-options;bathroom-remodel-timeline
151,sand-filter-septic-system-pricing-guide-for-homeowners,Sand Filter Septic System Pricing Guide for Homeowners,budget-planning,home-improvement-cost;budget-renovation;cost-guide,draft,2026-11-02,"A photorealistic photograph of color-coded material samples arranged on a table including tile samples, paint swatches, flooring pieces, and hardware options, with price tags visible on each. The scene is set in a well-lit suburban home. natural lighting, shot on a Canon EOS R5 with a 35mm lens, shallow depth of field, editorial photography style. No text overlays, no watermarks, no logos, no artificial lighting artifacts. The image looks like it was taken by a professional home renovation photographer for an editorial magazine feature.",/images/posts/sand-filter-septic-system-pricing-guide-for-homeowners.webp,finishes-in-interior-design-honest-advice-for-your-home
152,bathroom-remodeling-salem-what-homeowners-should-know,Bathroom Remodeling Salem: What Homeowners Should Know,kitchen-bath-remodeling,bathroom-remodel;bathroom;kitchen-remodel,draft,2026-08-25,"A photorealistic photograph of a bathroom mid-renovation with partially installed white subway tile, new fixtures still in packaging nearby, blue painter's tape on the edges, and a level tool resting on the vanity. The scene is set in a well-lit suburban home. natural lighting, shot on a Canon EOS R5 with a 35mm lens, shallow depth of field, editorial photography style. No text overlays, no watermarks, no logos, no artificial lighting artifacts. The image looks like it was taken by a professional home renovation photographer for an editorial magazine feature.",/images/posts/bathroom-remodeling-salem-what-homeowners-should-know.webp,hiring-a-kitchen-bathroom-remodel-contractor-red-flags-and-tips;cabinet-painting-pricing-guide-for-homeowners;home-additions-and-renovations-what-homeowners-should-know;kitchen-remodel-services-a-practical-guide;sustainable-home-renovation-what-homeowners-should-know
153,concrete-countertop-installation-cost-breakdown-real-numbers,Concrete Countertop Installation Cost Breakdown: Real Numbers,kitchen-bath-remodeling,countertops;bathroom-remodel;kitchen-remodel;installation;cost-guide,draft,2026-11-19,"A photorealistic photograph of a concrete surface being refinished with a worker using a concrete grinder on a patio slab, dust collection hose attached, and freshly ground smooth sections contrasting with the rough original. The scene is set in a well-lit suburban home. natural lighting, shot on a Canon EOS R5 with a 35mm lens, shallow depth of field, editorial photography style. No text overlays, no watermarks, no logos, no artificial lighting artifacts. The image looks like it was taken by a professional home renovation photographer for an editorial magazine feature.",/images/posts/concrete-countertop-installation-cost-breakdown-real-numbers.webp,laminate-countertop-replacement-cost-breakdown-real-numbers;butcher-block-countertop-installation-pricing-guide-for;countertop-pricing-guide-for-homeowners
154,granite-countertop-installation-pricing-guide-for-homeowners,Granite Countertop Installation Pricing Guide for Homeowners,kitchen-bath-remodeling,countertops;bathroom-remodel;kitchen-remodel;installation;cost-guide,draft,2026-08-29,"A photorealistic photograph of a bright kitchen mid-renovation showing progress with new shaker cabinets on one wall and bare studs on the other, a level and drill on the counter, blue painter's tape along trim. The scene is set in a well-lit suburban home. natural lighting, shot on a Canon EOS R5 with a 35mm lens, shallow depth of field, editorial photography style. No text overlays, no watermarks, no logos, no artificial lighting artifacts. The image looks like it was taken by a professional home renovation photographer for an editorial magazine feature.",/images/posts/granite-countertop-installation-pricing-guide-for-homeowners.webp,kitchen-remodel-services-a-practical-guide;home-additions-and-renovations-what-homeowners-should-know
155,toilet-repair-and-installation-costs-and-tips,Toilet Repair and Installation: Costs and Tips,kitchen-bath-remodeling,home-repair;bathroom-remodel;kitchen-remodel;installation,draft,2026-11-04,"A photorealistic photograph of a homeowner measuring cabinet dimensions in a kitchen with a tape measure and notepad, new cabinet samples on the counter, morning light through a window above the sink. The scene is set in a well-lit suburban home. natural lighting, shot on a Canon EOS R5 with a 35mm lens, shallow depth of field, editorial photography style. No text overlays, no watermarks, no logos, no artificial lighting artifacts. The image looks like it was taken by a professional home renovation photographer for an editorial magazine feature.",/images/posts/toilet-repair-and-installation-costs-and-tips.webp,bathroom-renovation-specialists-a-diyers-honest-take;sustainable-home-renovation-what-homeowners-should-know
156,deck-building-calculator-what-homeowners-should-know,Deck Building Calculator: What Homeowners Should Know,outdoor-landscaping,deck-building;outdoor-projects;landscaping,draft,2026-08-09,"A photorealistic photograph of a homeowner building a pressure-treated wood deck in a suburban backyard, attaching deck boards with a cordless drill, with a framing square, level, and stacks of lumber visible nearby. The scene is set in a well-lit suburban home. natural lighting, shot on a Canon EOS R5 with a 35mm lens, shallow depth of field, editorial photography style. No text overlays, no watermarks, no logos, no artificial lighting artifacts. The image looks like it was taken by a professional home renovation photographer for an editorial magazine feature.",/images/posts/deck-building-calculator-what-homeowners-should-know.webp,how-to-install-board-and-batten-siding-the-right-way;finding-good-deck-building-contractors-near-you
157,electric-fence-installation-cost-what-to-expect-in-2026,Electric Fence Installation Cost: What to Expect in 2026,outdoor-landscaping,outdoor-projects;fencing;landscaping;electrical;installation;cost-guide,draft,2026-11-14,"A photorealistic photograph of a cedar privacy fence being built in a suburban backyard, with a post hole digger next to a freshly set post, horizontal rails being nailed, and stacks of pickets leaning against the partially completed fence. The scene is set in a well-lit suburban home. natural lighting, shot on a Canon EOS R5 with a 35mm lens, shallow depth of field, editorial photography style. No text overlays, no watermarks, no logos, no artificial lighting artifacts. The image looks like it was taken by a professional home renovation photographer for an editorial magazine feature.",/images/posts/electric-fence-installation-cost-what-to-expect-in-2026.webp,chain-link-fence-installation-costs-and-tips;installing-woven-wire-fence-what-to-know-first;quotes-fence-installation-costs-and-tips
158,how-to-install-board-and-batten-siding-the-right-way,How to Install Board and Batten Siding the Right Way,outdoor-landscaping,installation;outdoor-projects;landscaping,draft,2026-07-27,"A photorealistic photograph of vinyl siding being installed on a home exterior with a worker snapping panels into the starter strip, a utility knife and tin snips on a scaffold platform, and house wrap visible where siding hasn't been applied yet. The scene is set in a well-lit suburban home. natural lighting, shot on a Canon EOS R5 with a 35mm lens, shallow depth of field, editorial photography style. No text overlays, no watermarks, no logos, no artificial lighting artifacts. The image looks like it was taken by a professional home renovation photographer for an editorial magazine feature.",/images/posts/how-to-install-board-and-batten-siding-the-right-way.webp,cedar-fence-installation-guide-diy-or-hire-out;chain-link-fence-installation-costs-and-tips
159,installing-pvc-fence-what-to-know-first,Installing Pvc Fence: What to Know First,outdoor-landscaping,fencing;installation;outdoor-projects;landscaping,draft,2026-07-06,"A photorealistic photograph of a cedar privacy fence being built in a suburban backyard, with a post hole digger next to a freshly set post, horizontal rails being nailed, and stacks of pickets leaning against the partially completed fence. The scene is set in a well-lit suburban home. natural lighting, shot on a Canon EOS R5 with a 35mm lens, shallow depth of field, editorial photography style. No text overlays, no watermarks, no logos, no artificial lighting artifacts. The image looks like it was taken by a professional home renovation photographer for an editorial magazine feature.",/images/posts/installing-pvc-fence-what-to-know-first.webp,chain-link-fence-installation-costs-and-tips;privacy-fence-installation-costs-and-tips
160,installing-woven-wire-fence-what-to-know-first,Installing Woven Wire Fence: What to Know First,outdoor-landscaping,fencing;outdoor-projects;landscaping;installation,draft,2026-11-14,"A photorealistic photograph of a cedar privacy fence being built in a suburban backyard, with a post hole digger next to a freshly set post, horizontal rails being nailed, and stacks of pickets leaning against the partially completed fence. The scene is set in a well-lit suburban home. natural lighting, shot on a Canon EOS R5 with a 35mm lens, shallow depth of field, editorial photography style. No text overlays, no watermarks, no logos, no artificial lighting artifacts. The image looks like it was taken by a professional home renovation photographer for an editorial magazine feature.",/images/posts/installing-woven-wire-fence-what-to-know-first.webp,residential-fence-installation-guide-diy-or-hire-out;quotes-fence-installation-costs-and-tips;chain-link-fence-installation-costs-and-tips
161,replacing-signature-window-and-door-what-it-costs-and-takes,Replacing Signature Window and Door: What It Costs and Takes,outdoor-landscaping,windows;outdoor-projects;landscaping;doors,draft,2026-06-29,"A photorealistic photograph of a replacement window being installed in a residential home, with the old window removed showing the rough opening, foam insulation being sprayed around the frame, and the new vinyl double-hung window ready to be set. The scene is set in a well-lit suburban home. natural lighting, shot on a Canon EOS R5 with a 35mm lens, shallow depth of field, editorial photography style. No text overlays, no watermarks, no logos, no artificial lighting artifacts. The image looks like it was taken by a professional home renovation photographer for an editorial magazine feature.",/images/posts/replacing-signature-window-and-door-what-it-costs-and-takes.webp,window-company-replacement-full-planning-guide;when-to-replace-signature-window-signs-and-costs
162,sprinkler-valve-repair-cost-what-to-expect-in-2026,Sprinkler Valve Repair Cost: What to Expect in 2026,outdoor-landscaping,home-repair;outdoor-projects;landscaping;cost-guide,draft,2026-09-14,"A photorealistic photograph of a lawn irrigation system being installed with trenches dug in a front yard, PVC pipe and sprinkler heads being connected, a pipe cutter and glue nearby, and green grass on either side of the trench. The scene is set in a well-lit suburban home. natural lighting, shot on a Canon EOS R5 with a 35mm lens, shallow depth of field, editorial photography style. No text overlays, no watermarks, no logos, no artificial lighting artifacts. The image looks like it was taken by a professional home renovation photographer for an editorial magazine feature.",/images/posts/sprinkler-valve-repair-cost-what-to-expect-in-2026.webp,deck-building-cost-what-to-expect-in-2026
163,ceiling-painting-services-a-practical-guide,Ceiling Painting Services: A Practical Guide,painting-walls,wall-repair;painting;home-improvement,draft,2026-10-16,"A photorealistic photograph of a bright bedroom being freshly painted with a roller applying warm gray paint to one wall, crisp blue painter's tape along the trim, a drop cloth on the hardwood floor, and a paint tray nearby. The scene is set in a well-lit suburban home. natural lighting, shot on a Canon EOS R5 with a 35mm lens, shallow depth of field, editorial photography style. No text overlays, no watermarks, no logos, no artificial lighting artifacts. The image looks like it was taken by a professional home renovation photographer for an editorial magazine feature.",/images/posts/ceiling-painting-services-a-practical-guide.webp,interior-house-painting-services-what-homeowners-should-know;professional-painting-cost-what-to-expect-in-2026;labor-painting-cost-breakdown-real-numbers;exterior-house-painting-pricing-guide-for-homeowners
164,drywall-arlington-repair-guide-what-to-know,Drywall Arlington Repair Guide: What to Know,painting-walls,wall-repair;drywall;home-repair;painting,draft,2026-10-19,"A photorealistic photograph of a homeowner mudding drywall seams using a wide taping knife to smooth joint compound over paper tape, with a hawk in the other hand, bare drywall sheets visible, and sanding dust in the air. The scene is set in a well-lit suburban home. natural lighting, shot on a Canon EOS R5 with a 35mm lens, shallow depth of field, editorial photography style. No text overlays, no watermarks, no logos, no artificial lighting artifacts. The image looks like it was taken by a professional home renovation photographer for an editorial magazine feature.",/images/posts/drywall-arlington-repair-guide-what-to-know.webp,drywall-professional-repairs-a-homeowners-guide;water-stains-on-drywall-honest-advice-for-your-home;drywall-ceiling-repair-cost-breakdown-real-numbers;drywall-repair-diy-or-call-a-pro
165,painting-rooms-pricing-guide-for-homeowners,Painting Rooms Pricing Guide for Homeowners,painting-walls,wall-repair;cost-guide;painting,draft,2026-07-11,"A photorealistic photograph of a bright bedroom being freshly painted with a roller applying warm gray paint to one wall, crisp blue painter's tape along the trim, a drop cloth on the hardwood floor, and a paint tray nearby. The scene is set in a well-lit suburban home. natural lighting, shot on a Canon EOS R5 with a 35mm lens, shallow depth of field, editorial photography style. No text overlays, no watermarks, no logos, no artificial lighting artifacts. The image looks like it was taken by a professional home renovation photographer for an editorial magazine feature.",/images/posts/painting-rooms-pricing-guide-for-homeowners.webp,professional-painting-cost-what-to-expect-in-2026
166,water-heater-pipe-size-what-homeowners-should-know,Water Heater Pipe Size: What Homeowners Should Know,plumbing-electrical,water-damage;electrical;plumbing,draft,2026-10-07,"A photorealistic photograph of a homeowner working under a kitchen sink with a wrench adjusting PVC drain fittings, a flashlight illuminating the work area, plumber's tape and pipe fittings spread on the cabinet floor. The scene is set in a well-lit suburban home. natural lighting, shot on a Canon EOS R5 with a 35mm lens, shallow depth of field, editorial photography style. No text overlays, no watermarks, no logos, no artificial lighting artifacts. The image looks like it was taken by a professional home renovation photographer for an editorial magazine feature.",/images/posts/water-heater-pipe-size-what-homeowners-should-know.webp,water-heater-blow-off-valve-leaking-a-practical-guide;24-hour-water-heater-repair-diy-or-call-a-pro
167,modern-home-improvements-what-homeowners-should-know,Modern Home Improvements: What Homeowners Should Know,budget-planning,home-improvement-cost;budget-renovation;home-improvement,draft,2026-08-15,"A photorealistic photograph of color-coded material samples arranged on a table including tile samples, paint swatches, flooring pieces, and hardware options, with price tags visible on each. The scene is set in a well-lit suburban home. natural lighting, shot on a Canon EOS R5 with a 35mm lens, shallow depth of field, editorial photography style. No text overlays, no watermarks, no logos, no artificial lighting artifacts. The image looks like it was taken by a professional home renovation photographer for an editorial magazine feature.",/images/posts/modern-home-improvements-what-homeowners-should-know.webp,bathroom-remodel-return-on-investment;bathroom-remodel-financing-options;deck-building-permit-cost-breakdown-real-numbers;water-proofing-services-a-diyers-honest-take;bathroom-remodel-timeline
168,bathroom-vanity-countertop-installation-costs-and-tips,Bathroom Vanity Countertop Installation: Costs and Tips,kitchen-bath-remodeling,countertops;bathroom-remodel;bathroom;kitchen-remodel;installation,draft,2026-09-13,"A photorealistic photograph of a freshly installed floating bathroom vanity with a white quartz countertop, undermount sink, polished chrome faucet, and the tools used for installation still visible on the floor nearby. The scene is set in a well-lit suburban home. natural lighting, shot on a Canon EOS R5 with a 35mm lens, shallow depth of field, editorial photography style. No text overlays, no watermarks, no logos, no artificial lighting artifacts. The image looks like it was taken by a professional home renovation photographer for an editorial magazine feature.",/images/posts/bathroom-vanity-countertop-installation-costs-and-tips.webp,80s-kitchen-remodel-honest-advice-for-your-home;kitchen-plumbing-remodel-a-diyers-honest-take
169,estimated-remodel-kitchen-cost-breakdown-real-numbers,Estimated Remodel Kitchen Cost Breakdown: Real Numbers,kitchen-bath-remodeling,kitchen;bathroom-remodel;kitchen-remodel;cost-guide,draft,2026-11-03,"A photorealistic photograph of a kitchen mid-renovation with new cabinets partially installed, exposed plumbing visible, a miter saw on the floor, and natural light from a window over the sink area. The scene is set in a well-lit suburban home. natural lighting, shot on a Canon EOS R5 with a 35mm lens, shallow depth of field, editorial photography style. No text overlays, no watermarks, no logos, no artificial lighting artifacts. The image looks like it was taken by a professional home renovation photographer for an editorial magazine feature.",/images/posts/estimated-remodel-kitchen-cost-breakdown-real-numbers.webp,finishes-in-interior-design-honest-advice-for-your-home;install-surround-sound-cost-breakdown-real-numbers
170,federal-way-kitchen-remodel-what-homeowners-should-know,Federal Way Kitchen Remodel: What Homeowners Should Know,kitchen-bath-remodeling,kitchen;bathroom-remodel;kitchen-remodel,draft,2026-09-05,"A photorealistic photograph of a kitchen mid-renovation with new cabinets partially installed, exposed plumbing visible, a miter saw on the floor, and natural light from a window over the sink area. The scene is set in a well-lit suburban home. natural lighting, shot on a Canon EOS R5 with a 35mm lens, shallow depth of field, editorial photography style. No text overlays, no watermarks, no logos, no artificial lighting artifacts. The image looks like it was taken by a professional home renovation photographer for an editorial magazine feature.",/images/posts/federal-way-kitchen-remodel-what-homeowners-should-know.webp,quartz-countertop-installation-pricing-guide-for-homeowners;countertop-pricing-guide-for-homeowners;kitchen-countertop-installation-pricing-guide-for-homeowners
171,formica-countertop-installation-pricing-guide-for-homeowners,Formica Countertop Installation Pricing Guide for Homeowners,kitchen-bath-remodeling,countertops;bathroom-remodel;kitchen-remodel;installation;cost-guide,draft,2026-11-11,"A photorealistic photograph of a bright kitchen mid-renovation showing progress with new shaker cabinets on one wall and bare studs on the other, a level and drill on the counter, blue painter's tape along trim. The scene is set in a well-lit suburban home. natural lighting, shot on a Canon EOS R5 with a 35mm lens, shallow depth of field, editorial photography style. No text overlays, no watermarks, no logos, no artificial lighting artifacts. The image looks like it was taken by a professional home renovation photographer for an editorial magazine feature.",/images/posts/formica-countertop-installation-pricing-guide-for-homeowners.webp,butcher-block-countertop-installation-pricing-guide-for;laminate-countertop-replacement-cost-breakdown-real-numbers
172,how-to-install-water-shut-off-valve-for-toilet-the-right-way,How to Install Water Shut Off Valve for Toilet the Right Way,kitchen-bath-remodeling,water-damage;bathroom-remodel;kitchen-remodel;installation,draft,2026-08-21,"A photorealistic photograph of a bright kitchen mid-renovation showing progress with new shaker cabinets on one wall and bare studs on the other, a level and drill on the counter, blue painter's tape along trim. The scene is set in a well-lit suburban home. natural lighting, shot on a Canon EOS R5 with a 35mm lens, shallow depth of field, editorial photography style. No text overlays, no watermarks, no logos, no artificial lighting artifacts. The image looks like it was taken by a professional home renovation photographer for an editorial magazine feature.",/images/posts/how-to-install-water-shut-off-valve-for-toilet-the-right-way.webp,plumbing-toilet-repair-diy-or-call-a-pro;water-proofing-services-a-diyers-honest-take
173,quartz-countertop-vs-granite-pricing-guide-for-homeowners,Quartz Countertop vs Granite Pricing Guide for Homeowners,kitchen-bath-remodeling,bathroom-remodel;countertops;kitchen-remodel;cost-guide,draft,2026-11-21,"A photorealistic photograph of a homeowner measuring cabinet dimensions in a kitchen with a tape measure and notepad, new cabinet samples on the counter, morning light through a window above the sink. The scene is set in a well-lit suburban home. natural lighting, shot on a Canon EOS R5 with a 35mm lens, shallow depth of field, editorial photography style. No text overlays, no watermarks, no logos, no artificial lighting artifacts. The image looks like it was taken by a professional home renovation photographer for an editorial magazine feature.",/images/posts/quartz-countertop-vs-granite-pricing-guide-for-homeowners.webp,countertop-pricing-guide-for-homeowners;countertop-removal-cost-what-to-expect-in-2026
174,the-real-deal-on-remodel-kitchen-and-bath,The Real Deal on Remodel Kitchen and Bath,kitchen-bath-remodeling,kitchen;bathroom-remodel;kitchen-remodel,draft,2026-11-06,"A photorealistic photograph of a kitchen mid-renovation with new cabinets partially installed, exposed plumbing visible, a miter saw on the floor, and natural light from a window over the sink area. The scene is set in a well-lit suburban home. natural lighting, shot on a Canon EOS R5 with a 35mm lens, shallow depth of field, editorial photography style. No text overlays, no watermarks, no logos, no artificial lighting artifacts. The image looks like it was taken by a professional home renovation photographer for an editorial magazine feature.",/images/posts/the-real-deal-on-remodel-kitchen-and-bath.webp,1980s-home-renovation-honest-advice-for-your-home;bathroom-renovation-specialists-a-diyers-honest-take
175,the-real-deal-on-water-damage-in-bathroom-walls,The Real Deal on Water Damage in Bathroom Walls,kitchen-bath-remodeling,water-damage;bathroom-remodel;bathroom;kitchen-remodel,draft,2026-10-17,"A photorealistic photograph of a clean, updated bathroom with white subway tile, a floating vanity with a vessel sink, brushed nickel fixtures, and natural light streaming through a frosted window. The scene is set in a well-lit suburban home. natural lighting, shot on a Canon EOS R5 with a 35mm lens, shallow depth of field, editorial photography style. No text overlays, no watermarks, no logos, no artificial lighting artifacts. The image looks like it was taken by a professional home renovation photographer for an editorial magazine feature.",/images/posts/the-real-deal-on-water-damage-in-bathroom-walls.webp,finding-good-water-damage-remediation-contractors-near-you;water-damage-repair-diy-or-call-a-pro;water-damage-ceiling-tiles-honest-advice-for-your-home;the-real-deal-on-water-damaged-cabinets;water-proofing-services-a-diyers-honest-take
176,building-rooftop-deck-honest-advice-for-your-home,Building Rooftop Deck: Honest Advice for Your Home,outdoor-landscaping,deck-building;outdoor-projects;roofing;landscaping,draft,2026-10-28,"A photorealistic photograph of a homeowner building a pressure-treated wood deck in a suburban backyard, attaching deck boards with a cordless drill, with a framing square, level, and stacks of lumber visible nearby. The scene is set in a well-lit suburban home. natural lighting, shot on a Canon EOS R5 with a 35mm lens, shallow depth of field, editorial photography style. No text overlays, no watermarks, no logos, no artificial lighting artifacts. The image looks like it was taken by a professional home renovation photographer for an editorial magazine feature.",/images/posts/building-rooftop-deck-honest-advice-for-your-home.webp,building-a-deck-guide-a-practical-guide;the-real-deal-on-custom-deck-building
177,composite-roof-repair-guide-what-to-know,Composite Roof Repair Guide: What to Know,outdoor-landscaping,roofing;outdoor-projects;landscaping;home-repair,draft,2026-07-27,"A photorealistic photograph of a suburban home getting a new roof with a roofing crew stripping old shingles, new underlayment partially rolled out, bundles of architectural shingles staged on the roof, and a dumpster below. The scene is set in a well-lit suburban home. natural lighting, shot on a Canon EOS R5 with a 35mm lens, shallow depth of field, editorial photography style. No text overlays, no watermarks, no logos, no artificial lighting artifacts. The image looks like it was taken by a professional home renovation photographer for an editorial magazine feature.",/images/posts/composite-roof-repair-guide-what-to-know.webp,cedar-fence-installation-guide-diy-or-hire-out;chain-link-fence-installation-costs-and-tips
178,gutter-guard-installation-per-linear-foot-cost-what-to,Gutter Guard Installation Per Linear Foot Cost: What to...,outdoor-landscaping,installation;outdoor-projects;landscaping;cost-guide,draft,2026-07-26,"A photorealistic photograph of seamless gutters being installed on the fascia of a suburban home, with a gutter machine visible on the ground below, the installer on a ladder securing hangers, and downspout components ready to be attached. The scene is set in a well-lit suburban home. natural lighting, shot on a Canon EOS R5 with a 35mm lens, shallow depth of field, editorial photography style. No text overlays, no watermarks, no logos, no artificial lighting artifacts. The image looks like it was taken by a professional home renovation photographer for an editorial magazine feature.",/images/posts/gutter-guard-installation-per-linear-foot-cost-what-to.webp,chain-link-fence-installation-costs-and-tips;wrought-iron-fence-installation-costs-and-tips
179,installing-professional-gutter-what-to-know-first,Installing Professional Gutter: What to Know First,outdoor-landscaping,installation;outdoor-projects;landscaping,draft,2026-07-26,"A photorealistic photograph of seamless gutters being installed on the fascia of a suburban home, with a gutter machine visible on the ground below, the installer on a ladder securing hangers, and downspout components ready to be attached. The scene is set in a well-lit suburban home. natural lighting, shot on a Canon EOS R5 with a 35mm lens, shallow depth of field, editorial photography style. No text overlays, no watermarks, no logos, no artificial lighting artifacts. The image looks like it was taken by a professional home renovation photographer for an editorial magazine feature.",/images/posts/installing-professional-gutter-what-to-know-first.webp,chain-link-fence-installation-costs-and-tips;cedar-fence-installation-guide-diy-or-hire-out
180,patio-enclosure-builders-honest-advice-for-your-home,Patio Enclosure Builders: Honest Advice for Your Home,outdoor-landscaping,outdoor-projects;landscaping;home-improvement,draft,2026-09-16,"A photorealistic photograph of a patio being laid with concrete pavers in a suburban backyard, with a herringbone pattern taking shape on a compacted gravel base, a plate compactor nearby, and polymeric sand being swept into joints. The scene is set in a well-lit suburban home. natural lighting, shot on a Canon EOS R5 with a 35mm lens, shallow depth of field, editorial photography style. No text overlays, no watermarks, no logos, no artificial lighting artifacts. The image looks like it was taken by a professional home renovation photographer for an editorial magazine feature.",/images/posts/patio-enclosure-builders-honest-advice-for-your-home.webp,composite-deck-building-a-diyers-honest-take;sprinkler-valve-repair-cost-what-to-expect-in-2026
181,replacing-full-service-window-what-it-costs-and-takes,Replacing Full Service Window: What It Costs and Takes,outdoor-landscaping,windows;outdoor-projects;landscaping,draft,2026-10-03,"A photorealistic photograph of a replacement window being installed in a residential home, with the old window removed showing the rough opening, foam insulation being sprayed around the frame, and the new vinyl double-hung window ready to be set. The scene is set in a well-lit suburban home. natural lighting, shot on a Canon EOS R5 with a 35mm lens, shallow depth of field, editorial photography style. No text overlays, no watermarks, no logos, no artificial lighting artifacts. The image looks like it was taken by a professional home renovation photographer for an editorial magazine feature.",/images/posts/replacing-full-service-window-what-it-costs-and-takes.webp,when-to-replace-window-naperville-signs-and-costs;replacing-local-contractors-window-what-it-costs-and-takes
182,replacing-window-ames-what-it-costs-and-takes,Replacing Window Ames: What It Costs and Takes,outdoor-landscaping,windows;outdoor-projects;landscaping,draft,2026-10-01,"A photorealistic photograph of a replacement window being installed in a residential home, with the old window removed showing the rough opening, foam insulation being sprayed around the frame, and the new vinyl double-hung window ready to be set. The scene is set in a well-lit suburban home. natural lighting, shot on a Canon EOS R5 with a 35mm lens, shallow depth of field, editorial photography style. No text overlays, no watermarks, no logos, no artificial lighting artifacts. The image looks like it was taken by a professional home renovation photographer for an editorial magazine feature.",/images/posts/replacing-window-ames-what-it-costs-and-takes.webp,professional-window-replacement-full-planning-guide;replacing-local-contractors-window-what-it-costs-and-takes;when-to-replace-window-naperville-signs-and-costs;when-to-replace-signature-window-signs-and-costs
183,standing-seam-metal-roof-how-installation-costs-and-tips,Standing Seam Metal Roof How Installation: Costs and Tips,outdoor-landscaping,roofing;installation;outdoor-projects;landscaping,draft,2026-07-29,"A photorealistic photograph of a suburban home getting a new roof with a roofing crew stripping old shingles, new underlayment partially rolled out, bundles of architectural shingles staged on the roof, and a dumpster below. The scene is set in a well-lit suburban home. natural lighting, shot on a Canon EOS R5 with a 35mm lens, shallow depth of field, editorial photography style. No text overlays, no watermarks, no logos, no artificial lighting artifacts. The image looks like it was taken by a professional home renovation photographer for an editorial magazine feature.",/images/posts/standing-seam-metal-roof-how-installation-costs-and-tips.webp,chain-link-fence-installation-costs-and-tips;cedar-fence-installation-guide-diy-or-hire-out
184,when-to-replace-window-elgin-signs-and-costs,When to Replace Window Elgin: Signs and Costs,outdoor-landscaping,windows;outdoor-projects;landscaping,draft,2026-10-02,"A photorealistic photograph of a replacement window being installed in a residential home, with the old window removed showing the rough opening, foam insulation being sprayed around the frame, and the new vinyl double-hung window ready to be set. The scene is set in a well-lit suburban home. natural lighting, shot on a Canon EOS R5 with a 35mm lens, shallow depth of field, editorial photography style. No text overlays, no watermarks, no logos, no artificial lighting artifacts. The image looks like it was taken by a professional home renovation photographer for an editorial magazine feature.",/images/posts/when-to-replace-window-elgin-signs-and-costs.webp,replacing-local-contractors-window-what-it-costs-and-takes;professional-window-replacement-full-planning-guide;when-to-replace-window-naperville-signs-and-costs;window-company-replacement-full-planning-guide
185,widen-driveway-with-concrete-honest-advice-for-your-home,Widen Driveway with Concrete: Honest Advice for Your Home,outdoor-landscaping,outdoor-projects;landscaping;home-improvement,draft,2026-09-15,"A photorealistic photograph of a concrete driveway being poured in front of a suburban home, with workers smoothing wet concrete with a bull float, forms along the edges, and a concrete truck parked in the street. The scene is set in a well-lit suburban home. natural lighting, shot on a Canon EOS R5 with a 35mm lens, shallow depth of field, editorial photography style. No text overlays, no watermarks, no logos, no artificial lighting artifacts. The image looks like it was taken by a professional home renovation photographer for an editorial magazine feature.",/images/posts/widen-driveway-with-concrete-honest-advice-for-your-home.webp,the-real-deal-on-custom-deck-building
186,drywall-flood-cut-honest-advice-for-your-home,Drywall Flood Cut: Honest Advice for Your Home,painting-walls,wall-repair;drywall;painting,draft,2026-10-20,"A photorealistic photograph of a homeowner mudding drywall seams using a wide taping knife to smooth joint compound over paper tape, with a hawk in the other hand, bare drywall sheets visible, and sanding dust in the air. The scene is set in a well-lit suburban home. natural lighting, shot on a Canon EOS R5 with a 35mm lens, shallow depth of field, editorial photography style. No text overlays, no watermarks, no logos, no artificial lighting artifacts. The image looks like it was taken by a professional home renovation photographer for an editorial magazine feature.",/images/posts/drywall-flood-cut-honest-advice-for-your-home.webp,drywall-professional-repairs-a-homeowners-guide;water-stains-on-drywall-honest-advice-for-your-home;drywall-ceiling-repair-cost-breakdown-real-numbers;drywall-arlington-repair-guide-what-to-know
187,painting-bedroom-pricing-guide-for-homeowners,Painting Bedroom Pricing Guide for Homeowners,painting-walls,wall-repair;cost-guide;painting,draft,2026-10-17,"A photorealistic photograph of a bright bedroom being freshly painted with a roller applying warm gray paint to one wall, crisp blue painter's tape along the trim, a drop cloth on the hardwood floor, and a paint tray nearby. The scene is set in a well-lit suburban home. natural lighting, shot on a Canon EOS R5 with a 35mm lens, shallow depth of field, editorial photography style. No text overlays, no watermarks, no logos, no artificial lighting artifacts. The image looks like it was taken by a professional home renovation photographer for an editorial magazine feature.",/images/posts/painting-bedroom-pricing-guide-for-homeowners.webp,interior-house-painting-services-what-homeowners-should-know;professional-painting-cost-what-to-expect-in-2026;labor-painting-cost-breakdown-real-numbers;ceiling-painting-services-a-practical-guide
188,poured-concrete-walls-pricing-guide-for-homeowners,Poured Concrete Walls Pricing Guide for Homeowners,painting-walls,wall-repair;cost-guide;painting,draft,2026-10-16,"A photorealistic photograph of a concrete surface being refinished with a worker using a concrete grinder on a patio slab, dust collection hose attached, and freshly ground smooth sections contrasting with the rough original. The scene is set in a well-lit suburban home. natural lighting, shot on a Canon EOS R5 with a 35mm lens, shallow depth of field, editorial photography style. No text overlays, no watermarks, no logos, no artificial lighting artifacts. The image looks like it was taken by a professional home renovation photographer for an editorial magazine feature.",/images/posts/poured-concrete-walls-pricing-guide-for-homeowners.webp,professional-painting-cost-what-to-expect-in-2026;interior-house-painting-services-what-homeowners-should-know;exterior-house-painting-pricing-guide-for-homeowners;labor-painting-cost-breakdown-real-numbers
189,electric-boiler-repair-guide-what-to-know,Electric Boiler Repair Guide: What to Know,plumbing-electrical,home-repair;electrical;plumbing,draft,2026-09-09,"A photorealistic photograph of an electrician installing a new outlet in a residential wall with exposed wiring visible in the open junction box, wire strippers and a voltage tester on a nearby step ladder. The scene is set in a well-lit suburban home. natural lighting, shot on a Canon EOS R5 with a 35mm lens, shallow depth of field, editorial photography style. No text overlays, no watermarks, no logos, no artificial lighting artifacts. The image looks like it was taken by a professional home renovation photographer for an editorial magazine feature.",/images/posts/electric-boiler-repair-guide-what-to-know.webp,the-real-deal-on-water-damaged-cabinets
190,electrical-burning-smell-in-house-a-practical-guide,Electrical Burning Smell in House: A Practical Guide,plumbing-electrical,electrical;plumbing;home-improvement,draft,2026-09-08,"A photorealistic photograph of an electrician installing a new outlet in a residential wall with exposed wiring visible in the open junction box, wire strippers and a voltage tester on a nearby step ladder. The scene is set in a well-lit suburban home. natural lighting, shot on a Canon EOS R5 with a 35mm lens, shallow depth of field, editorial photography style. No text overlays, no watermarks, no logos, no artificial lighting artifacts. The image looks like it was taken by a professional home renovation photographer for an editorial magazine feature.",/images/posts/electrical-burning-smell-in-house-a-practical-guide.webp,contractor-to-remodel-kitchen-what-to-know;finding-good-water-damage-remediation-contractors-near-you
191,frozen-tankless-water-heater-a-practical-guide,Frozen Tankless Water Heater: A Practical Guide,plumbing-electrical,water-damage;electrical;plumbing,draft,2026-07-02,"A photorealistic photograph of a new tank water heater being installed in a utility closet, with copper supply lines being connected, a pipe wrench in use, and the old unit visible nearby waiting for removal. The scene is set in a well-lit suburban home. natural lighting, shot on a Canon EOS R5 with a 35mm lens, shallow depth of field, editorial photography style. No text overlays, no watermarks, no logos, no artificial lighting artifacts. The image looks like it was taken by a professional home renovation photographer for an editorial magazine feature.",/images/posts/frozen-tankless-water-heater-a-practical-guide.webp,how-to-shut-off-water-heater-without-wrecking-anything;plumbing-repair-diy-or-call-a-pro
192,how-to-install-dryer-outlet-3-prong-step-by-step-guide,How to Install Dryer Outlet 3 Prong: Step-by-Step Guide,plumbing-electrical,installation;electrical;plumbing,draft,2026-09-10,"A photorealistic photograph of an electrician installing a new outlet in a residential wall with exposed wiring visible in the open junction box, wire strippers and a voltage tester on a nearby step ladder. The scene is set in a well-lit suburban home. natural lighting, shot on a Canon EOS R5 with a 35mm lens, shallow depth of field, editorial photography style. No text overlays, no watermarks, no logos, no artificial lighting artifacts. The image looks like it was taken by a professional home renovation photographer for an editorial magazine feature.",/images/posts/how-to-install-dryer-outlet-3-prong-step-by-step-guide.webp,heat-pump-air-conditioner-repairs-a-homeowners-guide
193,master-plumbing-repair-diy-or-call-a-pro,Master Plumbing Repair: DIY or Call a Pro?,plumbing-electrical,home-repair;electrical;plumbing,draft,2026-11-12,"A photorealistic photograph of a homeowner working under a kitchen sink with a wrench adjusting PVC drain fittings, a flashlight illuminating the work area, plumber's tape and pipe fittings spread on the cabinet floor. The scene is set in a well-lit suburban home. natural lighting, shot on a Canon EOS R5 with a 35mm lens, shallow depth of field, editorial photography style. No text overlays, no watermarks, no logos, no artificial lighting artifacts. The image looks like it was taken by a professional home renovation photographer for an editorial magazine feature.",/images/posts/master-plumbing-repair-diy-or-call-a-pro.webp,plumbing-repair-diy-or-call-a-pro;plumbing-water-leak-repair-guide-what-to-know;plumbing-snake-repairs-a-homeowners-guide;home-water-pump-repairs-a-homeowners-guide;hot-water-unclog-drain-a-practical-guide
194,plumbing-burst-pipe-repair-diy-or-call-a-pro,Plumbing Burst Pipe Repair: DIY or Call a Pro?,plumbing-electrical,home-repair;electrical;plumbing,draft,2026-11-12,"A photorealistic photograph of a homeowner working under a kitchen sink with a wrench adjusting PVC drain fittings, a flashlight illuminating the work area, plumber's tape and pipe fittings spread on the cabinet floor. The scene is set in a well-lit suburban home. natural lighting, shot on a Canon EOS R5 with a 35mm lens, shallow depth of field, editorial photography style. No text overlays, no watermarks, no logos, no artificial lighting artifacts. The image looks like it was taken by a professional home renovation photographer for an editorial magazine feature.",/images/posts/plumbing-burst-pipe-repair-diy-or-call-a-pro.webp,plumbing-water-leak-repair-guide-what-to-know;plumbing-snake-repairs-a-homeowners-guide
195,plumbing-stack-repairs-a-homeowners-guide,Plumbing Stack Repairs: A Homeowner's Guide,plumbing-electrical,home-repair;electrical;plumbing,draft,2026-11-13,"A photorealistic photograph of a homeowner working under a kitchen sink with a wrench adjusting PVC drain fittings, a flashlight illuminating the work area, plumber's tape and pipe fittings spread on the cabinet floor. The scene is set in a well-lit suburban home. natural lighting, shot on a Canon EOS R5 with a 35mm lens, shallow depth of field, editorial photography style. No text overlays, no watermarks, no logos, no artificial lighting artifacts. The image looks like it was taken by a professional home renovation photographer for an editorial magazine feature.",/images/posts/plumbing-stack-repairs-a-homeowners-guide.webp,hot-water-unclog-drain-a-practical-guide;plumbing-water-leak-repair-guide-what-to-know;home-water-pump-repairs-a-homeowners-guide
196,the-real-deal-on-active-electrical-cables,The Real Deal on Active Electrical Cables,plumbing-electrical,electrical;plumbing;home-improvement,draft,2026-09-08,"A photorealistic photograph of an electrician installing a new outlet in a residential wall with exposed wiring visible in the open junction box, wire strippers and a voltage tester on a nearby step ladder. The scene is set in a well-lit suburban home. natural lighting, shot on a Canon EOS R5 with a 35mm lens, shallow depth of field, editorial photography style. No text overlays, no watermarks, no logos, no artificial lighting artifacts. The image looks like it was taken by a professional home renovation photographer for an editorial magazine feature.",/images/posts/the-real-deal-on-active-electrical-cables.webp,kitchen-plumbing-remodel-a-diyers-honest-take;the-real-deal-on-water-damaged-cabinets;heat-pump-air-conditioner-repairs-a-homeowners-guide
197,the-real-deal-on-why-is-water-heater-making-noise,The Real Deal on Why is Water Heater Making Noise,plumbing-electrical,water-damage;electrical;plumbing,draft,2026-10-07,"A photorealistic photograph of a new tank water heater being installed in a utility closet, with copper supply lines being connected, a pipe wrench in use, and the old unit visible nearby waiting for removal. The scene is set in a well-lit suburban home. natural lighting, shot on a Canon EOS R5 with a 35mm lens, shallow depth of field, editorial photography style. No text overlays, no watermarks, no logos, no artificial lighting artifacts. The image looks like it was taken by a professional home renovation photographer for an editorial magazine feature.",/images/posts/the-real-deal-on-why-is-water-heater-making-noise.webp,how-often-should-i-flush-my-water-heater-honest-guide;water-heater-pipe-size-what-homeowners-should-know;water-heater-blow-off-valve-leaking-a-practical-guide;24-hour-water-heater-repair-diy-or-call-a-pro
198,water-damage-in-attic-a-diyers-honest-take,Water Damage in Attic: A DIYer's Honest Take,plumbing-electrical,water-damage;attic;electrical;plumbing,draft,2026-10-18,"A photorealistic photograph of an attic being insulated with blown-in cellulose insulation being applied between ceiling joists using a hose, the worker wearing a respirator and safety goggles, with kraft-faced batts visible on the walls. The scene is set in a well-lit suburban home. natural lighting, shot on a Canon EOS R5 with a 35mm lens, shallow depth of field, editorial photography style. No text overlays, no watermarks, no logos, no artificial lighting artifacts. The image looks like it was taken by a professional home renovation photographer for an editorial magazine feature.",/images/posts/water-damage-in-attic-a-diyers-honest-take.webp,water-damage-repair-diy-or-call-a-pro;water-damage-ceiling-tiles-honest-advice-for-your-home;water-proofing-services-a-diyers-honest-take
199,how-to-install-home-ac-compressor-step-by-step-guide,How to Install Home Ac Compressor: Step-by-Step Guide,tools-materials,tools;building-materials;installation,draft,2026-08-27,A photorealistic photograph of a well-organized garage workshop with a pegboard full of labeled tools,/images/posts/how-to-install-home-ac-compressor-step-by-step-guide.webp,installing-240v-breaker-what-to-know-first;smart-home-system-installation-guide-diy-or-hire-out
200,how-to-install-smoke-detectors-the-right-way,How to Install Smoke Detectors the Right Way,tools-materials,tools;building-materials;installation,draft,2026-08-28,A photorealistic photograph of a collection of essential home improvement tools arranged neatly on a workshop table,/images/posts/how-to-install-smoke-detectors-the-right-way.webp,installing-240v-breaker-what-to-know-first;smart-home-system-installation-guide-diy-or-hire-out
201,interior-services-installation-guide-diy-or-hire-out,Interior Services Installation Guide: DIY or Hire Out?,tools-materials,tools;building-materials;installation,draft,2026-08-29,A photorealistic photograph of a homeowner's tool belt and safety gear laid out on a workbench,/images/posts/interior-services-installation-guide-diy-or-hire-out.webp,how-to-paint-a-room-like-a-pro;installing-240v-breaker-what-to-know-first;smart-home-system-installation-guide-diy-or-hire-out;how-to-install-compression-fitting-the-right-way
