post_number,publish_date,pillar,primary_keyword,search_volume,cpc,keyword_difficulty,intent,suggested_title,slug,description,category,tags,internal_link_candidates,external_link_candidates,hero_image_prompt,faq_seeds,status,author
1,2026-05-10,power-tools,essential tools for home renovation,,,,informational,25 Essential Tools for Home Renovation: The Complete Starter Kit,essential-tools-for-home-renovation,"The 25 essential tools for home renovation, organized by job, with realistic prices for both a starter kit and a full kit — so you know exactly what to buy first.",Tools & Materials,tools; home renovation; diy tools; tool guide; starter kit; power tools,,https://www.osha.gov/; https://www.cpsc.gov/; https://www.ul.com/,"A well-organized pegboard workshop wall covered with hand tools, power tools, and measuring equipment in warm workshop lighting.","Q: What is the single most important tool to buy first for home renovation? A: A mid-range cordless drill/driver combo kit. It handles 60–70% of tasks you'll face — driving screws, boring holes, mixing thinset — and the battery system can grow with you as you add tools from the same brand. | Q: Is it worth renting specialty tools like a tile saw instead of buying? A: Almost always yes, for tools you'll use on one project. A wet tile saw rents for $50–$80 a day versus $200–$600 to buy. Unless you're tiling multiple rooms over several years, rent it and put the savings toward a better drill. | Q: What does a complete home renovation tool kit cost to build from scratch? A: A solid starter kit covering the basics runs $400–$700. A full kit with cordless power tools, a multi-tool, a circular saw, and the safety gear to match runs $1,200–$2,000. Buy quality on the tools you'll use constantly; save on the ones you'll rarely touch.",published,Daniel Ware
2,2026-05-11,basement-finish,cost to finish a basement,,,,informational,Cost to Finish a Basement: Complete Budget Guide,cost-to-finish-a-basement,"Finishing a basement costs $25–$50 per sq ft for a basic job and $75–$150+ for a high-end build. Here's every line item, broken down for a 1,000 sq ft space.",Basement & Attic,basement finishing; basement cost; home renovation; basement remodel; finishing costs; basement framing,essential-tools-for-home-renovation,https://www.epa.gov/mold; https://www.iccsafe.org/products-and-services/i-codes/2024-i-codes/irc/,"A freshly finished basement with recessed lighting, luxury vinyl plank flooring, a sectional sofa, and a built-in wet bar, photographed in warm natural light from an egress window.","Q: How much does it cost to finish a 1,000 sq ft basement? A: Expect to pay $25,000–$50,000 for a standard finish and $75,000–$150,000 for a high-end build with a bathroom, wet bar, and premium finishes. Basic framing-to-paint jobs run $25–$35 per sq ft; full builds with plumbing and custom features run $75–$150+. | Q: Is finishing a basement worth it? A: Generally yes — Remodeling Magazine's Cost vs. Value data consistently puts basement finishing at a 60–75% return on investment in most US markets, plus you gain usable square footage that makes your home far more competitive when you sell. | Q: Do I need a permit to finish my basement? A: In almost every US jurisdiction, yes. Framing, electrical, plumbing, and egress work all require permits and inspections. Skipping permits can void your homeowner's insurance, create problems at resale, and leave you legally liable if something goes wrong. | Q: How long does it take to finish a basement? A: A straightforward 1,000 sq ft finish with a single contractor crew typically takes 4–8 weeks. Add a bathroom, complex egress cuts, or custom built-ins and you're looking at 10–14 weeks. Permit timelines vary widely by municipality and can add 2–4 weeks before work even begins.",published,Daniel Ware
3,2026-05-12,plumbing-repair,when to call a plumber vs diy,,,,informational,When to Call a Plumber vs. DIY: A Homeowner's Guide,when-to-call-a-plumber-vs-diy,Know when to grab a wrench and when to call a pro. This guide breaks down which plumbing jobs are safe to DIY—and which ones can cost you far more if you don't.,Plumbing & Electrical,plumbing; diy plumbing; when to call a pro; home repair; plumbing costs,essential-tools-for-home-renovation; cost-to-finish-a-basement,https://www.ul.com/; https://www.nfpa.org/codes-and-standards/nfpa-70-standard-development/70,"A homeowner crouching under a bathroom sink with a wrench in hand, examining pipes, with a toolbox open beside them on a tile floor.","Q: How do I know if a plumbing job is beyond my skill level? A: If the job involves cutting into walls, moving drain lines, touching gas connections, or working on your main water supply, it's beyond most homeowners' skill level. When in doubt, call a licensed plumber for at least a consultation—many offer free or low-cost assessments. | Q: What does a plumber charge per hour? A: Most licensed plumbers charge between $75 and $150 per hour depending on your region, with emergency or after-hours rates often running $150–$250/hr or higher. Many also charge a service call fee of $50–$100 on top of labor. | Q: Can I replace a toilet myself? A: Yes. Replacing a toilet is one of the more DIY-friendly plumbing jobs. As long as you're swapping like-for-like (same rough-in distance), it takes about an hour and runs $20–$50 in parts. The biggest mistake is skipping the wax ring or not tightening the flange bolts evenly—both cause leaks.",published,Daniel Ware
4,2026-05-13,deck-build,how to build a diy deck on a budget,,,,informational,How to Build a DIY Deck on a Budget,how-to-build-a-diy-deck-on-a-budget,"Build a solid 12x16 deck for under $2,500 with the right lumber, foundation choice, and framing sequence. Step-by-step guide with real cost breakdowns.",Outdoor & Landscaping,deck building; diy deck; outdoor projects; pressure-treated lumber; budget home improvement; backyard deck,essential-tools-for-home-renovation; cost-to-finish-a-basement; when-to-call-a-plumber-vs-diy,https://www.epa.gov/watersense; https://www.aarp.org/livable-communities/housing/,"A freshly built pressure-treated wood deck attached to the back of a suburban house, photographed on a bright afternoon with a power drill and lumber visible in the foreground.","Q: Do I need a permit to build a deck? A: Most municipalities require a permit for decks over 200 square feet or those attached to the house. Check with your local building department before you buy a single board — skipping this can force you to tear it down. | Q: What is the cheapest decking material? A: Pressure-treated pine is the cheapest by a wide margin, running $2–$4 per linear foot versus $6–$12 for composite or cedar. It requires annual sealing but can easily last 15–25 years with basic upkeep. | Q: Can I build a deck without a ledger board? A: Yes — a freestanding deck uses its own post-and-beam structure instead of attaching to the house. It costs slightly more in lumber and concrete but avoids ledger flashing complications and often sidesteps stricter permit requirements.",published,Daniel Ware
5,2026-05-14,interior-paint,how to paint a room like a pro,,,,informational,How to Paint a Room Like a Pro: Step-by-Step Guide,how-to-paint-a-room-like-a-pro,"Learn how to paint a room like a pro with this step-by-step guide covering prep, priming, cutting in, rolling, and cleanup — with real product picks.",Painting & Walls,painting; interior painting; diy; wall prep; home improvement; painting tips,essential-tools-for-home-renovation; cost-to-finish-a-basement; when-to-call-a-plumber-vs-diy; how-to-build-a-diy-deck-on-a-budget,https://www.epa.gov/lead; https://www.epa.gov/indoor-air-quality-iaq/volatile-organic-compounds-impact-indoor-air-quality; https://www.osha.gov/,"A freshly painted light gray bedroom with clean taped trim lines, a roller and paint tray on a drop cloth, and warm afternoon light coming through the window.","Q: How many coats of paint does a room need? A: Most rooms need two coats for even coverage, especially when switching colors or painting over a darker shade. If you're going from white to white with a quality paint-and-primer-in-one, one coat can sometimes work — but two coats are almost always worth it for depth and durability. | Q: Do I need to prime before painting a room? A: Yes, in most cases. Prime bare drywall, patches, stains, or any surface you're changing dramatically in color. Skipping primer on a patched wall is the most common reason people end up seeing ghost rings six months later. A quality PVA primer dries in 30-60 minutes and saves you a third coat of paint. | Q: What's the difference between eggshell and satin paint finish? A: Eggshell has a very slight sheen and is forgiving on imperfect walls — great for living rooms and bedrooms. Satin has more gloss, cleans up easier, and holds up to moisture better, making it the better choice for kitchens, hallways, and kids' rooms. Both are more practical than flat for painted walls.",published,Daniel Ware
6,2026-05-15,tile-floor,bathroom tile installation cost,,,,informational,Bathroom Tile Installation Cost: Material and Labor Guide,bathroom-tile-installation-cost,"Bathroom tile installation costs $7–$25 per sq ft installed. Learn what drives the price by tile type, labor region, and what materials you'll need beyond just tile.",Flooring & Tile,bathroom tile; tile installation; flooring cost; tile cost per square foot; bathroom remodel,essential-tools-for-home-renovation; cost-to-finish-a-basement; when-to-call-a-plumber-vs-diy; how-to-build-a-diy-deck-on-a-budget; how-to-paint-a-room-like-a-pro,https://www.epa.gov/asbestos; https://www.iccsafe.org/products-and-services/i-codes/2024-i-codes/irc/; https://www.nwfa.org/,"A professional tile installer laying large-format porcelain tiles on a bathroom floor, with grout lines, trowel, and tile spacers visible in a bright modern bathroom.","Q: How much does it cost to tile a 50 sq ft bathroom floor? A: Expect to pay $700–$1,800 installed for a 50 sq ft bathroom floor using ceramic or porcelain tile. That range reflects tile material cost plus labor; natural stone or glass mosaic will push toward $2,500–$4,000 for the same footprint. | Q: Is it cheaper to tile a bathroom floor or walls? A: Floor tiling is generally cheaper per square foot because it involves less complex prep and fewer cuts around obstacles. Wall tile costs 20–40% more installed because of the precision required, especially around windows, niches, and fixtures. | Q: Can I tile a bathroom myself to save money? A: Yes, and you can cut labor costs by 50–60% on a straightforward floor project. The catch is that shower tiling — especially a walk-in shower with a custom pan — requires waterproofing experience most DIYers lack, and a mistake there costs far more to fix than the original labor savings.",published,Daniel Ware
7,2026-05-16,bathroom-remodel,how long does a small bathroom remodel take,,,,informational,How Long Does a Small Bathroom Remodel Take?,how-long-does-a-small-bathroom-remodel-take,A small bathroom remodel takes 3–5 days for cosmetic updates or 1–3 weeks for a full gut. Here's a realistic timeline by project type and who's doing the work.,Kitchen & Bath Remodeling,small bathroom; remodel timeline; bathroom remodel; gut remodel; DIY bathroom; contractor timeline,cost-to-finish-a-basement; when-to-call-a-plumber-vs-diy; how-to-build-a-diy-deck-on-a-budget; how-to-paint-a-room-like-a-pro; bathroom-tile-installation-cost,https://www.epa.gov/watersense; https://www.tcnatile.com/,"A compact 5x8 bathroom mid-renovation with cement board on the walls, a new alcove tub framed in, and tools laid out on a drop cloth.","Q: Can you remodel a small bathroom in a weekend? A: Yes, if the scope is cosmetic — new vanity, toilet, mirror, paint, and fixtures. A full gut remodel, however, takes at least a week even for experienced contractors, because tile, mortar, and grout all require cure time you simply cannot rush. | Q: How long does a 5x8 bathroom gut remodel take with a contractor? A: Most contractors finish a straightforward 5x8 gut remodel in 7–10 business days. That assumes no surprises behind the walls — rotten subfloor, cast-iron drain replacement, or outdated knob-and-tube wiring can each add 2–5 days. | Q: What's the biggest cause of delays in a small bathroom remodel? A: Material lead times and inspection scheduling. Ordering a custom vanity or a specific tile that's backordered can stall a project for weeks. Pull permits early, order materials before demo day, and have your inspector's scheduling window in mind before you start.",published,Daniel Ware
8,2026-05-17,home-value-roi,does bathroom renovation increase home value,,,,informational,Does a Bathroom Renovation Increase Home Value?,does-bathroom-renovation-increase-home-value,Yes — but how much depends on what you do and where you live. Here's what real estate agents and appraisers actually say adds value in a bathroom.,Budget & Planning,bathroom renovation; home value; real estate; home selling; ROI; appraisal,when-to-call-a-plumber-vs-diy; how-to-build-a-diy-deck-on-a-budget; how-to-paint-a-room-like-a-pro; bathroom-tile-installation-cost; how-long-does-a-small-bathroom-remodel-take,https://www.consumer.ftc.gov/articles/hiring-contractor; https://www.iccsafe.org/products-and-services/i-codes/2024-i-codes/irc/,"A freshly renovated bathroom with white subway tile, a floating vanity, and brushed nickel fixtures, photographed from the doorway to show the full space.","Q: How much value does a bathroom renovation add to a home? A: It varies by market and scope, but a midrange bathroom remodel typically recoups 60–70% of its cost at resale. High-end remodels often recoup less because of the neighborhood ceiling effect. Cosmetic updates in dated bathrooms frequently return more dollar-for-dollar than full gut jobs. | Q: Does adding a half bath increase home value? A: Yes — a half bath addition is one of the highest-ROI moves in real estate. Converting an underused closet or dead space into a powder room can add 10–11% to a home's value in markets where a second bathroom is expected, according to the National Association of Realtors. | Q: Should I renovate my bathroom before selling? A: Not always. If the bathroom is functional and clean, a deep clean, fresh caulk, and updated fixtures may be all you need. Full remodels rarely return dollar-for-dollar at sale. Talk to a local agent before spending — they know what buyers in your specific market are actually asking for.",published,Daniel Ware
9,2026-05-18,bathroom-remodel,mobile home bathroom remodel,,,,informational,Mobile Home Bathroom Remodel: Costs and Unique Challenges,mobile-home-bathroom-remodel,"Mobile home bathroom remodels cost $1,500–$8,000 and come with unique challenges: thinner walls, non-standard sizes, ABS plumbing, and soft subfloors.",Kitchen & Bath Remodeling,mobile home; bathroom remodel; manufactured home; remodel cost; bathroom renovation; mobile home plumbing,when-to-call-a-plumber-vs-diy; how-to-build-a-diy-deck-on-a-budget; how-to-paint-a-room-like-a-pro; bathroom-tile-installation-cost; does-bathroom-renovation-increase-home-value,https://www.nfpa.org/codes-and-standards/nfpa-70-standard-development/70; https://www.hud.gov/program_offices/housing/rmra/mhs/mhshome; https://www.iapmo.org/,"A freshly remodeled mobile home bathroom with white subway tile, a compact vanity, and modern fixtures in a bright, clean space.","Q: How much does it cost to remodel a bathroom in a mobile home? A: A basic mobile home bathroom remodel typically runs $1,500–$4,000 for cosmetic updates, while a full gut-and-rebuild with new fixtures, flooring, and plumbing work can reach $6,000–$10,000. Costs depend heavily on subfloor condition and whether the tub/shower surround needs replacing. | Q: Can you use standard bathroom fixtures in a mobile home? A: Not always. Mobile home bathrooms are often built to non-standard dimensions — tubs are commonly 48"" or 54"" long rather than the 60"" standard. Always measure before buying fixtures, and look specifically for fixtures marketed as 'mobile home' or 'manufactured home' compatible. | Q: Do I need a permit to remodel a bathroom in a mobile home? A: Yes, in most jurisdictions. Permit requirements for mobile homes vary by state and county — some fall under [HUD's Manufactured Housing Standards](https://www.hud.gov/program_offices/housing/rmra/mhs/mhshome), others under local building codes depending on when the home was built. Check with your local building department before starting any plumbing or structural work.",published,Daniel Ware
10,2026-05-19,financing-budget,bathroom remodel financing options,,,,informational,How to Finance a Bathroom Remodel: 6 Smart Options,bathroom-remodel-financing-options,"Comparing the 6 best bathroom remodel financing options — rates, terms, pros, and cons — so you can choose the right fit before work starts.",Budget & Planning,bathroom remodel; financing; home equity; personal loan; HELOC; home improvement loans,how-to-build-a-diy-deck-on-a-budget; how-to-paint-a-room-like-a-pro; bathroom-tile-installation-cost; how-long-does-a-small-bathroom-remodel-take; mobile-home-bathroom-remodel,https://www.iccsafe.org/products-and-services/i-codes/2024-i-codes/irc/; https://www.bls.gov/; https://www.consumerfinance.gov/,"A clean, modern bathroom under renovation with tile work half-finished, blueprints on the counter, and a calculator beside a stack of financing documents.","Q: What credit score do I need to finance a bathroom remodel? A: For a home equity loan or HELOC, most lenders want a score of 680 or higher. Personal loans are available down to around 600, but rates climb sharply below 680. 0% APR credit cards typically require good-to-excellent credit (700+). | Q: Is it better to use a HELOC or a home equity loan for a bathroom remodel? A: A home equity loan is better when you have a fixed, known project cost — you get a lump sum and a locked rate. A HELOC works better when costs are uncertain or phased, since you only borrow what you need and only pay interest on the drawn balance. | Q: Can I finance a bathroom remodel with no equity? A: Yes. Personal loans and 0% APR credit cards don't require home equity, though they carry higher rates or shorter repayment windows. Contractor financing is another no-equity path, though you should compare its rate carefully against a personal loan.",published,Daniel Ware
11,2026-05-20,bathroom-remodel,bathroom remodel timeline,,,,informational,Bathroom Remodel Timeline: A Realistic Week-by-Week Plan,bathroom-remodel-timeline,A real bathroom remodel takes 3–8 weeks depending on scope. Here's an honest week-by-week breakdown for both DIY and contractor projects.,Budget & Planning,bathroom remodel; timeline; project planning; permits; home improvement,cost-to-finish-a-basement; when-to-call-a-plumber-vs-diy; how-to-build-a-diy-deck-on-a-budget; how-to-paint-a-room-like-a-pro; bathroom-tile-installation-cost,https://www.iccsafe.org/products-and-services/i-codes/2024-i-codes/irc/; https://www.bls.gov/,"A bathroom mid-remodel showing exposed wall framing, cement board, and stacked tile materials on a dusty subfloor under bright work lights.","Q: How long does a full bathroom remodel take? A: A full bathroom remodel takes 3–4 weeks with a contractor doing the work consecutively, or 6–10 weekends if you're doing it yourself. Major gut renovations moving plumbing or adding square footage can run 8–12 weeks even with a crew. | Q: What causes the most delays in a bathroom remodel? A: Permit wait times, special-order tile or fixtures, and hidden problems uncovered during demo — rotted subfloor, old galvanized pipe, or knob-and-tube wiring — are the most common delay triggers. Planning for a one-week buffer on every trade handoff prevents most schedule blowups. | Q: Can I live at home during a bathroom remodel? A: Yes, in most cases. If you have a second bathroom, the disruption is manageable. If you have only one bathroom, plan for a portable toilet or stay somewhere else during the demo and rough-in phase, which typically runs 3–7 days.",published,Daniel Ware
12,2026-05-21,remodel-cost,bathroom remodel cost breakdown,,,,informational,Bathroom Remodel Cost Breakdown: Where the Money Goes,bathroom-remodel-cost-breakdown,"See exactly where bathroom remodel money goes — labor, fixtures, tile, and more — with a line-by-line cost breakdown and tips on where to cut without regret.",Budget & Planning,bathroom remodel; cost breakdown; budget; labor costs; fixtures; tile,how-to-build-a-diy-deck-on-a-budget; how-to-paint-a-room-like-a-pro; bathroom-tile-installation-cost; how-long-does-a-small-bathroom-remodel-take; mobile-home-bathroom-remodel,https://www.consumer.ftc.gov/articles/hiring-contractor; https://www.iccsafe.org/products-and-services/i-codes/2024-i-codes/irc/,"A partially renovated bathroom with exposed tile work, a new vanity being installed, and contractor tools laid out on the floor, overhead natural light.","Q: What percentage of a bathroom remodel cost goes to labor? A: Labor typically eats 40–50% of the total budget. For a $12,000 remodel, expect $5,000–$6,000 to go to the contractor and subcontractors before a single fixture is purchased. | Q: What is the single biggest place people overspend on a bathroom remodel? A: Tile — specifically, choosing a premium tile and then underestimating how much grout, adhesive, backer board, and labor goes on top of it. The tile itself is rarely the expensive part; the installation system around it usually doubles the cost. | Q: Can I save money by buying my own fixtures and having the contractor install them? A: Yes, but with a catch. Contractors often mark up fixtures 15–30%, so supplying your own can save real money. However, if a homeowner-supplied fixture fails or causes a warranty issue, the contractor may not cover the labor to fix it. Stick to this for items like vanities and mirrors, not plumbing rough-in components.",published,Daniel Ware
13,2026-05-22,bathroom-remodel,budget bathroom remodel ideas,,,,informational,15 Budget Bathroom Remodel Ideas That Look Expensive,budget-bathroom-remodel-ideas,"Transform your bathroom without breaking the bank. These 15 budget remodel ideas deliver high-end results for a fraction of the cost, with real price estimates.",Kitchen & Bath Remodeling,budget bathroom; remodel ideas; diy; bathroom makeover; home improvement,how-to-paint-a-room-like-a-pro; bathroom-tile-installation-cost; does-bathroom-renovation-increase-home-value; bathroom-remodel-financing-options; bathroom-remodel-cost-breakdown,https://www.iccsafe.org/products-and-services/i-codes/2024-i-codes/irc/; https://www.nfpa.org/codes-and-standards/nfpa-70-standard-development/70,"A bright, freshly updated bathroom with a white shiplap accent wall, matte black hardware, and a modern vessel sink vanity, warm lighting, clean and minimal aesthetic.","Q: What is the cheapest way to update a bathroom? A: Swapping out hardware, replacing the light fixture, and adding a new mirror are the three highest-impact, lowest-cost moves you can make. Together they can cost under $150 and completely change the room's feel. | Q: Can I remodel a bathroom for under $500? A: Yes, if you stick to cosmetic changes and do the work yourself. New hardware, a painted vanity, peel-and-stick floor tile, fresh caulk, and a new light fixture can total well under $500 and make a dramatic difference. | Q: Do peel-and-stick tiles look cheap? A: Modern peel-and-stick tiles have improved dramatically. Brands like Floorpops and Smart Tiles offer realistic stone and subway patterns that hold up well in bathrooms and fool most guests — as long as the surface underneath is clean and level.",published,Daniel Ware
14,2026-05-23,vanity-cabinet,bathroom vanity installation cost,,,,informational,Bathroom Vanity Installation Cost: DIY vs. Pro,bathroom-vanity-installation-cost,"Bathroom vanity installation costs $200–$1,000+ depending on vanity type and whether you hire a plumber. Here's what to expect for every scenario.",Kitchen & Bath Remodeling,bathroom vanity; installation cost; diy; plumbing; bathroom remodel,bathroom-tile-installation-cost; does-bathroom-renovation-increase-home-value; bathroom-remodel-financing-options; bathroom-remodel-timeline; bathroom-remodel-cost-breakdown,https://www.nfpa.org/codes-and-standards/nfpa-70-standard-development/70; https://www.epa.gov/lead,"A freshly installed white floating bathroom vanity with a vessel sink, polished chrome fixtures, and subway tile backsplash in a bright modern bathroom.","Q: How much does it cost to install a bathroom vanity? A: Total installed cost typically ranges from $300 to $1,600 for a single vanity — $150–$600 for the vanity itself plus $150–$1,000 in labor depending on complexity. Floating vanities and double vanities push costs higher. | Q: Can I install a bathroom vanity myself without a plumber? A: Yes, if you're swapping a like-for-like vanity and the drain and supply lines are in the same position. The moment you need to move plumbing, cut a new countertop, or deal with a vessel sink requiring a raised drain, it gets more complicated and a plumber is worth the call. | Q: What hidden costs should I plan for with a vanity installation? A: The big surprises are plumbing modifications ($150–$600), countertop cutouts for undermount sinks ($75–$200), drywall repair if the old vanity left damage, and permits in some jurisdictions for any work that touches supply lines.",published,Daniel Ware
15,2026-05-24,bathroom-remodel,master bathroom remodel cost,,,,informational,Master Bathroom Remodel Cost by Project Size,master-bathroom-remodel-cost,"Master bathroom remodel costs range from $3,000 for a cosmetic refresh to $50,000+ for a full gut renovation. Here's what each tier actually covers.",Kitchen & Bath Remodeling,master bathroom; bathroom remodel; remodel cost; bathroom renovation; home improvement budget,how-long-does-a-small-bathroom-remodel-take; mobile-home-bathroom-remodel; bathroom-remodel-timeline; budget-bathroom-remodel-ideas; bathroom-vanity-installation-cost,https://www.epa.gov/lead; https://www.epa.gov/watersense; https://www.tcnatile.com/,"A freshly remodeled master bathroom with large-format floor tile, a freestanding soaking tub, frameless glass shower, and double vanity under warm overhead lighting.","Q: What is the average cost of a master bathroom remodel? A: Most homeowners spend between $10,000 and $25,000 on a mid-range master bathroom remodel. The national average sits around $15,000, but the range is wide depending on square footage, fixture choices, and whether you move any plumbing. | Q: How much does a master bathroom remodel cost per square foot? A: Expect to pay $150–$250 per square foot for a mid-range remodel and $300–$500+ per square foot for a high-end renovation. A cosmetic refresh runs closer to $50–$100 per square foot since you're not touching the structure. | Q: Is a master bathroom remodel worth the investment? A: Mid-range master bath remodels typically recoup 60–70% of costs at resale, and upscale remodels around 55–60%. The non-financial return — daily comfort, better function — is what most homeowners actually buy. See our full breakdown of bathroom remodel ROI for the details. | Q: What costs the most in a bathroom remodel? A: Labor is usually the single largest line item, often 40–60% of total project cost. After that, the biggest variables are tile, fixtures, and whether you're moving plumbing — relocating a drain or supply line can add $1,000–$3,000 per fixture.",published,Daniel Ware
16,2026-05-25,shower-remodel,walk in shower remodel cost,,,,informational,Walk-In Shower Remodel Cost: Full Pricing Guide,walk-in-shower-remodel-cost,"Walk-in shower remodel costs range from $3,500 to $15,000+. Here's exactly what drives the price — materials, labor, tub conversions, and curbless builds.",Kitchen & Bath Remodeling,walk-in shower; shower remodel; bathroom remodel; tub to shower conversion; curbless shower; tile shower,how-long-does-a-small-bathroom-remodel-take; mobile-home-bathroom-remodel; budget-bathroom-remodel-ideas; bathroom-vanity-installation-cost; master-bathroom-remodel-cost,https://www.epa.gov/lead; https://www.epa.gov/watersense,"A modern walk-in curbless shower with large-format gray tiles, a rain showerhead, and frameless glass panel in a bright white bathroom.","Q: What is the average cost to convert a tub to a walk-in shower? A: Most tub-to-shower conversions run $3,500 to $7,000 when you reuse the existing drain and keep the footprint the same. Expand the space, add a custom tile job, or go curbless and you can push $10,000 to $15,000. | Q: Is a prefab shower kit cheaper than a tiled shower? A: Yes, significantly. A prefab acrylic or fiberglass kit installed by a contractor typically costs $1,500 to $4,500 all-in. A custom-tiled shower with the same footprint starts around $5,000 and can easily double that figure with high-end materials. | Q: How much more does a curbless (zero-threshold) shower cost? A: Expect to add $500 to $2,000 to a standard remodel for a curbless shower. The extra cost covers floor slope work, a linear drain, and waterproofing that has to be done precisely — a shortcuts here leads to leaks.",published,Daniel Ware
17,2026-05-26,home-value-roi,bathroom remodel return on investment,,,,informational,Bathroom Remodel ROI: Is It Actually Worth It?,bathroom-remodel-return-on-investment,"Bathroom remodels return 60–70% on average, but the right scope and timing can push that higher. Here's what the numbers actually show.",Budget & Planning,bathroom remodel; roi; home value; resale value; remodeling costs,mobile-home-bathroom-remodel; budget-bathroom-remodel-ideas; bathroom-vanity-installation-cost; master-bathroom-remodel-cost; walk-in-shower-remodel-cost,https://www.consumer.ftc.gov/articles/hiring-contractor; https://www.iccsafe.org/products-and-services/i-codes/2024-i-codes/irc/,"A freshly renovated mid-range bathroom with white subway tile, brushed nickel fixtures, and a floating vanity, photographed in natural morning light.","Q: What is the average ROI on a bathroom remodel? A: A mid-range bathroom remodel typically returns 60–70% of its cost at resale, according to the Remodeling Magazine Cost vs. Value report. Upscale remodels tend to return less — often 50–60% — because you can only charge so much for a house in a given neighborhood. | Q: Does adding a bathroom add more value than remodeling an existing one? A: Adding a bathroom where one doesn't exist can add 5–10% to a home's value, which often outperforms a cosmetic remodel in pure dollar terms. That said, it costs significantly more and requires permits, structural work, and plumbing rough-in — making it a bigger bet. | Q: Should I remodel a bathroom before selling my house? A: It depends on condition. A bathroom that's dated but functional rarely needs a full remodel before listing — a deep clean, fresh caulk, and new hardware can cost under $500 and remove buyer objections. If the bathroom has visible damage, mold, or failing fixtures, address those specifically rather than doing a full gut renovation you won't recoup.",published,Daniel Ware
18,2026-05-27,bathroom-remodel,small bathroom remodel cost,,,,informational,Small Bathroom Remodel Cost: What to Expect,small-bathroom-remodel-cost,"A small bathroom remodel typically costs $3,500–$15,000. Here's what drives that range, where to spend, and where to cut without regret.",Kitchen & Bath Remodeling,small bathroom; bathroom remodel; remodel cost; bathroom renovation; budget bathroom; powder room,bathroom-remodel-timeline; budget-bathroom-remodel-ideas; master-bathroom-remodel-cost; bathroom-vanity-installation-cost; walk-in-shower-remodel-cost,https://www.epa.gov/watersense; https://www.tcnatile.com/; https://www.iccsafe.org/products-and-services/i-codes/2024-i-codes/irc/,"A freshly remodeled small 5x8 bathroom with white subway tile, a floating vanity, and brushed nickel fixtures under warm lighting.","Q: How much does it cost to remodel a small 5x8 bathroom? A: A 5x8 bathroom remodel typically runs $5,000–$12,000 for a mid-range refresh — new fixtures, tile, vanity, and toilet — done by a contractor. A budget DIY approach can get it done for $2,000–$4,000 if you do the demo and painting yourself. | Q: What is the cheapest way to remodel a small bathroom? A: The biggest savings come from keeping plumbing and electrical in place, doing your own demo, painting instead of tiling full walls, and choosing in-stock vanities over custom. Refinishing your existing tub instead of replacing it can save $800–$1,500 alone. | Q: Is remodeling a small bathroom worth it? A: Yes — small bathrooms punch above their weight on ROI. A mid-range bathroom remodel returns about 60–70% at resale according to most real estate data, and in tight markets a dated bathroom actively hurts your sale price. If you live in the home, the daily quality-of-life improvement is real too. | Q: How long does a small bathroom remodel take? A: Most small bathroom remodels take 1–2 weeks once work starts, assuming no surprises behind the walls. Add another week if you're waiting on special-order tile or a custom vanity. The scheduling gap before a contractor starts is usually longer than the job itself.",published,Daniel Ware
19,2026-05-28,remodel-cost,bathroom remodel cost estimate,,,,informational,How Much Does a Bathroom Remodel Really Cost in 2026?,bathroom-remodel-cost-estimate,"Bathroom remodel costs range from $3,500 to $25,000+ depending on scope. Here's a real breakdown of where the money goes and how to budget accurately.",Budget & Planning,bathroom remodel; remodel cost; budget; home improvement; cost estimate,bathroom-remodel-cost-breakdown; does-bathroom-renovation-increase-home-value; bathroom-remodel-financing-options; bathroom-remodel-timeline; bathroom-remodel-return-on-investment,https://www.bls.gov/; https://www.consumerfinance.gov/,"A partially renovated bathroom mid-project with a new white subway tile surround, removed vanity, and exposed wall framing, tools and materials scattered on a plywood subfloor.","Q: What is the average cost of a bathroom remodel in 2026? A: A midrange full bathroom remodel runs $8,000–$15,000 with a contractor. Budget renovations can come in under $5,000 if you keep the layout and do some work yourself. High-end gut remodels with custom tile, a freestanding tub, and steam shower regularly hit $25,000–$40,000. | Q: What costs the most in a bathroom remodel? A: Labor is typically 40–60% of the total budget. After that, the biggest ticket items are the shower or tub surround (especially if you're re-tiling), the vanity, and any plumbing or electrical work that requires moving lines. Tile and fixtures are visible but rarely the budget-killers — unexpected subfloor or plumbing issues are. | Q: Is it cheaper to remodel a bathroom yourself? A: Yes, significantly — DIY can cut labor costs by 40–50%, which on a $12,000 job means $4,800–$6,000 in savings. But trade work (plumbing, electrical, waterproofing) still needs a licensed pro in most jurisdictions, so a true all-DIY bathroom remodel isn't realistic for most people. See our breakdown of DIY bathroom remodel costs for a realistic comparison.",published,Daniel Ware
20,2026-06-02,remodel-cost,diy bathroom remodel cost,,,,informational,DIY Bathroom Remodel Cost: Real Budget Breakdown,diy-bathroom-remodel-cost,"A realistic cost breakdown for a DIY bathroom remodel, covering materials, tools, and where you can actually save money vs. hiring a contractor.",Budget & Planning,bathroom remodel; diy; remodel cost; budget,bathroom-remodel-cost-estimate; does-bathroom-renovation-increase-home-value; bathroom-remodel-financing-options; bathroom-remodel-timeline; bathroom-remodel-return-on-investment,https://www.consumerfinance.gov/; https://www.remodeling.hw.net/cost-vs-value/2025/,"A clean, well-lit bathroom mid-renovation with tools on the floor and fresh tile partially installed on one wall","Q: How much does a DIY bathroom remodel cost on average? A: A typical DIY bathroom remodel costs between $2,000 and $8,000 in materials alone, depending on the scope. You save 40-60% compared to hiring a contractor, where the same project would run $8,000 to $25,000. | Q: What parts of a bathroom remodel should you NOT DIY? A: Electrical work requiring new circuits, moving plumbing supply lines, and anything structural should be left to licensed professionals. Most municipalities require permits and inspections for these tasks. | Q: How long does a DIY bathroom remodel take? A: Working evenings and weekends, most homeowners complete a full DIY bathroom remodel in 4 to 8 weeks. A contractor would finish the same project in 2 to 3 weeks of full-time work.",published,Daniel Ware
21,2026-06-03,carpet-floor,carpet flooring installation cost,49500,10.43,2,commercial,Carpet Flooring Installation Pricing Guide for Homeowners,carpet-flooring-installation-pricing-guide-for-homeowners,From subfloor prep to final trim — a practical guide to carpet flooring installation cost with real costs and pro tips. Practical tips from real projects.,Flooring & Tile,installation; tile installation; flooring; cost guide,walk-in-shower-remodel-cost; bathroom-remodel-return-on-investment; small-bathroom-remodel-cost; bathroom-remodel-cost-estimate; diy-bathroom-remodel-cost,https://www.epa.gov/lead; https://www.epa.gov/asbestos; https://www.iccsafe.org/products-and-services/i-codes/2024-i-codes/irc/,"A photorealistic photograph of a room with new carpet being stretched using a carpet stretcher and knee kicker, with the carpet padding visible at the edges and tack strips along the wall. The scene is set in a well-lit suburban home. natural lighting, shot on a Canon EOS R5 with a 35mm lens, shallow depth of field, editorial photography style. No text overlays, no watermarks, no logos, no artificial lighting artifacts. The image looks like it was taken by a professional home renovation photographer for an editorial magazine feature.","Q: Can I install carpet flooring installation cost over existing flooring? A: Some flooring goes directly over existing surfaces (LVP, laminate), while others need bare subfloor (tile, hardwood). Check your specific product requirements and subfloor condition first. | Q: What tools do I need for this project? A: The exact tools depend on your approach, but most carpet flooring installation cost projects need basic measuring and marking tools, safety gear, and the category-specific tools covered in the article above. | Q: How long should I expect this project to take? A: A focused DIYer working weekends should budget 2–3x the time a pro would take. Factor in supply runs, learning curves, and the inevitable re-dos. Better to plan generously than rush.",idea,Daniel Ware
22,2026-06-03,carpet-floor,cost to install carpet flooring,49500,10.43,12,informational,How Much Does Install Carpet Flooring Really Cost?,how-much-does-install-carpet-flooring-really-cost,"Thinking about cost to install carpet flooring? Here's what it costs, how long it takes, and whether you should DIY it. Practical tips from real projects.",Flooring & Tile,installation; tile installation; flooring; cost guide,walk-in-shower-remodel-cost; bathroom-remodel-return-on-investment; small-bathroom-remodel-cost; bathroom-remodel-cost-estimate; diy-bathroom-remodel-cost,https://www.epa.gov/lead; https://www.epa.gov/asbestos; https://www.iccsafe.org/products-and-services/i-codes/2024-i-codes/irc/,"A photorealistic photograph of a room with new carpet being stretched using a carpet stretcher and knee kicker, with the carpet padding visible at the edges and tack strips along the wall. The scene is set in a well-lit suburban home. natural lighting, shot on a Canon EOS R5 with a 35mm lens, shallow depth of field, editorial photography style. No text overlays, no watermarks, no logos, no artificial lighting artifacts. The image looks like it was taken by a professional home renovation photographer for an editorial magazine feature.","Q: Can I install cost to install carpet flooring over existing flooring? A: Some flooring goes directly over existing surfaces (LVP, laminate), while others need bare subfloor (tile, hardwood). Check your specific product requirements and subfloor condition first. | Q: What tools do I need for this project? A: The exact tools depend on your approach, but most cost to install carpet flooring projects need basic measuring and marking tools, safety gear, and the category-specific tools covered in the article above. | Q: How long should I expect this project to take? A: A focused DIYer working weekends should budget 2–3x the time a pro would take. Factor in supply runs, learning curves, and the inevitable re-dos. Better to plan generously than rush.",idea,Daniel Ware
23,2026-06-04,carpet-floor,low cost flooring installation,140,38.56,3,commercial,Low Flooring Installation Pricing Guide for Homeowners,low-flooring-installation-pricing-guide-for-homeowners,"Step-by-step guide to low cost flooring installation: material options, installation tips, and honest cost expectations.",Flooring & Tile,installation; tile installation; flooring; cost guide,walk-in-shower-remodel-cost; bathroom-remodel-return-on-investment; small-bathroom-remodel-cost; bathroom-remodel-cost-estimate; diy-bathroom-remodel-cost,https://www.iccsafe.org/products-and-services/i-codes/2024-i-codes/irc/; https://www.nwfa.org/; https://www.tcnatile.com/,"A photorealistic photograph of a professional installing floor tiles in a spacious room with natural light, using a notched trowel to spread thinset, with tile spacers and a level tool visible. The scene is set in a well-lit suburban home. natural lighting, shot on a Canon EOS R5 with a 35mm lens, shallow depth of field, editorial photography style. No text overlays, no watermarks, no logos, no artificial lighting artifacts. The image looks like it was taken by a professional home renovation photographer for an editorial magazine feature.","Q: Can I install low cost flooring installation over existing flooring? A: Some flooring goes directly over existing surfaces (LVP, laminate), while others need bare subfloor (tile, hardwood). Check your specific product requirements and subfloor condition first. | Q: What tools do I need for this project? A: The exact tools depend on your approach, but most low cost flooring installation projects need basic measuring and marking tools, safety gear, and the category-specific tools covered in the article above. | Q: How long should I expect this project to take? A: A focused DIYer working weekends should budget 2–3x the time a pro would take. Factor in supply runs, learning curves, and the inevitable re-dos. Better to plan generously than rush.",idea,Daniel Ware
24,2026-06-04,carpet-floor,ceramic flooring installation cost,320,40.22,,commercial,Ceramic Flooring Installation Cost: What to Expect in 2026,ceramic-flooring-installation-cost-what-to-expect-in-2026,From subfloor prep to final trim — a practical guide to ceramic flooring installation cost with real costs and pro tips.,Flooring & Tile,installation; tile installation; flooring; cost guide,walk-in-shower-remodel-cost; bathroom-remodel-return-on-investment; small-bathroom-remodel-cost; bathroom-remodel-cost-estimate; diy-bathroom-remodel-cost,https://www.iccsafe.org/products-and-services/i-codes/2024-i-codes/irc/; https://www.nwfa.org/,"A photorealistic photograph of a professional installing floor tiles in a spacious room with natural light, using a notched trowel to spread thinset, with tile spacers and a level tool visible. The scene is set in a well-lit suburban home. natural lighting, shot on a Canon EOS R5 with a 35mm lens, shallow depth of field, editorial photography style. No text overlays, no watermarks, no logos, no artificial lighting artifacts. The image looks like it was taken by a professional home renovation photographer for an editorial magazine feature.","Q: What's the most durable option for ceramic flooring installation cost? A: Porcelain tile and luxury vinyl plank top the durability charts for most rooms. The right choice depends on your room's moisture exposure, traffic level, and subfloor condition. | Q: What tools do I need for this project? A: The exact tools depend on your approach, but most ceramic flooring installation cost projects need basic measuring and marking tools, safety gear, and the category-specific tools covered in the article above. | Q: What's the most common mistake to avoid? A: Skipping proper preparation is the number-one mistake. Whether it's surface prep, measuring twice, or reading the full instructions first — rushing the setup phase causes most DIY failures.",idea,Daniel Ware
25,2026-06-05,carpet-floor,floating flooring installation cost,390,20.61,,commercial,Floating Flooring Installation Cost: What to Expect in 2026,floating-flooring-installation-cost-what-to-expect-in-2026,"Step-by-step guide to floating flooring installation cost: material options, installation tips, and honest cost expectations.",Flooring & Tile,installation; tile installation; flooring; cost guide,carpet-flooring-installation-pricing-guide-for-homeowners; how-much-does-install-carpet-flooring-really-cost; low-flooring-installation-pricing-guide-for-homeowners; ceramic-flooring-installation-cost-what-to-expect-in-2026; bathroom-tile-installation-cost,https://www.tcnatile.com/; https://www.epa.gov/lead,"A photorealistic photograph of a professional installing floor tiles in a spacious room with natural light, using a notched trowel to spread thinset, with tile spacers and a level tool visible. The scene is set in a well-lit suburban home. natural lighting, shot on a Canon EOS R5 with a 35mm lens, shallow depth of field, editorial photography style. No text overlays, no watermarks, no logos, no artificial lighting artifacts. The image looks like it was taken by a professional home renovation photographer for an editorial magazine feature.","Q: What's the most durable option for floating flooring installation cost? A: Porcelain tile and luxury vinyl plank top the durability charts for most rooms. The right choice depends on your room's moisture exposure, traffic level, and subfloor condition. | Q: What tools do I need for this project? A: The exact tools depend on your approach, but most floating flooring installation cost projects need basic measuring and marking tools, safety gear, and the category-specific tools covered in the article above. | Q: What's the most common mistake to avoid? A: Skipping proper preparation is the number-one mistake. Whether it's surface prep, measuring twice, or reading the full instructions first — rushing the setup phase causes most DIY failures.",idea,Daniel Ware
26,2026-06-05,carpet-floor,bad flooring installation,70,99.78,,commercial,Bad Flooring Installation: Costs and Tips,bad-flooring-installation-costs-and-tips,From subfloor prep to final trim — a practical guide to bad flooring installation with real costs and pro tips. Practical tips from real projects.,Flooring & Tile,installation; tile installation; flooring,how-much-does-install-carpet-flooring-really-cost; low-flooring-installation-pricing-guide-for-homeowners; ceramic-flooring-installation-cost-what-to-expect-in-2026; floating-flooring-installation-cost-what-to-expect-in-2026; bathroom-tile-installation-cost,https://www.epa.gov/asbestos; https://www.iccsafe.org/products-and-services/i-codes/2024-i-codes/irc/; https://www.nwfa.org/,"A photorealistic photograph of a professional installing floor tiles in a spacious room with natural light, using a notched trowel to spread thinset, with tile spacers and a level tool visible. The scene is set in a well-lit suburban home. natural lighting, shot on a Canon EOS R5 with a 35mm lens, shallow depth of field, editorial photography style. No text overlays, no watermarks, no logos, no artificial lighting artifacts. The image looks like it was taken by a professional home renovation photographer for an editorial magazine feature.","Q: Can I install bad flooring installation over existing flooring? A: Some flooring goes directly over existing surfaces (LVP, laminate), while others need bare subfloor (tile, hardwood). Check your specific product requirements and subfloor condition first. | Q: What tools do I need for this project? A: The exact tools depend on your approach, but most bad flooring installation projects need basic measuring and marking tools, safety gear, and the category-specific tools covered in the article above. | Q: How long should I expect this project to take? A: A focused DIYer working weekends should budget 2–3x the time a pro would take. Factor in supply runs, learning curves, and the inevitable re-dos. Better to plan generously than rush.",idea,Daniel Ware
27,2026-06-06,carpet-floor,bad floor installation,70,99.78,,informational,Bad Floor Installation Guide: DIY or Hire Out?,bad-floor-installation-guide-diy-or-hire-out,"Step-by-step guide to bad floor installation: material options, installation tips, and honest cost expectations. Practical tips from real projects.",Flooring & Tile,installation; tile installation; flooring,low-flooring-installation-pricing-guide-for-homeowners; ceramic-flooring-installation-cost-what-to-expect-in-2026; floating-flooring-installation-cost-what-to-expect-in-2026; bad-flooring-installation-costs-and-tips; bathroom-tile-installation-cost,https://www.tcnatile.com/; https://www.epa.gov/lead,"A photorealistic photograph of a professional installing floor tiles in a spacious room with natural light, using a notched trowel to spread thinset, with tile spacers and a level tool visible. The scene is set in a well-lit suburban home. natural lighting, shot on a Canon EOS R5 with a 35mm lens, shallow depth of field, editorial photography style. No text overlays, no watermarks, no logos, no artificial lighting artifacts. The image looks like it was taken by a professional home renovation photographer for an editorial magazine feature.","Q: What's the most durable option for bad floor installation? A: Porcelain tile and luxury vinyl plank top the durability charts for most rooms. The right choice depends on your room's moisture exposure, traffic level, and subfloor condition. | Q: What tools do I need for this project? A: The exact tools depend on your approach, but most bad floor installation projects need basic measuring and marking tools, safety gear, and the category-specific tools covered in the article above. | Q: What's the most common mistake to avoid? A: Skipping proper preparation is the number-one mistake. Whether it's surface prep, measuring twice, or reading the full instructions first — rushing the setup phase causes most DIY failures.",idea,Daniel Ware
28,2026-06-06,laminate-vinyl-floor,laminate flooring cost installed,22200,9.62,5,informational,Laminate Flooring Installed Pricing Guide for Homeowners,laminate-flooring-installed-pricing-guide-for-homeowners,"Step-by-step guide to laminate flooring cost installed: material options, installation tips, and honest cost expectations.",Flooring & Tile,laminate flooring; tile installation; flooring; installation; cost guide,low-flooring-installation-pricing-guide-for-homeowners; ceramic-flooring-installation-cost-what-to-expect-in-2026; floating-flooring-installation-cost-what-to-expect-in-2026; bad-flooring-installation-costs-and-tips; bad-floor-installation-guide-diy-or-hire-out,https://www.epa.gov/asbestos; https://www.iccsafe.org/products-and-services/i-codes/2024-i-codes/irc/; https://www.nwfa.org/,"A photorealistic photograph of luxury vinyl plank flooring being installed in a bright living room, with click-lock planks being joined together, a utility knife and straightedge nearby, and the transition between old and new flooring visible. The scene is set in a well-lit suburban home. natural lighting, shot on a Canon EOS R5 with a 35mm lens, shallow depth of field, editorial photography style. No text overlays, no watermarks, no logos, no artificial lighting artifacts. The image looks like it was taken by a professional home renovation photographer for an editorial magazine feature.","Q: Can I install laminate flooring cost installed over existing flooring? A: Some flooring goes directly over existing surfaces (LVP, laminate), while others need bare subfloor (tile, hardwood). Check your specific product requirements and subfloor condition first. | Q: What tools do I need for this project? A: The exact tools depend on your approach, but most laminate flooring cost installed projects need basic measuring and marking tools, safety gear, and the category-specific tools covered in the article above. | Q: How long should I expect this project to take? A: A focused DIYer working weekends should budget 2–3x the time a pro would take. Factor in supply runs, learning curves, and the inevitable re-dos. Better to plan generously than rush.",idea,Daniel Ware
29,2026-06-07,laminate-vinyl-floor,laminate flooring installation cost,22200,9.62,5,commercial,Laminate Flooring Installation Cost Breakdown: Real Numbers,laminate-flooring-installation-cost-breakdown-real-numbers,From subfloor prep to final trim — a practical guide to laminate flooring installation cost with real costs and pro tips.,Flooring & Tile,laminate flooring; tile installation; flooring; installation; cost guide,low-flooring-installation-pricing-guide-for-homeowners; ceramic-flooring-installation-cost-what-to-expect-in-2026; floating-flooring-installation-cost-what-to-expect-in-2026; bad-flooring-installation-costs-and-tips; bad-floor-installation-guide-diy-or-hire-out,https://www.tcnatile.com/; https://www.epa.gov/lead,"A photorealistic photograph of luxury vinyl plank flooring being installed in a bright living room, with click-lock planks being joined together, a utility knife and straightedge nearby, and the transition between old and new flooring visible. The scene is set in a well-lit suburban home. natural lighting, shot on a Canon EOS R5 with a 35mm lens, shallow depth of field, editorial photography style. No text overlays, no watermarks, no logos, no artificial lighting artifacts. The image looks like it was taken by a professional home renovation photographer for an editorial magazine feature.","Q: What's the most durable option for laminate flooring installation cost? A: Porcelain tile and luxury vinyl plank top the durability charts for most rooms. The right choice depends on your room's moisture exposure, traffic level, and subfloor condition. | Q: What tools do I need for this project? A: The exact tools depend on your approach, but most laminate flooring installation cost projects need basic measuring and marking tools, safety gear, and the category-specific tools covered in the article above. | Q: What's the most common mistake to avoid? A: Skipping proper preparation is the number-one mistake. Whether it's surface prep, measuring twice, or reading the full instructions first — rushing the setup phase causes most DIY failures.",idea,Daniel Ware
30,2026-06-07,laminate-vinyl-floor,install laminate flooring cost,22200,9.62,5,commercial,Install Laminate Flooring Pricing Guide for Homeowners,install-laminate-flooring-pricing-guide-for-homeowners,"Step-by-step guide to install laminate flooring cost: material options, installation tips, and honest cost expectations.",Flooring & Tile,laminate flooring; tile installation; flooring; installation; cost guide,low-flooring-installation-pricing-guide-for-homeowners; ceramic-flooring-installation-cost-what-to-expect-in-2026; floating-flooring-installation-cost-what-to-expect-in-2026; bad-flooring-installation-costs-and-tips; bad-floor-installation-guide-diy-or-hire-out,https://www.nwfa.org/; https://www.tcnatile.com/; https://www.epa.gov/lead,"A photorealistic photograph of luxury vinyl plank flooring being installed in a bright living room, with click-lock planks being joined together, a utility knife and straightedge nearby, and the transition between old and new flooring visible. The scene is set in a well-lit suburban home. natural lighting, shot on a Canon EOS R5 with a 35mm lens, shallow depth of field, editorial photography style. No text overlays, no watermarks, no logos, no artificial lighting artifacts. The image looks like it was taken by a professional home renovation photographer for an editorial magazine feature.","Q: Can I install install laminate flooring cost over existing flooring? A: Some flooring goes directly over existing surfaces (LVP, laminate), while others need bare subfloor (tile, hardwood). Check your specific product requirements and subfloor condition first. | Q: What tools do I need for this project? A: The exact tools depend on your approach, but most install laminate flooring cost projects need basic measuring and marking tools, safety gear, and the category-specific tools covered in the article above. | Q: How long should I expect this project to take? A: A focused DIYer working weekends should budget 2–3x the time a pro would take. Factor in supply runs, learning curves, and the inevitable re-dos. Better to plan generously than rush.",idea,Daniel Ware
31,2026-06-08,laminate-vinyl-floor,installing laminate flooring cost,22200,9.62,5,informational,Installing Laminate Flooring Cost Breakdown: Real Numbers,installing-laminate-flooring-cost-breakdown-real-numbers,"Step-by-step guide to installing laminate flooring cost: material options, installation tips, and honest cost expectations.",Flooring & Tile,laminate flooring; tile installation; flooring; installation; cost guide,low-flooring-installation-pricing-guide-for-homeowners; ceramic-flooring-installation-cost-what-to-expect-in-2026; floating-flooring-installation-cost-what-to-expect-in-2026; bad-flooring-installation-costs-and-tips; bad-floor-installation-guide-diy-or-hire-out,https://www.epa.gov/lead; https://www.epa.gov/asbestos,"A photorealistic photograph of luxury vinyl plank flooring being installed in a bright living room, with click-lock planks being joined together, a utility knife and straightedge nearby, and the transition between old and new flooring visible. The scene is set in a well-lit suburban home. natural lighting, shot on a Canon EOS R5 with a 35mm lens, shallow depth of field, editorial photography style. No text overlays, no watermarks, no logos, no artificial lighting artifacts. The image looks like it was taken by a professional home renovation photographer for an editorial magazine feature.","Q: What's the most durable option for installing laminate flooring cost? A: Porcelain tile and luxury vinyl plank top the durability charts for most rooms. The right choice depends on your room's moisture exposure, traffic level, and subfloor condition. | Q: What tools do I need for this project? A: The exact tools depend on your approach, but most installing laminate flooring cost projects need basic measuring and marking tools, safety gear, and the category-specific tools covered in the article above. | Q: What's the most common mistake to avoid? A: Skipping proper preparation is the number-one mistake. Whether it's surface prep, measuring twice, or reading the full instructions first — rushing the setup phase causes most DIY failures.",idea,Daniel Ware
32,2026-06-08,laminate-vinyl-floor,cost for vinyl flooring installed,8100,10.88,3,informational,How Much Does Vinyl Flooring Installed Really Cost?,how-much-does-vinyl-flooring-installed-really-cost,"Thinking about cost for vinyl flooring installed? Here's what it costs, how long it takes, and whether you should DIY it.",Flooring & Tile,tile installation; flooring; vinyl flooring; installation; cost guide,low-flooring-installation-pricing-guide-for-homeowners; ceramic-flooring-installation-cost-what-to-expect-in-2026; floating-flooring-installation-cost-what-to-expect-in-2026; bad-flooring-installation-costs-and-tips; bad-floor-installation-guide-diy-or-hire-out,https://www.iccsafe.org/products-and-services/i-codes/2024-i-codes/irc/; https://www.nwfa.org/; https://www.tcnatile.com/,"A photorealistic photograph of luxury vinyl plank flooring being installed in a bright living room, with click-lock planks being joined together, a utility knife and straightedge nearby, and the transition between old and new flooring visible. The scene is set in a well-lit suburban home. natural lighting, shot on a Canon EOS R5 with a 35mm lens, shallow depth of field, editorial photography style. No text overlays, no watermarks, no logos, no artificial lighting artifacts. The image looks like it was taken by a professional home renovation photographer for an editorial magazine feature.","Q: Can I install cost for vinyl flooring installed over existing flooring? A: Some flooring goes directly over existing surfaces (LVP, laminate), while others need bare subfloor (tile, hardwood). Check your specific product requirements and subfloor condition first. | Q: What tools do I need for this project? A: The exact tools depend on your approach, but most cost for vinyl flooring installed projects need basic measuring and marking tools, safety gear, and the category-specific tools covered in the article above. | Q: How long should I expect this project to take? A: A focused DIYer working weekends should budget 2–3x the time a pro would take. Factor in supply runs, learning curves, and the inevitable re-dos. Better to plan generously than rush.",idea,Daniel Ware
33,2026-06-09,laminate-vinyl-floor,cost to lay vinyl flooring,8100,10.88,12,informational,How Much Does Lay Vinyl Flooring Really Cost?,how-much-does-lay-vinyl-flooring-really-cost,"Thinking about cost to lay vinyl flooring? Here's what it costs, how long it takes, and whether you should DIY it. Practical tips from real projects.",Flooring & Tile,cost guide; tile installation; flooring; vinyl flooring,low-flooring-installation-pricing-guide-for-homeowners; ceramic-flooring-installation-cost-what-to-expect-in-2026; floating-flooring-installation-cost-what-to-expect-in-2026; bad-flooring-installation-costs-and-tips; bad-floor-installation-guide-diy-or-hire-out,https://www.nwfa.org/; https://www.tcnatile.com/; https://www.epa.gov/lead,"A photorealistic photograph of luxury vinyl plank flooring being installed in a bright living room, with click-lock planks being joined together, a utility knife and straightedge nearby, and the transition between old and new flooring visible. The scene is set in a well-lit suburban home. natural lighting, shot on a Canon EOS R5 with a 35mm lens, shallow depth of field, editorial photography style. No text overlays, no watermarks, no logos, no artificial lighting artifacts. The image looks like it was taken by a professional home renovation photographer for an editorial magazine feature.","Q: Can I install cost to lay vinyl flooring over existing flooring? A: Some flooring goes directly over existing surfaces (LVP, laminate), while others need bare subfloor (tile, hardwood). Check your specific product requirements and subfloor condition first. | Q: Can a beginner handle this project? A: With proper research, the right tools, and realistic expectations about timeline, many first-timers succeed. Start with a small area to build confidence before tackling the main project. | Q: How long should I expect this project to take? A: A focused DIYer working weekends should budget 2–3x the time a pro would take. Factor in supply runs, learning curves, and the inevitable re-dos. Better to plan generously than rush.",idea,Daniel Ware
34,2026-06-09,laminate-vinyl-floor,lvp flooring installation cost,12100,10.8,,commercial,Lvp Flooring Installation Pricing Guide for Homeowners,lvp-flooring-installation-pricing-guide-for-homeowners,"Thinking about lvp flooring installation cost? Here's what it costs, how long it takes, and whether you should DIY it. Practical tips from real projects.",Flooring & Tile,installation; tile installation; flooring; cost guide,low-flooring-installation-pricing-guide-for-homeowners; ceramic-flooring-installation-cost-what-to-expect-in-2026; floating-flooring-installation-cost-what-to-expect-in-2026; bad-flooring-installation-costs-and-tips; bad-floor-installation-guide-diy-or-hire-out,https://www.epa.gov/asbestos; https://www.iccsafe.org/products-and-services/i-codes/2024-i-codes/irc/; https://www.nwfa.org/,"A photorealistic photograph of luxury vinyl plank flooring being installed in a bright living room, with click-lock planks being joined together, a utility knife and straightedge nearby, and the transition between old and new flooring visible. The scene is set in a well-lit suburban home. natural lighting, shot on a Canon EOS R5 with a 35mm lens, shallow depth of field, editorial photography style. No text overlays, no watermarks, no logos, no artificial lighting artifacts. The image looks like it was taken by a professional home renovation photographer for an editorial magazine feature.","Q: Can I install lvp flooring installation cost over existing flooring? A: Some flooring goes directly over existing surfaces (LVP, laminate), while others need bare subfloor (tile, hardwood). Check your specific product requirements and subfloor condition first. | Q: What tools do I need for this project? A: The exact tools depend on your approach, but most lvp flooring installation cost projects need basic measuring and marking tools, safety gear, and the category-specific tools covered in the article above. | Q: How long should I expect this project to take? A: A focused DIYer working weekends should budget 2–3x the time a pro would take. Factor in supply runs, learning curves, and the inevitable re-dos. Better to plan generously than rush.",idea,Daniel Ware
35,2026-06-10,laminate-vinyl-floor,lvp flooring install cost,12100,10.8,,commercial,How Much Does Lvp Flooring Install Really Cost?,how-much-does-lvp-flooring-install-really-cost,"Thinking about lvp flooring install cost? Here's what it costs, how long it takes, and whether you should DIY it. Practical tips from real projects.",Flooring & Tile,installation; tile installation; flooring; cost guide,low-flooring-installation-pricing-guide-for-homeowners; ceramic-flooring-installation-cost-what-to-expect-in-2026; floating-flooring-installation-cost-what-to-expect-in-2026; bad-flooring-installation-costs-and-tips; bad-floor-installation-guide-diy-or-hire-out,https://www.epa.gov/lead; https://www.epa.gov/asbestos; https://www.iccsafe.org/products-and-services/i-codes/2024-i-codes/irc/,"A photorealistic photograph of luxury vinyl plank flooring being installed in a bright living room, with click-lock planks being joined together, a utility knife and straightedge nearby, and the transition between old and new flooring visible. The scene is set in a well-lit suburban home. natural lighting, shot on a Canon EOS R5 with a 35mm lens, shallow depth of field, editorial photography style. No text overlays, no watermarks, no logos, no artificial lighting artifacts. The image looks like it was taken by a professional home renovation photographer for an editorial magazine feature.","Q: Can I install lvp flooring install cost over existing flooring? A: Some flooring goes directly over existing surfaces (LVP, laminate), while others need bare subfloor (tile, hardwood). Check your specific product requirements and subfloor condition first. | Q: What tools do I need for this project? A: The exact tools depend on your approach, but most lvp flooring install cost projects need basic measuring and marking tools, safety gear, and the category-specific tools covered in the article above. | Q: How long should I expect this project to take? A: A focused DIYer working weekends should budget 2–3x the time a pro would take. Factor in supply runs, learning curves, and the inevitable re-dos. Better to plan generously than rush.",idea,Daniel Ware
36,2026-06-10,laminate-vinyl-floor,fence installation vinyl,9900,12.55,,commercial,Installing Fence Vinyl: What to Know First,installing-fence-vinyl-what-to-know-first,"Thinking about fence installation vinyl? Here's what it costs, how long it takes, and whether you should DIY it. Practical tips from real projects.",Flooring & Tile,fencing; tile installation; flooring; vinyl flooring; installation,installing-laminate-flooring-cost-breakdown-real-numbers; how-much-does-vinyl-flooring-installed-really-cost; how-much-does-lay-vinyl-flooring-really-cost; lvp-flooring-installation-pricing-guide-for-homeowners; how-much-does-lvp-flooring-install-really-cost,https://www.epa.gov/lead; https://www.epa.gov/asbestos; https://www.iccsafe.org/products-and-services/i-codes/2024-i-codes/irc/,"A photorealistic photograph of luxury vinyl plank flooring being installed in a bright living room, with click-lock planks being joined together, a utility knife and straightedge nearby, and the transition between old and new flooring visible. The scene is set in a well-lit suburban home. natural lighting, shot on a Canon EOS R5 with a 35mm lens, shallow depth of field, editorial photography style. No text overlays, no watermarks, no logos, no artificial lighting artifacts. The image looks like it was taken by a professional home renovation photographer for an editorial magazine feature.","Q: Can I install fence installation vinyl over existing flooring? A: Some flooring goes directly over existing surfaces (LVP, laminate), while others need bare subfloor (tile, hardwood). Check your specific product requirements and subfloor condition first. | Q: What tools do I need for this project? A: The exact tools depend on your approach, but most fence installation vinyl projects need basic measuring and marking tools, safety gear, and the category-specific tools covered in the article above. | Q: How long should I expect this project to take? A: A focused DIYer working weekends should budget 2–3x the time a pro would take. Factor in supply runs, learning curves, and the inevitable re-dos. Better to plan generously than rush.",idea,Daniel Ware
37,2026-06-11,laminate-vinyl-floor,install vinyl flooring cost,8100,10.88,,commercial,Install Vinyl Flooring Pricing Guide for Homeowners,install-vinyl-flooring-pricing-guide-for-homeowners,From subfloor prep to final trim — a practical guide to install vinyl flooring cost with real costs and pro tips. Practical tips from real projects.,Flooring & Tile,tile installation; flooring; vinyl flooring; installation; cost guide,how-much-does-vinyl-flooring-installed-really-cost; how-much-does-lay-vinyl-flooring-really-cost; lvp-flooring-installation-pricing-guide-for-homeowners; how-much-does-lvp-flooring-install-really-cost; installing-fence-vinyl-what-to-know-first,https://www.tcnatile.com/; https://www.epa.gov/lead; https://www.epa.gov/asbestos,"A photorealistic photograph of luxury vinyl plank flooring being installed in a bright living room, with click-lock planks being joined together, a utility knife and straightedge nearby, and the transition between old and new flooring visible. The scene is set in a well-lit suburban home. natural lighting, shot on a Canon EOS R5 with a 35mm lens, shallow depth of field, editorial photography style. No text overlays, no watermarks, no logos, no artificial lighting artifacts. The image looks like it was taken by a professional home renovation photographer for an editorial magazine feature.","Q: Can I install install vinyl flooring cost over existing flooring? A: Some flooring goes directly over existing surfaces (LVP, laminate), while others need bare subfloor (tile, hardwood). Check your specific product requirements and subfloor condition first. | Q: What tools do I need for this project? A: The exact tools depend on your approach, but most install vinyl flooring cost projects need basic measuring and marking tools, safety gear, and the category-specific tools covered in the article above. | Q: How long should I expect this project to take? A: A focused DIYer working weekends should budget 2–3x the time a pro would take. Factor in supply runs, learning curves, and the inevitable re-dos. Better to plan generously than rush.",idea,Daniel Ware
38,2026-06-11,hardwood-floor,install hardwood flooring cost,33100,9.45,1,commercial,Install Hardwood Flooring Cost: What to Expect in 2026,install-hardwood-flooring-cost-what-to-expect-in-2026,From subfloor prep to final trim — a practical guide to install hardwood flooring cost with real costs and pro tips. Practical tips from real projects.,Flooring & Tile,tile installation; flooring; installation; hardwood floors; cost guide,how-much-does-lay-vinyl-flooring-really-cost; lvp-flooring-installation-pricing-guide-for-homeowners; how-much-does-lvp-flooring-install-really-cost; installing-fence-vinyl-what-to-know-first; install-vinyl-flooring-pricing-guide-for-homeowners,https://www.nwfa.org/; https://www.tcnatile.com/,"A photorealistic photograph of a homeowner installing hardwood flooring kneeling on a subfloor, fitting tongue-and-groove oak planks with a rubber mallet, with boxes of uninstalled planks stacked nearby and a tape measure on the floor. The scene is set in a well-lit suburban home. natural lighting, shot on a Canon EOS R5 with a 35mm lens, shallow depth of field, editorial photography style. No text overlays, no watermarks, no logos, no artificial lighting artifacts. The image looks like it was taken by a professional home renovation photographer for an editorial magazine feature.","Q: What's the most durable option for install hardwood flooring cost? A: Porcelain tile and luxury vinyl plank top the durability charts for most rooms. The right choice depends on your room's moisture exposure, traffic level, and subfloor condition. | Q: What tools do I need for this project? A: The exact tools depend on your approach, but most install hardwood flooring cost projects need basic measuring and marking tools, safety gear, and the category-specific tools covered in the article above. | Q: What's the most common mistake to avoid? A: Skipping proper preparation is the number-one mistake. Whether it's surface prep, measuring twice, or reading the full instructions first — rushing the setup phase causes most DIY failures.",idea,Daniel Ware
39,2026-06-12,hardwood-floor,installed hardwood flooring cost,33100,9.45,20,informational,Installed Hardwood Flooring Cost Breakdown: Real Numbers,installed-hardwood-flooring-cost-breakdown-real-numbers,"Thinking about installed hardwood flooring cost? Here's what it costs, how long it takes, and whether you should DIY it.",Flooring & Tile,tile installation; hardwood floors; flooring; installation; cost guide,how-much-does-lay-vinyl-flooring-really-cost; lvp-flooring-installation-pricing-guide-for-homeowners; how-much-does-lvp-flooring-install-really-cost; installing-fence-vinyl-what-to-know-first; install-vinyl-flooring-pricing-guide-for-homeowners,https://www.iccsafe.org/products-and-services/i-codes/2024-i-codes/irc/; https://www.nwfa.org/,"A photorealistic photograph of a homeowner installing hardwood flooring kneeling on a subfloor, fitting tongue-and-groove oak planks with a rubber mallet, with boxes of uninstalled planks stacked nearby and a tape measure on the floor. The scene is set in a well-lit suburban home. natural lighting, shot on a Canon EOS R5 with a 35mm lens, shallow depth of field, editorial photography style. No text overlays, no watermarks, no logos, no artificial lighting artifacts. The image looks like it was taken by a professional home renovation photographer for an editorial magazine feature.","Q: What's the most durable option for installed hardwood flooring cost? A: Porcelain tile and luxury vinyl plank top the durability charts for most rooms. The right choice depends on your room's moisture exposure, traffic level, and subfloor condition. | Q: What tools do I need for this project? A: The exact tools depend on your approach, but most installed hardwood flooring cost projects need basic measuring and marking tools, safety gear, and the category-specific tools covered in the article above. | Q: What's the most common mistake to avoid? A: Skipping proper preparation is the number-one mistake. Whether it's surface prep, measuring twice, or reading the full instructions first — rushing the setup phase causes most DIY failures.",idea,Daniel Ware
40,2026-06-12,hardwood-floor,hardwood flooring repair cost,1300,35.75,,informational,Hardwood Flooring Repair Cost Breakdown: Real Numbers,hardwood-flooring-repair-cost-breakdown-real-numbers,"Thinking about hardwood flooring repair cost? Here's what it costs, how long it takes, and whether you should DIY it. Practical tips from real projects.",Flooring & Tile,tile installation; home repair; flooring; hardwood floors; cost guide,how-much-does-lay-vinyl-flooring-really-cost; lvp-flooring-installation-pricing-guide-for-homeowners; how-much-does-lvp-flooring-install-really-cost; installing-fence-vinyl-what-to-know-first; install-vinyl-flooring-pricing-guide-for-homeowners,https://www.nwfa.org/; https://www.tcnatile.com/,"A photorealistic photograph of a homeowner installing hardwood flooring kneeling on a subfloor, fitting tongue-and-groove oak planks with a rubber mallet, with boxes of uninstalled planks stacked nearby and a tape measure on the floor. The scene is set in a well-lit suburban home. natural lighting, shot on a Canon EOS R5 with a 35mm lens, shallow depth of field, editorial photography style. No text overlays, no watermarks, no logos, no artificial lighting artifacts. The image looks like it was taken by a professional home renovation photographer for an editorial magazine feature.","Q: What's the most durable option for hardwood flooring repair cost? A: Porcelain tile and luxury vinyl plank top the durability charts for most rooms. The right choice depends on your room's moisture exposure, traffic level, and subfloor condition. | Q: What tools do I need for this project? A: The exact tools depend on your approach, but most hardwood flooring repair cost projects need basic measuring and marking tools, safety gear, and the category-specific tools covered in the article above. | Q: What's the most common mistake to avoid? A: Skipping proper preparation is the number-one mistake. Whether it's surface prep, measuring twice, or reading the full instructions first — rushing the setup phase causes most DIY failures.",idea,Daniel Ware
41,2026-06-13,hardwood-floor,hardwood flooring installation cost per square foot,1600,17.82,,commercial,Hardwood Flooring Installation Per Square Foot Cost...,hardwood-flooring-installation-per-square-foot-cost,"Step-by-step guide to hardwood flooring installation cost per square foot: material options, installation tips, and honest cost expectations.",Flooring & Tile,tile installation; hardwood floors; flooring; installation; cost guide,how-much-does-lay-vinyl-flooring-really-cost; lvp-flooring-installation-pricing-guide-for-homeowners; how-much-does-lvp-flooring-install-really-cost; installing-fence-vinyl-what-to-know-first; install-vinyl-flooring-pricing-guide-for-homeowners,https://www.nwfa.org/; https://www.tcnatile.com/,"A photorealistic photograph of a homeowner installing hardwood flooring kneeling on a subfloor, fitting tongue-and-groove oak planks with a rubber mallet, with boxes of uninstalled planks stacked nearby and a tape measure on the floor. The scene is set in a well-lit suburban home. natural lighting, shot on a Canon EOS R5 with a 35mm lens, shallow depth of field, editorial photography style. No text overlays, no watermarks, no logos, no artificial lighting artifacts. The image looks like it was taken by a professional home renovation photographer for an editorial magazine feature.","Q: What's the most durable option for hardwood flooring installation cost per square foot? A: Porcelain tile and luxury vinyl plank top the durability charts for most rooms. The right choice depends on your room's moisture exposure, traffic level, and subfloor condition. | Q: What tools do I need for this project? A: The exact tools depend on your approach, but most hardwood flooring installation cost per square foot projects need basic measuring and marking tools, safety gear, and the category-specific tools covered in the article above. | Q: What's the most common mistake to avoid? A: Skipping proper preparation is the number-one mistake. Whether it's surface prep, measuring twice, or reading the full instructions first — rushing the setup phase causes most DIY failures.",idea,Daniel Ware
42,2026-06-13,hardwood-floor,laminate hardwood flooring installation cost,260,14.76,7,commercial,Laminate Hardwood Flooring Installation Pricing Guide for...,laminate-hardwood-flooring-installation-pricing-guide-for,"Step-by-step guide to laminate hardwood flooring installation cost: material options, installation tips, and honest cost expectations.",Flooring & Tile,laminate flooring; tile installation; hardwood floors; flooring; installation; cost guide,how-much-does-lay-vinyl-flooring-really-cost; lvp-flooring-installation-pricing-guide-for-homeowners; how-much-does-lvp-flooring-install-really-cost; installing-fence-vinyl-what-to-know-first; install-vinyl-flooring-pricing-guide-for-homeowners,https://www.iccsafe.org/products-and-services/i-codes/2024-i-codes/irc/; https://www.nwfa.org/; https://www.tcnatile.com/,"A photorealistic photograph of a homeowner installing hardwood flooring kneeling on a subfloor, fitting tongue-and-groove oak planks with a rubber mallet, with boxes of uninstalled planks stacked nearby and a tape measure on the floor. The scene is set in a well-lit suburban home. natural lighting, shot on a Canon EOS R5 with a 35mm lens, shallow depth of field, editorial photography style. No text overlays, no watermarks, no logos, no artificial lighting artifacts. The image looks like it was taken by a professional home renovation photographer for an editorial magazine feature.","Q: Can I install laminate hardwood flooring installation cost over existing flooring? A: Some flooring goes directly over existing surfaces (LVP, laminate), while others need bare subfloor (tile, hardwood). Check your specific product requirements and subfloor condition first. | Q: What tools do I need for this project? A: The exact tools depend on your approach, but most laminate hardwood flooring installation cost projects need basic measuring and marking tools, safety gear, and the category-specific tools covered in the article above. | Q: How long should I expect this project to take? A: A focused DIYer working weekends should budget 2–3x the time a pro would take. Factor in supply runs, learning curves, and the inevitable re-dos. Better to plan generously than rush.",idea,Daniel Ware
43,2026-06-14,hardwood-floor,laminate hardwood flooring cost installed,260,14.76,7,informational,Laminate Hardwood Flooring Installed Cost: What to Expect in 2026,laminate-hardwood-flooring-installed-cost-what-to-expect-in-2026,"Step-by-step guide to laminate hardwood flooring cost installed: material options, installation tips, and honest cost expectations.",Flooring & Tile,laminate flooring; tile installation; hardwood floors; flooring; installation; cost guide,how-much-does-lay-vinyl-flooring-really-cost; lvp-flooring-installation-pricing-guide-for-homeowners; how-much-does-lvp-flooring-install-really-cost; installing-fence-vinyl-what-to-know-first; install-vinyl-flooring-pricing-guide-for-homeowners,https://www.tcnatile.com/; https://www.epa.gov/lead,"A photorealistic photograph of a homeowner installing hardwood flooring kneeling on a subfloor, fitting tongue-and-groove oak planks with a rubber mallet, with boxes of uninstalled planks stacked nearby and a tape measure on the floor. The scene is set in a well-lit suburban home. natural lighting, shot on a Canon EOS R5 with a 35mm lens, shallow depth of field, editorial photography style. No text overlays, no watermarks, no logos, no artificial lighting artifacts. The image looks like it was taken by a professional home renovation photographer for an editorial magazine feature.","Q: What's the most durable option for laminate hardwood flooring cost installed? A: Porcelain tile and luxury vinyl plank top the durability charts for most rooms. The right choice depends on your room's moisture exposure, traffic level, and subfloor condition. | Q: What tools do I need for this project? A: The exact tools depend on your approach, but most laminate hardwood flooring cost installed projects need basic measuring and marking tools, safety gear, and the category-specific tools covered in the article above. | Q: What's the most common mistake to avoid? A: Skipping proper preparation is the number-one mistake. Whether it's surface prep, measuring twice, or reading the full instructions first — rushing the setup phase causes most DIY failures.",idea,Daniel Ware
44,2026-06-14,hardwood-floor,cost to install hardwood laminate flooring,260,14.76,9,commercial,Install Hardwood Laminate Flooring Pricing Guide for Homeowners,install-hardwood-laminate-flooring-pricing-guide-for-homeowners,"Thinking about cost to install hardwood laminate flooring? Here's what it costs, how long it takes, and whether you should DIY it.",Flooring & Tile,laminate flooring; tile installation; hardwood floors; flooring; installation; cost guide,how-much-does-lay-vinyl-flooring-really-cost; lvp-flooring-installation-pricing-guide-for-homeowners; how-much-does-lvp-flooring-install-really-cost; installing-fence-vinyl-what-to-know-first; install-vinyl-flooring-pricing-guide-for-homeowners,https://www.tcnatile.com/; https://www.epa.gov/lead; https://www.epa.gov/asbestos,"A photorealistic photograph of a homeowner installing hardwood flooring kneeling on a subfloor, fitting tongue-and-groove oak planks with a rubber mallet, with boxes of uninstalled planks stacked nearby and a tape measure on the floor. The scene is set in a well-lit suburban home. natural lighting, shot on a Canon EOS R5 with a 35mm lens, shallow depth of field, editorial photography style. No text overlays, no watermarks, no logos, no artificial lighting artifacts. The image looks like it was taken by a professional home renovation photographer for an editorial magazine feature.","Q: Can I install cost to install hardwood laminate flooring over existing flooring? A: Some flooring goes directly over existing surfaces (LVP, laminate), while others need bare subfloor (tile, hardwood). Check your specific product requirements and subfloor condition first. | Q: What tools do I need for this project? A: The exact tools depend on your approach, but most cost to install hardwood laminate flooring projects need basic measuring and marking tools, safety gear, and the category-specific tools covered in the article above. | Q: How long should I expect this project to take? A: A focused DIYer working weekends should budget 2–3x the time a pro would take. Factor in supply runs, learning curves, and the inevitable re-dos. Better to plan generously than rush.",idea,Daniel Ware
45,2026-06-15,plumbing-repair,plumbing repair toilet,49500,17.99,9,commercial,Plumbing Toilet Repair: DIY or Call a Pro?,plumbing-toilet-repair-diy-or-call-a-pro,"Real costs, realistic timelines, and practical steps for plumbing repair toilet. Written by a homeowner who's been through it.",Kitchen & Bath Remodeling,plumbing; bathroom remodel; kitchen remodel; home repair,budget-bathroom-remodel-ideas; bathroom-vanity-installation-cost; master-bathroom-remodel-cost; walk-in-shower-remodel-cost; small-bathroom-remodel-cost,https://www.iccsafe.org/products-and-services/i-codes/2024-i-codes/irc/; https://www.nfpa.org/codes-and-standards/nfpa-70-standard-development/70; https://www.epa.gov/lead,"A photorealistic photograph of a homeowner working under a kitchen sink with a wrench adjusting PVC drain fittings, a flashlight illuminating the work area, plumber's tape and pipe fittings spread on the cabinet floor. The scene is set in a well-lit suburban home. natural lighting, shot on a Canon EOS R5 with a 35mm lens, shallow depth of field, editorial photography style. No text overlays, no watermarks, no logos, no artificial lighting artifacts. The image looks like it was taken by a professional home renovation photographer for an editorial magazine feature.","Q: Is plumbing repair toilet worth the investment? A: Most homeowners recoup 60–70% of plumbing repair toilet costs at resale, and the daily comfort improvement is significant. Focus on quality basics over luxury upgrades for the best return. | Q: What tools do I need for this project? A: The exact tools depend on your approach, but most plumbing repair toilet projects need basic measuring and marking tools, safety gear, and the category-specific tools covered in the article above. | Q: How long should I expect this project to take? A: A focused DIYer working weekends should budget 2–3x the time a pro would take. Factor in supply runs, learning curves, and the inevitable re-dos. Better to plan generously than rush.",idea,Daniel Ware
46,2026-06-15,plumbing-repair,water tank heater installation,6600,97.31,,commercial,Installing Water Tank Heater: What to Know First,installing-water-tank-heater-what-to-know-first,A straightforward guide to water tank heater installation: what you can handle yourself and when to pick up the phone. Practical tips from real projects.,Plumbing & Electrical,water damage; installation; electrical; plumbing,hardwood-flooring-repair-cost-breakdown-real-numbers; hardwood-flooring-installation-per-square-foot-cost; laminate-hardwood-flooring-installation-pricing-guide-for; laminate-hardwood-flooring-installed-cost-what-to-expect-in-2026; install-hardwood-laminate-flooring-pricing-guide-for-homeowners,https://www.iccsafe.org/products-and-services/i-codes/2024-i-codes/irc/; https://www.epa.gov/watersense; https://www.osha.gov/,"A photorealistic photograph of a homeowner reading a how-to guide on a tablet in a utility room with exposed pipes and an electrical panel visible, a flashlight and basic tools nearby. The scene is set in a well-lit suburban home. natural lighting, shot on a Canon EOS R5 with a 35mm lens, shallow depth of field, editorial photography style. No text overlays, no watermarks, no logos, no artificial lighting artifacts. The image looks like it was taken by a professional home renovation photographer for an editorial magazine feature.","Q: How do I find a reliable plumber or electrician? A: Ask neighbors for referrals, check reviews on multiple platforms, verify their license and insurance, and always get at least three written quotes before deciding. | Q: What tools do I need for this project? A: The exact tools depend on your approach, but most water tank heater installation projects need basic measuring and marking tools, safety gear, and the category-specific tools covered in the article above. | Q: How long should I expect this project to take? A: A focused DIYer working weekends should budget 2–3x the time a pro would take. Factor in supply runs, learning curves, and the inevitable re-dos. Better to plan generously than rush.",idea,Daniel Ware
47,2026-06-16,plumbing-repair,plumbing repair pipe,1300,41.95,6,transactional,Plumbing Pipe Repair: DIY or Call a Pro?,plumbing-pipe-repair-diy-or-call-a-pro,"Should you DIY plumbing repair pipe or call a pro? Real costs, skill requirements, and safety considerations. Practical tips from real projects.",Plumbing & Electrical,home repair; electrical; plumbing,hardwood-flooring-repair-cost-breakdown-real-numbers; hardwood-flooring-installation-per-square-foot-cost; laminate-hardwood-flooring-installation-pricing-guide-for; laminate-hardwood-flooring-installed-cost-what-to-expect-in-2026; install-hardwood-laminate-flooring-pricing-guide-for-homeowners,https://www.ul.com/; https://www.nfpa.org/codes-and-standards/nfpa-70-standard-development/70; https://www.iccsafe.org/products-and-services/i-codes/2024-i-codes/irc/,"A photorealistic photograph of a homeowner working under a kitchen sink with a wrench adjusting PVC drain fittings, a flashlight illuminating the work area, plumber's tape and pipe fittings spread on the cabinet floor. The scene is set in a well-lit suburban home. natural lighting, shot on a Canon EOS R5 with a 35mm lens, shallow depth of field, editorial photography style. No text overlays, no watermarks, no logos, no artificial lighting artifacts. The image looks like it was taken by a professional home renovation photographer for an editorial magazine feature.","Q: How do I find a reliable plumber or electrician? A: Ask neighbors for referrals, check reviews on multiple platforms, verify their license and insurance, and always get at least three written quotes before deciding. | Q: What tools do I need for this project? A: The exact tools depend on your approach, but most plumbing repair pipe projects need basic measuring and marking tools, safety gear, and the category-specific tools covered in the article above. | Q: How long should I expect this project to take? A: A focused DIYer working weekends should budget 2–3x the time a pro would take. Factor in supply runs, learning curves, and the inevitable re-dos. Better to plan generously than rush.",idea,Daniel Ware
48,2026-06-16,plumbing-repair,plumbing pipes repair,1300,41.95,6,commercial,Plumbing Pipes Repairs: A Homeowner's Guide,plumbing-pipes-repairs-a-homeowners-guide,A straightforward guide to plumbing pipes repair: what you can handle yourself and when to pick up the phone. Practical tips from real projects.,Plumbing & Electrical,home repair; electrical; plumbing,hardwood-flooring-repair-cost-breakdown-real-numbers; hardwood-flooring-installation-per-square-foot-cost; laminate-hardwood-flooring-installation-pricing-guide-for; laminate-hardwood-flooring-installed-cost-what-to-expect-in-2026; install-hardwood-laminate-flooring-pricing-guide-for-homeowners,https://www.nfpa.org/codes-and-standards/nfpa-70-standard-development/70; https://www.iccsafe.org/products-and-services/i-codes/2024-i-codes/irc/,"A photorealistic photograph of a homeowner working under a kitchen sink with a wrench adjusting PVC drain fittings, a flashlight illuminating the work area, plumber's tape and pipe fittings spread on the cabinet floor. The scene is set in a well-lit suburban home. natural lighting, shot on a Canon EOS R5 with a 35mm lens, shallow depth of field, editorial photography style. No text overlays, no watermarks, no logos, no artificial lighting artifacts. The image looks like it was taken by a professional home renovation photographer for an editorial magazine feature.","Q: Should I DIY this or hire a licensed professional? A: Basic tasks like replacing a faucet or outlet cover are DIY-friendly. Anything involving main lines, gas, load-bearing walls, or your electrical panel should go to a licensed pro — it's a safety and code issue. | Q: What tools do I need for this project? A: The exact tools depend on your approach, but most plumbing pipes repair projects need basic measuring and marking tools, safety gear, and the category-specific tools covered in the article above. | Q: What's the most common mistake to avoid? A: Skipping proper preparation is the number-one mistake. Whether it's surface prep, measuring twice, or reading the full instructions first — rushing the setup phase causes most DIY failures.",idea,Daniel Ware
49,2026-06-17,plumbing-repair,emergency plumbing repair,1300,84.36,25,commercial,Emergency Plumbing Repairs: A Homeowner's Guide,emergency-plumbing-repairs-a-homeowners-guide,A straightforward guide to emergency plumbing repair: what you can handle yourself and when to pick up the phone. Practical tips from real projects.,Plumbing & Electrical,home repair; electrical; plumbing,when-to-call-a-plumber-vs-diy; plumbing-toilet-repair-diy-or-call-a-pro; installing-water-tank-heater-what-to-know-first; plumbing-pipe-repair-diy-or-call-a-pro; plumbing-pipes-repairs-a-homeowners-guide,https://www.iccsafe.org/products-and-services/i-codes/2024-i-codes/irc/; https://www.epa.gov/watersense,"A photorealistic photograph of a homeowner working under a kitchen sink with a wrench adjusting PVC drain fittings, a flashlight illuminating the work area, plumber's tape and pipe fittings spread on the cabinet floor. The scene is set in a well-lit suburban home. natural lighting, shot on a Canon EOS R5 with a 35mm lens, shallow depth of field, editorial photography style. No text overlays, no watermarks, no logos, no artificial lighting artifacts. The image looks like it was taken by a professional home renovation photographer for an editorial magazine feature.","Q: Should I DIY this or hire a licensed professional? A: Basic tasks like replacing a faucet or outlet cover are DIY-friendly. Anything involving main lines, gas, load-bearing walls, or your electrical panel should go to a licensed pro — it's a safety and code issue. | Q: What tools do I need for this project? A: The exact tools depend on your approach, but most emergency plumbing repair projects need basic measuring and marking tools, safety gear, and the category-specific tools covered in the article above. | Q: What's the most common mistake to avoid? A: Skipping proper preparation is the number-one mistake. Whether it's surface prep, measuring twice, or reading the full instructions first — rushing the setup phase causes most DIY failures.",idea,Daniel Ware
50,2026-06-17,plumbing-repair,home plumbing repair,720,88.56,17,commercial,Home Plumbing Repairs: A Homeowner's Guide,home-plumbing-repairs-a-homeowners-guide,A straightforward guide to home plumbing repair: what you can handle yourself and when to pick up the phone. Practical tips from real projects.,Plumbing & Electrical,home repair; electrical; plumbing,plumbing-toilet-repair-diy-or-call-a-pro; installing-water-tank-heater-what-to-know-first; plumbing-pipe-repair-diy-or-call-a-pro; plumbing-pipes-repairs-a-homeowners-guide; emergency-plumbing-repairs-a-homeowners-guide,https://www.osha.gov/; https://www.ul.com/,"A photorealistic photograph of a homeowner working under a kitchen sink with a wrench adjusting PVC drain fittings, a flashlight illuminating the work area, plumber's tape and pipe fittings spread on the cabinet floor. The scene is set in a well-lit suburban home. natural lighting, shot on a Canon EOS R5 with a 35mm lens, shallow depth of field, editorial photography style. No text overlays, no watermarks, no logos, no artificial lighting artifacts. The image looks like it was taken by a professional home renovation photographer for an editorial magazine feature.","Q: Should I DIY this or hire a licensed professional? A: Basic tasks like replacing a faucet or outlet cover are DIY-friendly. Anything involving main lines, gas, load-bearing walls, or your electrical panel should go to a licensed pro — it's a safety and code issue. | Q: What tools do I need for this project? A: The exact tools depend on your approach, but most home plumbing repair projects need basic measuring and marking tools, safety gear, and the category-specific tools covered in the article above. | Q: What's the most common mistake to avoid? A: Skipping proper preparation is the number-one mistake. Whether it's surface prep, measuring twice, or reading the full instructions first — rushing the setup phase causes most DIY failures.",idea,Daniel Ware
51,2026-06-18,plumbing-repair,service and repair plumbing,2900,23.41,19,commercial,Plumbing Repair: DIY or Call a Pro?,plumbing-repair-diy-or-call-a-pro,"Should you DIY service and repair plumbing or call a pro? Real costs, skill requirements, and safety considerations. Practical tips from real projects.",Plumbing & Electrical,home repair; electrical; plumbing,installing-water-tank-heater-what-to-know-first; plumbing-pipe-repair-diy-or-call-a-pro; plumbing-pipes-repairs-a-homeowners-guide; emergency-plumbing-repairs-a-homeowners-guide; home-plumbing-repairs-a-homeowners-guide,https://www.nfpa.org/codes-and-standards/nfpa-70-standard-development/70; https://www.iccsafe.org/products-and-services/i-codes/2024-i-codes/irc/,"A photorealistic photograph of a homeowner working under a kitchen sink with a wrench adjusting PVC drain fittings, a flashlight illuminating the work area, plumber's tape and pipe fittings spread on the cabinet floor. The scene is set in a well-lit suburban home. natural lighting, shot on a Canon EOS R5 with a 35mm lens, shallow depth of field, editorial photography style. No text overlays, no watermarks, no logos, no artificial lighting artifacts. The image looks like it was taken by a professional home renovation photographer for an editorial magazine feature.","Q: Should I DIY this or hire a licensed professional? A: Basic tasks like replacing a faucet or outlet cover are DIY-friendly. Anything involving main lines, gas, load-bearing walls, or your electrical panel should go to a licensed pro — it's a safety and code issue. | Q: What tools do I need for this project? A: The exact tools depend on your approach, but most service and repair plumbing projects need basic measuring and marking tools, safety gear, and the category-specific tools covered in the article above. | Q: What's the most common mistake to avoid? A: Skipping proper preparation is the number-one mistake. Whether it's surface prep, measuring twice, or reading the full instructions first — rushing the setup phase causes most DIY failures.",idea,Daniel Ware
52,2026-06-18,plumbing-repair,plumbing repair companies,260,56.68,4,commercial,Plumbing Companies Repair: DIY or Call a Pro?,plumbing-companies-repair-diy-or-call-a-pro,"Should you DIY plumbing repair companies or call a pro? Real costs, skill requirements, and safety considerations. Practical tips from real projects.",Plumbing & Electrical,home repair; electrical; plumbing,plumbing-pipe-repair-diy-or-call-a-pro; plumbing-pipes-repairs-a-homeowners-guide; emergency-plumbing-repairs-a-homeowners-guide; home-plumbing-repairs-a-homeowners-guide; plumbing-repair-diy-or-call-a-pro,https://www.nfpa.org/codes-and-standards/nfpa-70-standard-development/70; https://www.iccsafe.org/products-and-services/i-codes/2024-i-codes/irc/; https://www.epa.gov/watersense,"A photorealistic photograph of a homeowner working under a kitchen sink with a wrench adjusting PVC drain fittings, a flashlight illuminating the work area, plumber's tape and pipe fittings spread on the cabinet floor. The scene is set in a well-lit suburban home. natural lighting, shot on a Canon EOS R5 with a 35mm lens, shallow depth of field, editorial photography style. No text overlays, no watermarks, no logos, no artificial lighting artifacts. The image looks like it was taken by a professional home renovation photographer for an editorial magazine feature.","Q: How do I find a reliable plumber or electrician? A: Ask neighbors for referrals, check reviews on multiple platforms, verify their license and insurance, and always get at least three written quotes before deciding. | Q: What tools do I need for this project? A: The exact tools depend on your approach, but most plumbing repair companies projects need basic measuring and marking tools, safety gear, and the category-specific tools covered in the article above. | Q: How long should I expect this project to take? A: A focused DIYer working weekends should budget 2–3x the time a pro would take. Factor in supply runs, learning curves, and the inevitable re-dos. Better to plan generously than rush.",idea,Daniel Ware
53,2026-06-19,plumbing-repair,vent leaking water,210,272.57,,informational,Vent Leaking Water: A Practical Guide,vent-leaking-water-a-practical-guide,"Should you DIY vent leaking water or call a pro? Real costs, skill requirements, and safety considerations. Practical tips from real projects.",Plumbing & Electrical,water damage; electrical; plumbing,plumbing-pipes-repairs-a-homeowners-guide; emergency-plumbing-repairs-a-homeowners-guide; home-plumbing-repairs-a-homeowners-guide; plumbing-repair-diy-or-call-a-pro; plumbing-companies-repair-diy-or-call-a-pro,https://www.iccsafe.org/products-and-services/i-codes/2024-i-codes/irc/; https://www.epa.gov/watersense; https://www.osha.gov/,"A photorealistic photograph of a homeowner working under a kitchen sink with a wrench adjusting PVC drain fittings, a flashlight illuminating the work area, plumber's tape and pipe fittings spread on the cabinet floor. The scene is set in a well-lit suburban home. natural lighting, shot on a Canon EOS R5 with a 35mm lens, shallow depth of field, editorial photography style. No text overlays, no watermarks, no logos, no artificial lighting artifacts. The image looks like it was taken by a professional home renovation photographer for an editorial magazine feature.","Q: How do I find a reliable plumber or electrician? A: Ask neighbors for referrals, check reviews on multiple platforms, verify their license and insurance, and always get at least three written quotes before deciding. | Q: Can a beginner handle this project? A: With proper research, the right tools, and realistic expectations about timeline, many first-timers succeed. Start with a small area to build confidence before tackling the main project. | Q: How long should I expect this project to take? A: A focused DIYer working weekends should budget 2–3x the time a pro would take. Factor in supply runs, learning curves, and the inevitable re-dos. Better to plan generously than rush.",idea,Daniel Ware
54,2026-06-19,plumbing-repair,sewer plumbing repair,1000,49.77,,commercial,Sewer Plumbing Repair Guide: What to Know,sewer-plumbing-repair-guide-what-to-know,"Know what you're getting into with sewer plumbing repair. Costs, code requirements, and the honest DIY difficulty level.",Plumbing & Electrical,home repair; electrical; plumbing,emergency-plumbing-repairs-a-homeowners-guide; home-plumbing-repairs-a-homeowners-guide; plumbing-repair-diy-or-call-a-pro; plumbing-companies-repair-diy-or-call-a-pro; vent-leaking-water-a-practical-guide,https://www.epa.gov/watersense; https://www.osha.gov/; https://www.ul.com/,"A photorealistic photograph of a homeowner working under a kitchen sink with a wrench adjusting PVC drain fittings, a flashlight illuminating the work area, plumber's tape and pipe fittings spread on the cabinet floor. The scene is set in a well-lit suburban home. natural lighting, shot on a Canon EOS R5 with a 35mm lens, shallow depth of field, editorial photography style. No text overlays, no watermarks, no logos, no artificial lighting artifacts. The image looks like it was taken by a professional home renovation photographer for an editorial magazine feature.","Q: How do I find a reliable plumber or electrician? A: Ask neighbors for referrals, check reviews on multiple platforms, verify their license and insurance, and always get at least three written quotes before deciding. | Q: What tools do I need for this project? A: The exact tools depend on your approach, but most sewer plumbing repair projects need basic measuring and marking tools, safety gear, and the category-specific tools covered in the article above. | Q: How long should I expect this project to take? A: A focused DIYer working weekends should budget 2–3x the time a pro would take. Factor in supply runs, learning curves, and the inevitable re-dos. Better to plan generously than rush.",idea,Daniel Ware
55,2026-06-20,basement-finish,basement finishing pricing,4400,11.89,1,commercial,Basement Finishing Pricing: What Homeowners Should Know,basement-finishing-pricing-what-homeowners-should-know,"Considering basement finishing pricing? Here's what it actually takes — costs, permits, and the decisions that matter most.",Basement & Attic,attic renovation; basement finishing; basement,home-plumbing-repairs-a-homeowners-guide; plumbing-repair-diy-or-call-a-pro; plumbing-companies-repair-diy-or-call-a-pro; vent-leaking-water-a-practical-guide; sewer-plumbing-repair-guide-what-to-know,https://www.epa.gov/radon; https://www.epa.gov/mold,"A photorealistic photograph of a basement being finished with metal stud framing going up, fiberglass insulation batts between some studs, recessed lighting cans visible in the ceiling joists above, and a level leaning against the wall. The scene is set in a well-lit suburban home. natural lighting, shot on a Canon EOS R5 with a 35mm lens, shallow depth of field, editorial photography style. No text overlays, no watermarks, no logos, no artificial lighting artifacts. The image looks like it was taken by a professional home renovation photographer for an editorial magazine feature.","Q: Do I need a permit to finish this space? A: Almost certainly yes. Finishing a basement or attic into livable space requires permits for framing, electrical, plumbing, and egress. Skipping permits creates problems at resale. | Q: Can a beginner handle this project? A: With proper research, the right tools, and realistic expectations about timeline, many first-timers succeed. Start with a small area to build confidence before tackling the main project. | Q: What's the most common mistake to avoid? A: Skipping proper preparation is the number-one mistake. Whether it's surface prep, measuring twice, or reading the full instructions first — rushing the setup phase causes most DIY failures.",idea,Daniel Ware
56,2026-06-20,basement-finish,basement finishing prices,4400,11.89,1,commercial,Basement Finishing Prices: Honest Advice for Your Home,basement-finishing-prices-honest-advice-for-your-home,"Practical guide to basement finishing prices: real costs per square foot, timelines, and the gotchas nobody warns about.",Basement & Attic,attic renovation; basement finishing; basement,home-plumbing-repairs-a-homeowners-guide; plumbing-repair-diy-or-call-a-pro; plumbing-companies-repair-diy-or-call-a-pro; vent-leaking-water-a-practical-guide; sewer-plumbing-repair-guide-what-to-know,https://www.energy.gov/energysaver/insulation; https://www.fema.gov/; https://www.epa.gov/radon,"A photorealistic photograph of a basement being finished with metal stud framing going up, fiberglass insulation batts between some studs, recessed lighting cans visible in the ceiling joists above, and a level leaning against the wall. The scene is set in a well-lit suburban home. natural lighting, shot on a Canon EOS R5 with a 35mm lens, shallow depth of field, editorial photography style. No text overlays, no watermarks, no logos, no artificial lighting artifacts. The image looks like it was taken by a professional home renovation photographer for an editorial magazine feature.","Q: What about moisture problems? A: Address any moisture issues before finishing. This means proper exterior grading, waterproofing, a sump pump if needed, and a good dehumidifier. Finishing over a wet problem guarantees mold. | Q: Can a beginner handle this project? A: With proper research, the right tools, and realistic expectations about timeline, many first-timers succeed. Start with a small area to build confidence before tackling the main project. | Q: How long should I expect this project to take? A: A focused DIYer working weekends should budget 2–3x the time a pro would take. Factor in supply runs, learning curves, and the inevitable re-dos. Better to plan generously than rush.",idea,Daniel Ware
57,2026-06-21,basement-finish,contractors basement finishing,6600,22.59,6,commercial,Hiring a Basement Finishing Contractor: Red Flags and Tips,hiring-a-basement-finishing-contractor-red-flags-and-tips,"Practical guide to contractors basement finishing: real costs per square foot, timelines, and the gotchas nobody warns about.",Basement & Attic,attic renovation; basement finishing; basement,home-plumbing-repairs-a-homeowners-guide; plumbing-repair-diy-or-call-a-pro; plumbing-companies-repair-diy-or-call-a-pro; vent-leaking-water-a-practical-guide; sewer-plumbing-repair-guide-what-to-know,https://www.iccsafe.org/products-and-services/i-codes/2024-i-codes/irc/; https://www.energy.gov/energysaver/insulation; https://www.fema.gov/,"A photorealistic photograph of a basement being finished with metal stud framing going up, fiberglass insulation batts between some studs, recessed lighting cans visible in the ceiling joists above, and a level leaning against the wall. The scene is set in a well-lit suburban home. natural lighting, shot on a Canon EOS R5 with a 35mm lens, shallow depth of field, editorial photography style. No text overlays, no watermarks, no logos, no artificial lighting artifacts. The image looks like it was taken by a professional home renovation photographer for an editorial magazine feature.","Q: What about moisture problems? A: Address any moisture issues before finishing. This means proper exterior grading, waterproofing, a sump pump if needed, and a good dehumidifier. Finishing over a wet problem guarantees mold. | Q: Can a beginner handle this project? A: With proper research, the right tools, and realistic expectations about timeline, many first-timers succeed. Start with a small area to build confidence before tackling the main project. | Q: How long should I expect this project to take? A: A focused DIYer working weekends should budget 2–3x the time a pro would take. Factor in supply runs, learning curves, and the inevitable re-dos. Better to plan generously than rush.",idea,Daniel Ware
58,2026-06-21,basement-finish,contractor basement finishing,6600,22.59,18,commercial,Hiring a Basement Finishing Contractor: Red Flags and Tips,hiring-a-basement-finishing-contractor-red-flags-and-tips,Turn unused space into livable rooms. A real-world guide to contractor basement finishing with honest costs and timelines.,Basement & Attic,attic renovation; basement finishing; basement,home-plumbing-repairs-a-homeowners-guide; plumbing-repair-diy-or-call-a-pro; plumbing-companies-repair-diy-or-call-a-pro; vent-leaking-water-a-practical-guide; sewer-plumbing-repair-guide-what-to-know,https://www.epa.gov/mold; https://www.iccsafe.org/products-and-services/i-codes/2024-i-codes/irc/,"A photorealistic photograph of a basement being finished with metal stud framing going up, fiberglass insulation batts between some studs, recessed lighting cans visible in the ceiling joists above, and a level leaning against the wall. The scene is set in a well-lit suburban home. natural lighting, shot on a Canon EOS R5 with a 35mm lens, shallow depth of field, editorial photography style. No text overlays, no watermarks, no logos, no artificial lighting artifacts. The image looks like it was taken by a professional home renovation photographer for an editorial magazine feature.","Q: Do I need a permit to finish this space? A: Almost certainly yes. Finishing a basement or attic into livable space requires permits for framing, electrical, plumbing, and egress. Skipping permits creates problems at resale. | Q: Can a beginner handle this project? A: With proper research, the right tools, and realistic expectations about timeline, many first-timers succeed. Start with a small area to build confidence before tackling the main project. | Q: What's the most common mistake to avoid? A: Skipping proper preparation is the number-one mistake. Whether it's surface prep, measuring twice, or reading the full instructions first — rushing the setup phase causes most DIY failures.",idea,Daniel Ware
59,2026-06-22,basement-finish,basement finishing price,4400,11.89,7,commercial,Basement Finishing Pricing Guide for Homeowners,basement-finishing-pricing-guide-for-homeowners,Turn unused space into livable rooms. A real-world guide to basement finishing price with honest costs and timelines. Practical tips from real projects.,Basement & Attic,attic renovation; basement finishing; basement,cost-to-finish-a-basement; basement-finishing-pricing-what-homeowners-should-know; basement-finishing-prices-honest-advice-for-your-home; hiring-a-basement-finishing-contractor-red-flags-and-tips; hiring-a-basement-finishing-contractor-red-flags-and-tips,https://www.energy.gov/energysaver/insulation; https://www.fema.gov/; https://www.epa.gov/radon,"A photorealistic photograph of a basement being finished with metal stud framing going up, fiberglass insulation batts between some studs, recessed lighting cans visible in the ceiling joists above, and a level leaning against the wall. The scene is set in a well-lit suburban home. natural lighting, shot on a Canon EOS R5 with a 35mm lens, shallow depth of field, editorial photography style. No text overlays, no watermarks, no logos, no artificial lighting artifacts. The image looks like it was taken by a professional home renovation photographer for an editorial magazine feature.","Q: What about moisture problems? A: Address any moisture issues before finishing. This means proper exterior grading, waterproofing, a sump pump if needed, and a good dehumidifier. Finishing over a wet problem guarantees mold. | Q: Can a beginner handle this project? A: With proper research, the right tools, and realistic expectations about timeline, many first-timers succeed. Start with a small area to build confidence before tackling the main project. | Q: How long should I expect this project to take? A: A focused DIYer working weekends should budget 2–3x the time a pro would take. Factor in supply runs, learning curves, and the inevitable re-dos. Better to plan generously than rush.",idea,Daniel Ware
60,2026-06-22,basement-finish,finishing basement,5400,18.05,,commercial,The Real Deal on Finishing Basement,the-real-deal-on-finishing-basement,"Practical guide to finishing basement: real costs per square foot, timelines, and the gotchas nobody warns about. Practical tips from real projects.",Basement & Attic,attic renovation; basement finishing; basement,basement-finishing-pricing-what-homeowners-should-know; basement-finishing-prices-honest-advice-for-your-home; hiring-a-basement-finishing-contractor-red-flags-and-tips; hiring-a-basement-finishing-contractor-red-flags-and-tips; basement-finishing-pricing-guide-for-homeowners,https://www.iccsafe.org/products-and-services/i-codes/2024-i-codes/irc/; https://www.energy.gov/energysaver/insulation; https://www.fema.gov/,"A photorealistic photograph of a basement being finished with metal stud framing going up, fiberglass insulation batts between some studs, recessed lighting cans visible in the ceiling joists above, and a level leaning against the wall. The scene is set in a well-lit suburban home. natural lighting, shot on a Canon EOS R5 with a 35mm lens, shallow depth of field, editorial photography style. No text overlays, no watermarks, no logos, no artificial lighting artifacts. The image looks like it was taken by a professional home renovation photographer for an editorial magazine feature.","Q: What about moisture problems? A: Address any moisture issues before finishing. This means proper exterior grading, waterproofing, a sump pump if needed, and a good dehumidifier. Finishing over a wet problem guarantees mold. | Q: Can a beginner handle this project? A: With proper research, the right tools, and realistic expectations about timeline, many first-timers succeed. Start with a small area to build confidence before tackling the main project. | Q: How long should I expect this project to take? A: A focused DIYer working weekends should budget 2–3x the time a pro would take. Factor in supply runs, learning curves, and the inevitable re-dos. Better to plan generously than rush.",idea,Daniel Ware
61,2026-06-23,basement-finish,flooded basement restoration,140,115.85,3,commercial,Flooded Basement Restoration: Honest Advice for Your Home,flooded-basement-restoration-honest-advice-for-your-home,"Considering flooded basement restoration? Here's what it actually takes — costs, permits, and the decisions that matter most.",Basement & Attic,attic renovation; basement finishing; basement,basement-finishing-prices-honest-advice-for-your-home; hiring-a-basement-finishing-contractor-red-flags-and-tips; hiring-a-basement-finishing-contractor-red-flags-and-tips; basement-finishing-pricing-guide-for-homeowners; the-real-deal-on-finishing-basement,https://www.energy.gov/energysaver/insulation; https://www.fema.gov/; https://www.epa.gov/radon,"A photorealistic photograph of a bright, freshly finished basement living space with luxury vinyl plank flooring, recessed lighting, light gray walls, and a mini kitchenette in the background. The scene is set in a well-lit suburban home. natural lighting, shot on a Canon EOS R5 with a 35mm lens, shallow depth of field, editorial photography style. No text overlays, no watermarks, no logos, no artificial lighting artifacts. The image looks like it was taken by a professional home renovation photographer for an editorial magazine feature.","Q: What about moisture problems? A: Address any moisture issues before finishing. This means proper exterior grading, waterproofing, a sump pump if needed, and a good dehumidifier. Finishing over a wet problem guarantees mold. | Q: Can a beginner handle this project? A: With proper research, the right tools, and realistic expectations about timeline, many first-timers succeed. Start with a small area to build confidence before tackling the main project. | Q: How long should I expect this project to take? A: A focused DIYer working weekends should budget 2–3x the time a pro would take. Factor in supply runs, learning curves, and the inevitable re-dos. Better to plan generously than rush.",idea,Daniel Ware
62,2026-06-23,basement-finish,finishing basement cost,3600,13.15,,informational,Finishing Basement Cost Breakdown: Real Numbers,finishing-basement-cost-breakdown-real-numbers,"Practical guide to finishing basement cost: real costs per square foot, timelines, and the gotchas nobody warns about. Practical tips from real projects.",Basement & Attic,attic renovation; basement; basement finishing; cost guide,hiring-a-basement-finishing-contractor-red-flags-and-tips; hiring-a-basement-finishing-contractor-red-flags-and-tips; basement-finishing-pricing-guide-for-homeowners; the-real-deal-on-finishing-basement; flooded-basement-restoration-honest-advice-for-your-home,https://www.energy.gov/energysaver/insulation; https://www.fema.gov/,"A photorealistic photograph of a basement being finished with metal stud framing going up, fiberglass insulation batts between some studs, recessed lighting cans visible in the ceiling joists above, and a level leaning against the wall. The scene is set in a well-lit suburban home. natural lighting, shot on a Canon EOS R5 with a 35mm lens, shallow depth of field, editorial photography style. No text overlays, no watermarks, no logos, no artificial lighting artifacts. The image looks like it was taken by a professional home renovation photographer for an editorial magazine feature.","Q: Do I need a permit to finish this space? A: Almost certainly yes. Finishing a basement or attic into livable space requires permits for framing, electrical, plumbing, and egress. Skipping permits creates problems at resale. | Q: Can a beginner handle this project? A: With proper research, the right tools, and realistic expectations about timeline, many first-timers succeed. Start with a small area to build confidence before tackling the main project. | Q: What's the most common mistake to avoid? A: Skipping proper preparation is the number-one mistake. Whether it's surface prep, measuring twice, or reading the full instructions first — rushing the setup phase causes most DIY failures.",idea,Daniel Ware
63,2026-06-24,basement-finish,basement finishing costs,3600,13.15,,informational,Basement Finishing Costs: What Homeowners Should Know,basement-finishing-costs-what-homeowners-should-know,"Practical guide to basement finishing costs: real costs per square foot, timelines, and the gotchas nobody warns about. Practical tips from real projects.",Basement & Attic,attic renovation; basement; basement finishing; cost guide,hiring-a-basement-finishing-contractor-red-flags-and-tips; basement-finishing-pricing-guide-for-homeowners; the-real-deal-on-finishing-basement; flooded-basement-restoration-honest-advice-for-your-home,https://www.epa.gov/radon; https://www.epa.gov/mold; https://www.iccsafe.org/products-and-services/i-codes/2024-i-codes/irc/,"A photorealistic photograph of a basement being finished with metal stud framing going up, fiberglass insulation batts between some studs, recessed lighting cans visible in the ceiling joists above, and a level leaning against the wall. The scene is set in a well-lit suburban home. natural lighting, shot on a Canon EOS R5 with a 35mm lens, shallow depth of field, editorial photography style. No text overlays, no watermarks, no logos, no artificial lighting artifacts. The image looks like it was taken by a professional home renovation photographer for an editorial magazine feature.","Q: What about moisture problems? A: Address any moisture issues before finishing. This means proper exterior grading, waterproofing, a sump pump if needed, and a good dehumidifier. Finishing over a wet problem guarantees mold. | Q: Can a beginner handle this project? A: With proper research, the right tools, and realistic expectations about timeline, many first-timers succeed. Start with a small area to build confidence before tackling the main project. | Q: How long should I expect this project to take? A: A focused DIYer working weekends should budget 2–3x the time a pro would take. Factor in supply runs, learning curves, and the inevitable re-dos. Better to plan generously than rush.",idea,Daniel Ware
64,2026-06-24,basement-finish,basement finishing companies,1600,28.33,,commercial,Hiring Basement Finishing Pros: What to Look For,hiring-basement-finishing-pros-what-to-look-for,"Practical guide to basement finishing companies: real costs per square foot, timelines, and the gotchas nobody warns about.",Basement & Attic,attic renovation; basement finishing; basement,basement-finishing-pricing-guide-for-homeowners; the-real-deal-on-finishing-basement; flooded-basement-restoration-honest-advice-for-your-home; basement-finishing-costs-what-homeowners-should-know,https://www.epa.gov/mold; https://www.iccsafe.org/products-and-services/i-codes/2024-i-codes/irc/,"A photorealistic photograph of a basement being finished with metal stud framing going up, fiberglass insulation batts between some studs, recessed lighting cans visible in the ceiling joists above, and a level leaning against the wall. The scene is set in a well-lit suburban home. natural lighting, shot on a Canon EOS R5 with a 35mm lens, shallow depth of field, editorial photography style. No text overlays, no watermarks, no logos, no artificial lighting artifacts. The image looks like it was taken by a professional home renovation photographer for an editorial magazine feature.","Q: Do I need a permit to finish this space? A: Almost certainly yes. Finishing a basement or attic into livable space requires permits for framing, electrical, plumbing, and egress. Skipping permits creates problems at resale. | Q: Can a beginner handle this project? A: With proper research, the right tools, and realistic expectations about timeline, many first-timers succeed. Start with a small area to build confidence before tackling the main project. | Q: What's the most common mistake to avoid? A: Skipping proper preparation is the number-one mistake. Whether it's surface prep, measuring twice, or reading the full instructions first — rushing the setup phase causes most DIY failures.",idea,Daniel Ware
65,2026-06-25,window-door,window replacement company,22200,37.59,26,commercial,Window Company Replacement: Full Planning Guide,window-company-replacement-full-planning-guide,"A hands-on guide to window replacement company with actual project costs, timelines, and what to watch out for. Practical tips from real projects.",Outdoor & Landscaping,windows; outdoor projects; landscaping,the-real-deal-on-finishing-basement; flooded-basement-restoration-honest-advice-for-your-home; basement-finishing-costs-what-homeowners-should-know; hiring-basement-finishing-pros-what-to-look-for,https://www.awc.org/; https://www.iccsafe.org/products-and-services/i-codes/2024-i-codes/irc/,"A photorealistic photograph of a replacement window being installed in a residential home, with the old window removed showing the rough opening, foam insulation being sprayed around the frame, and the new vinyl double-hung window ready to be set. The scene is set in a well-lit suburban home. natural lighting, shot on a Canon EOS R5 with a 35mm lens, shallow depth of field, editorial photography style. No text overlays, no watermarks, no logos, no artificial lighting artifacts. The image looks like it was taken by a professional home renovation photographer for an editorial magazine feature.","Q: Do I need a permit for this project? A: Permit requirements vary by municipality. Generally, structures over a certain height or size, anything near property lines, and electrical/plumbing work require permits. Call your local building department to check. | Q: What tools do I need for this project? A: The exact tools depend on your approach, but most window replacement company projects need basic measuring and marking tools, safety gear, and the category-specific tools covered in the article above. | Q: What's the most common mistake to avoid? A: Skipping proper preparation is the number-one mistake. Whether it's surface prep, measuring twice, or reading the full instructions first — rushing the setup phase causes most DIY failures.",idea,Daniel Ware
66,2026-06-25,window-door,window replacement companies,22200,37.59,26,commercial,Window Companies Replacement: Full Planning Guide,window-companies-replacement-full-planning-guide,"A hands-on guide to window replacement companies with actual project costs, timelines, and what to watch out for. Practical tips from real projects.",Outdoor & Landscaping,windows; outdoor projects; landscaping,the-real-deal-on-finishing-basement; flooded-basement-restoration-honest-advice-for-your-home; basement-finishing-costs-what-homeowners-should-know; hiring-basement-finishing-pros-what-to-look-for,https://www.iccsafe.org/products-and-services/i-codes/2024-i-codes/irc/; https://www.strongtie.com/; https://www.epa.gov/watersense,"A photorealistic photograph of a replacement window being installed in a residential home, with the old window removed showing the rough opening, foam insulation being sprayed around the frame, and the new vinyl double-hung window ready to be set. The scene is set in a well-lit suburban home. natural lighting, shot on a Canon EOS R5 with a 35mm lens, shallow depth of field, editorial photography style. No text overlays, no watermarks, no logos, no artificial lighting artifacts. The image looks like it was taken by a professional home renovation photographer for an editorial magazine feature.","Q: What's the best time of year for this project? A: Spring and fall offer the best weather for most outdoor projects. Avoid extreme heat, freezing temperatures, and the rainy season in your area. Many contractors offer off-season discounts. | Q: What tools do I need for this project? A: The exact tools depend on your approach, but most window replacement companies projects need basic measuring and marking tools, safety gear, and the category-specific tools covered in the article above. | Q: How long should I expect this project to take? A: A focused DIYer working weekends should budget 2–3x the time a pro would take. Factor in supply runs, learning curves, and the inevitable re-dos. Better to plan generously than rush.",idea,Daniel Ware
67,2026-06-26,window-door,window replacement contractors,22200,37.59,37,commercial,Replacing Window Contractors: What It Costs and Takes,replacing-window-contractors-what-it-costs-and-takes,"Everything you need for window replacement contractors: materials, costs, permits, and lessons from actual backyard projects.",Outdoor & Landscaping,windows; outdoor projects; landscaping,the-real-deal-on-finishing-basement; flooded-basement-restoration-honest-advice-for-your-home; basement-finishing-costs-what-homeowners-should-know; hiring-basement-finishing-pros-what-to-look-for,https://www.iccsafe.org/products-and-services/i-codes/2024-i-codes/irc/; https://www.strongtie.com/,"A photorealistic photograph of a replacement window being installed in a residential home, with the old window removed showing the rough opening, foam insulation being sprayed around the frame, and the new vinyl double-hung window ready to be set. The scene is set in a well-lit suburban home. natural lighting, shot on a Canon EOS R5 with a 35mm lens, shallow depth of field, editorial photography style. No text overlays, no watermarks, no logos, no artificial lighting artifacts. The image looks like it was taken by a professional home renovation photographer for an editorial magazine feature.","Q: Do I need a permit for this project? A: Permit requirements vary by municipality. Generally, structures over a certain height or size, anything near property lines, and electrical/plumbing work require permits. Call your local building department to check. | Q: What tools do I need for this project? A: The exact tools depend on your approach, but most window replacement contractors projects need basic measuring and marking tools, safety gear, and the category-specific tools covered in the article above. | Q: What's the most common mistake to avoid? A: Skipping proper preparation is the number-one mistake. Whether it's surface prep, measuring twice, or reading the full instructions first — rushing the setup phase causes most DIY failures.",idea,Daniel Ware
68,2026-06-26,window-door,replacement window installation companies,4400,38.12,27,commercial,Installing Replacement Window Companies: What to Know First,installing-replacement-window-companies-what-to-know-first,"A hands-on guide to replacement window installation companies with actual project costs, timelines, and what to watch out for.",Outdoor & Landscaping,installation; windows; outdoor projects; landscaping,the-real-deal-on-finishing-basement; flooded-basement-restoration-honest-advice-for-your-home; basement-finishing-costs-what-homeowners-should-know; hiring-basement-finishing-pros-what-to-look-for,https://www.iccsafe.org/products-and-services/i-codes/2024-i-codes/irc/; https://www.strongtie.com/; https://www.epa.gov/watersense,"A photorealistic photograph of a replacement window being installed in a residential home, with the old window removed showing the rough opening, foam insulation being sprayed around the frame, and the new vinyl double-hung window ready to be set. The scene is set in a well-lit suburban home. natural lighting, shot on a Canon EOS R5 with a 35mm lens, shallow depth of field, editorial photography style. No text overlays, no watermarks, no logos, no artificial lighting artifacts. The image looks like it was taken by a professional home renovation photographer for an editorial magazine feature.","Q: What's the best time of year for this project? A: Spring and fall offer the best weather for most outdoor projects. Avoid extreme heat, freezing temperatures, and the rainy season in your area. Many contractors offer off-season discounts. | Q: What tools do I need for this project? A: The exact tools depend on your approach, but most replacement window installation companies projects need basic measuring and marking tools, safety gear, and the category-specific tools covered in the article above. | Q: How long should I expect this project to take? A: A focused DIYer working weekends should budget 2–3x the time a pro would take. Factor in supply runs, learning curves, and the inevitable re-dos. Better to plan generously than rush.",idea,Daniel Ware
69,2026-06-27,window-door,vermont window replacement,110,33.89,1,commercial,Vermont Window Replacement: Full Planning Guide,vermont-window-replacement-full-planning-guide,"A hands-on guide to vermont window replacement with actual project costs, timelines, and what to watch out for. Practical tips from real projects.",Outdoor & Landscaping,windows; outdoor projects; landscaping,window-company-replacement-full-planning-guide; window-companies-replacement-full-planning-guide; replacing-window-contractors-what-it-costs-and-takes; installing-replacement-window-companies-what-to-know-first; how-to-build-a-diy-deck-on-a-budget,https://www.iccsafe.org/products-and-services/i-codes/2024-i-codes/irc/; https://www.strongtie.com/,"A photorealistic photograph of a replacement window being installed in a residential home, with the old window removed showing the rough opening, foam insulation being sprayed around the frame, and the new vinyl double-hung window ready to be set. The scene is set in a well-lit suburban home. natural lighting, shot on a Canon EOS R5 with a 35mm lens, shallow depth of field, editorial photography style. No text overlays, no watermarks, no logos, no artificial lighting artifacts. The image looks like it was taken by a professional home renovation photographer for an editorial magazine feature.","Q: Do I need a permit for this project? A: Permit requirements vary by municipality. Generally, structures over a certain height or size, anything near property lines, and electrical/plumbing work require permits. Call your local building department to check. | Q: What tools do I need for this project? A: The exact tools depend on your approach, but most vermont window replacement projects need basic measuring and marking tools, safety gear, and the category-specific tools covered in the article above. | Q: What's the most common mistake to avoid? A: Skipping proper preparation is the number-one mistake. Whether it's surface prep, measuring twice, or reading the full instructions first — rushing the setup phase causes most DIY failures.",idea,Daniel Ware
70,2026-06-27,window-door,window replacement deltona,390,94.47,,commercial,Window Deltona Replacement: Full Planning Guide,window-deltona-replacement-full-planning-guide,"A hands-on guide to window replacement deltona with actual project costs, timelines, and what to watch out for. Practical tips from real projects.",Outdoor & Landscaping,windows; outdoor projects; landscaping,window-companies-replacement-full-planning-guide; replacing-window-contractors-what-it-costs-and-takes; installing-replacement-window-companies-what-to-know-first; vermont-window-replacement-full-planning-guide; how-to-build-a-diy-deck-on-a-budget,https://www.epa.gov/watersense; https://www.aarp.org/livable-communities/housing/,"A photorealistic photograph of a replacement window being installed in a residential home, with the old window removed showing the rough opening, foam insulation being sprayed around the frame, and the new vinyl double-hung window ready to be set. The scene is set in a well-lit suburban home. natural lighting, shot on a Canon EOS R5 with a 35mm lens, shallow depth of field, editorial photography style. No text overlays, no watermarks, no logos, no artificial lighting artifacts. The image looks like it was taken by a professional home renovation photographer for an editorial magazine feature.","Q: Do I need a permit for this project? A: Permit requirements vary by municipality. Generally, structures over a certain height or size, anything near property lines, and electrical/plumbing work require permits. Call your local building department to check. | Q: What tools do I need for this project? A: The exact tools depend on your approach, but most window replacement deltona projects need basic measuring and marking tools, safety gear, and the category-specific tools covered in the article above. | Q: What's the most common mistake to avoid? A: Skipping proper preparation is the number-one mistake. Whether it's surface prep, measuring twice, or reading the full instructions first — rushing the setup phase causes most DIY failures.",idea,Daniel Ware
71,2026-06-28,window-door,replacement window contract,1000,30.7,,transactional,Window Contract Replacement: Full Planning Guide,window-contract-replacement-full-planning-guide,"A hands-on guide to replacement window contract with actual project costs, timelines, and what to watch out for. Practical tips from real projects.",Outdoor & Landscaping,windows; outdoor projects; landscaping,replacing-window-contractors-what-it-costs-and-takes; installing-replacement-window-companies-what-to-know-first; vermont-window-replacement-full-planning-guide; window-deltona-replacement-full-planning-guide; how-to-build-a-diy-deck-on-a-budget,https://www.epa.gov/watersense; https://www.aarp.org/livable-communities/housing/,"A photorealistic photograph of a replacement window being installed in a residential home, with the old window removed showing the rough opening, foam insulation being sprayed around the frame, and the new vinyl double-hung window ready to be set. The scene is set in a well-lit suburban home. natural lighting, shot on a Canon EOS R5 with a 35mm lens, shallow depth of field, editorial photography style. No text overlays, no watermarks, no logos, no artificial lighting artifacts. The image looks like it was taken by a professional home renovation photographer for an editorial magazine feature.","Q: Do I need a permit for this project? A: Permit requirements vary by municipality. Generally, structures over a certain height or size, anything near property lines, and electrical/plumbing work require permits. Call your local building department to check. | Q: What tools do I need for this project? A: The exact tools depend on your approach, but most replacement window contract projects need basic measuring and marking tools, safety gear, and the category-specific tools covered in the article above. | Q: What's the most common mistake to avoid? A: Skipping proper preparation is the number-one mistake. Whether it's surface prep, measuring twice, or reading the full instructions first — rushing the setup phase causes most DIY failures.",idea,Daniel Ware
72,2026-06-28,window-door,signature window replacement,260,50.32,8,commercial,When to Replace Signature Window: Signs and Costs,when-to-replace-signature-window-signs-and-costs,"Planning signature window replacement? Real costs, material comparisons, and the steps most DIY guides skip. Practical tips from real projects.",Outdoor & Landscaping,windows; outdoor projects; landscaping,installing-replacement-window-companies-what-to-know-first; vermont-window-replacement-full-planning-guide; window-deltona-replacement-full-planning-guide; window-contract-replacement-full-planning-guide; how-to-build-a-diy-deck-on-a-budget,https://www.epa.gov/watersense; https://www.aarp.org/livable-communities/housing/,"A photorealistic photograph of a replacement window being installed in a residential home, with the old window removed showing the rough opening, foam insulation being sprayed around the frame, and the new vinyl double-hung window ready to be set. The scene is set in a well-lit suburban home. natural lighting, shot on a Canon EOS R5 with a 35mm lens, shallow depth of field, editorial photography style. No text overlays, no watermarks, no logos, no artificial lighting artifacts. The image looks like it was taken by a professional home renovation photographer for an editorial magazine feature.","Q: Do I need a permit for this project? A: Permit requirements vary by municipality. Generally, structures over a certain height or size, anything near property lines, and electrical/plumbing work require permits. Call your local building department to check. | Q: What tools do I need for this project? A: The exact tools depend on your approach, but most signature window replacement projects need basic measuring and marking tools, safety gear, and the category-specific tools covered in the article above. | Q: What's the most common mistake to avoid? A: Skipping proper preparation is the number-one mistake. Whether it's surface prep, measuring twice, or reading the full instructions first — rushing the setup phase causes most DIY failures.",idea,Daniel Ware
73,2026-06-29,window-door,signature window and door replacement,260,50.32,9,transactional,Replacing Signature Window and Door: What It Costs and Takes,replacing-signature-window-and-door-what-it-costs-and-takes,"Everything you need for signature window and door replacement: materials, costs, permits, and lessons from actual backyard projects.",Outdoor & Landscaping,windows; outdoor projects; landscaping; doors,installing-replacement-window-companies-what-to-know-first; vermont-window-replacement-full-planning-guide; window-deltona-replacement-full-planning-guide; window-contract-replacement-full-planning-guide; when-to-replace-signature-window-signs-and-costs,https://www.epa.gov/watersense; https://www.aarp.org/livable-communities/housing/; https://www.awc.org/,"A photorealistic photograph of a replacement window being installed in a residential home, with the old window removed showing the rough opening, foam insulation being sprayed around the frame, and the new vinyl double-hung window ready to be set. The scene is set in a well-lit suburban home. natural lighting, shot on a Canon EOS R5 with a 35mm lens, shallow depth of field, editorial photography style. No text overlays, no watermarks, no logos, no artificial lighting artifacts. The image looks like it was taken by a professional home renovation photographer for an editorial magazine feature.","Q: What's the best time of year for this project? A: Spring and fall offer the best weather for most outdoor projects. Avoid extreme heat, freezing temperatures, and the rainy season in your area. Many contractors offer off-season discounts. | Q: What tools do I need for this project? A: The exact tools depend on your approach, but most signature window and door replacement projects need basic measuring and marking tools, safety gear, and the category-specific tools covered in the article above. | Q: How long should I expect this project to take? A: A focused DIYer working weekends should budget 2–3x the time a pro would take. Factor in supply runs, learning curves, and the inevitable re-dos. Better to plan generously than rush.",idea,Daniel Ware
74,2026-06-29,window-door,professional window replacement,720,37.76,23,commercial,Professional Window Replacement: Full Planning Guide,professional-window-replacement-full-planning-guide,"A hands-on guide to professional window replacement with actual project costs, timelines, and what to watch out for. Practical tips from real projects.",Outdoor & Landscaping,windows; outdoor projects; landscaping,vermont-window-replacement-full-planning-guide; window-deltona-replacement-full-planning-guide; window-contract-replacement-full-planning-guide; when-to-replace-signature-window-signs-and-costs; replacing-signature-window-and-door-what-it-costs-and-takes,https://www.awc.org/; https://www.iccsafe.org/products-and-services/i-codes/2024-i-codes/irc/,"A photorealistic photograph of a replacement window being installed in a residential home, with the old window removed showing the rough opening, foam insulation being sprayed around the frame, and the new vinyl double-hung window ready to be set. The scene is set in a well-lit suburban home. natural lighting, shot on a Canon EOS R5 with a 35mm lens, shallow depth of field, editorial photography style. No text overlays, no watermarks, no logos, no artificial lighting artifacts. The image looks like it was taken by a professional home renovation photographer for an editorial magazine feature.","Q: Do I need a permit for this project? A: Permit requirements vary by municipality. Generally, structures over a certain height or size, anything near property lines, and electrical/plumbing work require permits. Call your local building department to check. | Q: What tools do I need for this project? A: The exact tools depend on your approach, but most professional window replacement projects need basic measuring and marking tools, safety gear, and the category-specific tools covered in the article above. | Q: What's the most common mistake to avoid? A: Skipping proper preparation is the number-one mistake. Whether it's surface prep, measuring twice, or reading the full instructions first — rushing the setup phase causes most DIY failures.",idea,Daniel Ware
75,2026-06-30,water-heater,tank water heater install,6600,97.31,9,commercial,Installing Tank Water Heater: What to Know First,installing-tank-water-heater-what-to-know-first,A straightforward guide to tank water heater install: what you can handle yourself and when to pick up the phone. Practical tips from real projects.,Plumbing & Electrical,water damage; installation; electrical; plumbing,home-plumbing-repairs-a-homeowners-guide; plumbing-repair-diy-or-call-a-pro; plumbing-companies-repair-diy-or-call-a-pro; vent-leaking-water-a-practical-guide; sewer-plumbing-repair-guide-what-to-know,https://www.osha.gov/; https://www.energy.gov/energysaver/water-heating; https://www.epa.gov/watersense,"A photorealistic photograph of a new tank water heater being installed in a utility closet, with copper supply lines being connected, a pipe wrench in use, and the old unit visible nearby waiting for removal. The scene is set in a well-lit suburban home. natural lighting, shot on a Canon EOS R5 with a 35mm lens, shallow depth of field, editorial photography style. No text overlays, no watermarks, no logos, no artificial lighting artifacts. The image looks like it was taken by a professional home renovation photographer for an editorial magazine feature.","Q: How do I find a reliable plumber or electrician? A: Ask neighbors for referrals, check reviews on multiple platforms, verify their license and insurance, and always get at least three written quotes before deciding. | Q: What tools do I need for this project? A: The exact tools depend on your approach, but most tank water heater install projects need basic measuring and marking tools, safety gear, and the category-specific tools covered in the article above. | Q: How long should I expect this project to take? A: A focused DIYer working weekends should budget 2–3x the time a pro would take. Factor in supply runs, learning curves, and the inevitable re-dos. Better to plan generously than rush.",idea,Daniel Ware
76,2026-06-30,water-heater,how often should i flush my water heater,320,105.11,2,informational,How Often Should I Flush My Water Heater: Honest Guide,how-often-should-i-flush-my-water-heater-honest-guide,"Know what you're getting into with how often should i flush my water heater. Costs, code requirements, and the honest DIY difficulty level.",Plumbing & Electrical,water damage; electrical; plumbing,home-plumbing-repairs-a-homeowners-guide; plumbing-repair-diy-or-call-a-pro; plumbing-companies-repair-diy-or-call-a-pro; vent-leaking-water-a-practical-guide; sewer-plumbing-repair-guide-what-to-know,https://www.energy.gov/energysaver/water-heating; https://www.epa.gov/watersense; https://www.nfpa.org/codes-and-standards/nfpa-70-standard-development/70,"A photorealistic photograph of a new tank water heater being installed in a utility closet, with copper supply lines being connected, a pipe wrench in use, and the old unit visible nearby waiting for removal. The scene is set in a well-lit suburban home. natural lighting, shot on a Canon EOS R5 with a 35mm lens, shallow depth of field, editorial photography style. No text overlays, no watermarks, no logos, no artificial lighting artifacts. The image looks like it was taken by a professional home renovation photographer for an editorial magazine feature.","Q: How do I find a reliable plumber or electrician? A: Ask neighbors for referrals, check reviews on multiple platforms, verify their license and insurance, and always get at least three written quotes before deciding. | Q: Can a beginner handle this project? A: With proper research, the right tools, and realistic expectations about timeline, many first-timers succeed. Start with a small area to build confidence before tackling the main project. | Q: How long should I expect this project to take? A: A focused DIYer working weekends should budget 2–3x the time a pro would take. Factor in supply runs, learning curves, and the inevitable re-dos. Better to plan generously than rush.",idea,Daniel Ware
77,2026-07-01,water-heater,how to shut off water heater,720,88.5,,informational,How to Shut Off Water Heater (Without Wrecking Anything),how-to-shut-off-water-heater-without-wrecking-anything,"Know what you're getting into with how to shut off water heater. Costs, code requirements, and the honest DIY difficulty level.",Plumbing & Electrical,water damage; electrical; plumbing,home-plumbing-repairs-a-homeowners-guide; plumbing-repair-diy-or-call-a-pro; plumbing-companies-repair-diy-or-call-a-pro; vent-leaking-water-a-practical-guide; sewer-plumbing-repair-guide-what-to-know,https://www.energy.gov/energysaver/water-heating; https://www.epa.gov/watersense; https://www.nfpa.org/codes-and-standards/nfpa-70-standard-development/70,"A photorealistic photograph of a new tank water heater being installed in a utility closet, with copper supply lines being connected, a pipe wrench in use, and the old unit visible nearby waiting for removal. The scene is set in a well-lit suburban home. natural lighting, shot on a Canon EOS R5 with a 35mm lens, shallow depth of field, editorial photography style. No text overlays, no watermarks, no logos, no artificial lighting artifacts. The image looks like it was taken by a professional home renovation photographer for an editorial magazine feature.","Q: How do I find a reliable plumber or electrician? A: Ask neighbors for referrals, check reviews on multiple platforms, verify their license and insurance, and always get at least three written quotes before deciding. | Q: Can a beginner handle this project? A: With proper research, the right tools, and realistic expectations about timeline, many first-timers succeed. Start with a small area to build confidence before tackling the main project. | Q: How long should I expect this project to take? A: A focused DIYer working weekends should budget 2–3x the time a pro would take. Factor in supply runs, learning curves, and the inevitable re-dos. Better to plan generously than rush.",idea,Daniel Ware
78,2026-07-01,water-heater,water heater igniter repair,480,92.33,,commercial,Water Heater Igniter Repairs: A Homeowner's Guide,water-heater-igniter-repairs-a-homeowners-guide,A straightforward guide to water heater igniter repair: what you can handle yourself and when to pick up the phone. Practical tips from real projects.,Plumbing & Electrical,home repair; water damage; electrical; plumbing,home-plumbing-repairs-a-homeowners-guide; plumbing-repair-diy-or-call-a-pro; plumbing-companies-repair-diy-or-call-a-pro; vent-leaking-water-a-practical-guide; sewer-plumbing-repair-guide-what-to-know,https://www.epa.gov/watersense; https://www.nfpa.org/codes-and-standards/nfpa-70-standard-development/70,"A photorealistic photograph of a new tank water heater being installed in a utility closet, with copper supply lines being connected, a pipe wrench in use, and the old unit visible nearby waiting for removal. The scene is set in a well-lit suburban home. natural lighting, shot on a Canon EOS R5 with a 35mm lens, shallow depth of field, editorial photography style. No text overlays, no watermarks, no logos, no artificial lighting artifacts. The image looks like it was taken by a professional home renovation photographer for an editorial magazine feature.","Q: Should I DIY this or hire a licensed professional? A: Basic tasks like replacing a faucet or outlet cover are DIY-friendly. Anything involving main lines, gas, load-bearing walls, or your electrical panel should go to a licensed pro — it's a safety and code issue. | Q: What tools do I need for this project? A: The exact tools depend on your approach, but most water heater igniter repair projects need basic measuring and marking tools, safety gear, and the category-specific tools covered in the article above. | Q: What's the most common mistake to avoid? A: Skipping proper preparation is the number-one mistake. Whether it's surface prep, measuring twice, or reading the full instructions first — rushing the setup phase causes most DIY failures.",idea,Daniel Ware
79,2026-07-02,water-heater,frozen tankless water heater,390,97.41,,transactional,Frozen Tankless Water Heater: A Practical Guide,frozen-tankless-water-heater-a-practical-guide,"Know what you're getting into with frozen tankless water heater. Costs, code requirements, and the honest DIY difficulty level.",Plumbing & Electrical,water damage; electrical; plumbing,home-plumbing-repairs-a-homeowners-guide; plumbing-repair-diy-or-call-a-pro; plumbing-companies-repair-diy-or-call-a-pro; vent-leaking-water-a-practical-guide; sewer-plumbing-repair-guide-what-to-know,https://www.epa.gov/watersense; https://www.nfpa.org/codes-and-standards/nfpa-70-standard-development/70; https://www.iccsafe.org/products-and-services/i-codes/2024-i-codes/irc/,"A photorealistic photograph of a new tank water heater being installed in a utility closet, with copper supply lines being connected, a pipe wrench in use, and the old unit visible nearby waiting for removal. The scene is set in a well-lit suburban home. natural lighting, shot on a Canon EOS R5 with a 35mm lens, shallow depth of field, editorial photography style. No text overlays, no watermarks, no logos, no artificial lighting artifacts. The image looks like it was taken by a professional home renovation photographer for an editorial magazine feature.","Q: How do I find a reliable plumber or electrician? A: Ask neighbors for referrals, check reviews on multiple platforms, verify their license and insurance, and always get at least three written quotes before deciding. | Q: Can a beginner handle this project? A: With proper research, the right tools, and realistic expectations about timeline, many first-timers succeed. Start with a small area to build confidence before tackling the main project. | Q: How long should I expect this project to take? A: A focused DIYer working weekends should budget 2–3x the time a pro would take. Factor in supply runs, learning curves, and the inevitable re-dos. Better to plan generously than rush.",idea,Daniel Ware
80,2026-07-02,water-heater,honeywell hot water heater no status light,320,73.8,,informational,Honeywell Hot Water Heater No Status Light: A Practical Guide,honeywell-hot-water-heater-no-status-light-a-practical-guide,"Know what you're getting into with honeywell hot water heater no status light. Costs, code requirements, and the honest DIY difficulty level.",Plumbing & Electrical,water damage; electrical; plumbing,home-plumbing-repairs-a-homeowners-guide; plumbing-repair-diy-or-call-a-pro; plumbing-companies-repair-diy-or-call-a-pro; vent-leaking-water-a-practical-guide; sewer-plumbing-repair-guide-what-to-know,https://www.epa.gov/watersense; https://www.nfpa.org/codes-and-standards/nfpa-70-standard-development/70,"A photorealistic photograph of a new tank water heater being installed in a utility closet, with copper supply lines being connected, a pipe wrench in use, and the old unit visible nearby waiting for removal. The scene is set in a well-lit suburban home. natural lighting, shot on a Canon EOS R5 with a 35mm lens, shallow depth of field, editorial photography style. No text overlays, no watermarks, no logos, no artificial lighting artifacts. The image looks like it was taken by a professional home renovation photographer for an editorial magazine feature.","Q: Should I DIY this or hire a licensed professional? A: Basic tasks like replacing a faucet or outlet cover are DIY-friendly. Anything involving main lines, gas, load-bearing walls, or your electrical panel should go to a licensed pro — it's a safety and code issue. | Q: Can a beginner handle this project? A: With proper research, the right tools, and realistic expectations about timeline, many first-timers succeed. Start with a small area to build confidence before tackling the main project. | Q: What's the most common mistake to avoid? A: Skipping proper preparation is the number-one mistake. Whether it's surface prep, measuring twice, or reading the full instructions first — rushing the setup phase causes most DIY failures.",idea,Daniel Ware
81,2026-07-03,water-heater,water heater constantly running,140,164.93,,transactional,Water Heater Constantly Running: A DIYer's Honest Take,water-heater-constantly-running-a-diyers-honest-take,A straightforward guide to water heater constantly running: what you can handle yourself and when to pick up the phone. Practical tips from real projects.,Plumbing & Electrical,water damage; electrical; plumbing,home-plumbing-repairs-a-homeowners-guide; plumbing-repair-diy-or-call-a-pro; plumbing-companies-repair-diy-or-call-a-pro; vent-leaking-water-a-practical-guide; sewer-plumbing-repair-guide-what-to-know,https://www.osha.gov/; https://www.energy.gov/energysaver/water-heating; https://www.epa.gov/watersense,"A photorealistic photograph of a new tank water heater being installed in a utility closet, with copper supply lines being connected, a pipe wrench in use, and the old unit visible nearby waiting for removal. The scene is set in a well-lit suburban home. natural lighting, shot on a Canon EOS R5 with a 35mm lens, shallow depth of field, editorial photography style. No text overlays, no watermarks, no logos, no artificial lighting artifacts. The image looks like it was taken by a professional home renovation photographer for an editorial magazine feature.","Q: How do I find a reliable plumber or electrician? A: Ask neighbors for referrals, check reviews on multiple platforms, verify their license and insurance, and always get at least three written quotes before deciding. | Q: Can a beginner handle this project? A: With proper research, the right tools, and realistic expectations about timeline, many first-timers succeed. Start with a small area to build confidence before tackling the main project. | Q: How long should I expect this project to take? A: A focused DIYer working weekends should budget 2–3x the time a pro would take. Factor in supply runs, learning curves, and the inevitable re-dos. Better to plan generously than rush.",idea,Daniel Ware
82,2026-07-03,water-heater,water heater keeps running,140,164.93,,transactional,The Real Deal on Water Heater Keeps Running,the-real-deal-on-water-heater-keeps-running,"Should you DIY water heater keeps running or call a pro? Real costs, skill requirements, and safety considerations. Practical tips from real projects.",Plumbing & Electrical,water damage; electrical; plumbing,home-plumbing-repairs-a-homeowners-guide; plumbing-repair-diy-or-call-a-pro; plumbing-companies-repair-diy-or-call-a-pro; vent-leaking-water-a-practical-guide; sewer-plumbing-repair-guide-what-to-know,https://www.nfpa.org/codes-and-standards/nfpa-70-standard-development/70; https://www.iccsafe.org/products-and-services/i-codes/2024-i-codes/irc/,"A photorealistic photograph of a new tank water heater being installed in a utility closet, with copper supply lines being connected, a pipe wrench in use, and the old unit visible nearby waiting for removal. The scene is set in a well-lit suburban home. natural lighting, shot on a Canon EOS R5 with a 35mm lens, shallow depth of field, editorial photography style. No text overlays, no watermarks, no logos, no artificial lighting artifacts. The image looks like it was taken by a professional home renovation photographer for an editorial magazine feature.","Q: Should I DIY this or hire a licensed professional? A: Basic tasks like replacing a faucet or outlet cover are DIY-friendly. Anything involving main lines, gas, load-bearing walls, or your electrical panel should go to a licensed pro — it's a safety and code issue. | Q: Can a beginner handle this project? A: With proper research, the right tools, and realistic expectations about timeline, many first-timers succeed. Start with a small area to build confidence before tackling the main project. | Q: What's the most common mistake to avoid? A: Skipping proper preparation is the number-one mistake. Whether it's surface prep, measuring twice, or reading the full instructions first — rushing the setup phase causes most DIY failures.",idea,Daniel Ware
83,2026-07-04,water-heater,is it normal for water heater to leak,140,81.04,11,informational,Is It Normal for Water Heater to Leak: Honest Guide,is-it-normal-for-water-heater-to-leak-honest-guide,"Know what you're getting into with is it normal for water heater to leak. Costs, code requirements, and the honest DIY difficulty level.",Plumbing & Electrical,water damage; electrical; plumbing,water-heater-igniter-repairs-a-homeowners-guide; frozen-tankless-water-heater-a-practical-guide; honeywell-hot-water-heater-no-status-light-a-practical-guide; water-heater-constantly-running-a-diyers-honest-take; the-real-deal-on-water-heater-keeps-running,https://www.energy.gov/energysaver/water-heating; https://www.epa.gov/watersense,"A photorealistic photograph of a homeowner working under a kitchen sink with a wrench adjusting PVC drain fittings, a flashlight illuminating the work area, plumber's tape and pipe fittings spread on the cabinet floor. The scene is set in a well-lit suburban home. natural lighting, shot on a Canon EOS R5 with a 35mm lens, shallow depth of field, editorial photography style. No text overlays, no watermarks, no logos, no artificial lighting artifacts. The image looks like it was taken by a professional home renovation photographer for an editorial magazine feature.","Q: Should I DIY this or hire a licensed professional? A: Basic tasks like replacing a faucet or outlet cover are DIY-friendly. Anything involving main lines, gas, load-bearing walls, or your electrical panel should go to a licensed pro — it's a safety and code issue. | Q: Can a beginner handle this project? A: With proper research, the right tools, and realistic expectations about timeline, many first-timers succeed. Start with a small area to build confidence before tackling the main project. | Q: What's the most common mistake to avoid? A: Skipping proper preparation is the number-one mistake. Whether it's surface prep, measuring twice, or reading the full instructions first — rushing the setup phase causes most DIY failures.",idea,Daniel Ware
84,2026-07-04,water-heater,water heater repair plano,170,105.54,,informational,Water Heater Plano Repair: DIY or Call a Pro?,water-heater-plano-repair-diy-or-call-a-pro,"Should you DIY water heater repair plano or call a pro? Real costs, skill requirements, and safety considerations. Practical tips from real projects.",Plumbing & Electrical,home repair; water damage; electrical; plumbing,frozen-tankless-water-heater-a-practical-guide; honeywell-hot-water-heater-no-status-light-a-practical-guide; water-heater-constantly-running-a-diyers-honest-take; the-real-deal-on-water-heater-keeps-running; is-it-normal-for-water-heater-to-leak-honest-guide,https://www.energy.gov/energysaver/water-heating; https://www.epa.gov/watersense; https://www.nfpa.org/codes-and-standards/nfpa-70-standard-development/70,"A photorealistic photograph of a new tank water heater being installed in a utility closet, with copper supply lines being connected, a pipe wrench in use, and the old unit visible nearby waiting for removal. The scene is set in a well-lit suburban home. natural lighting, shot on a Canon EOS R5 with a 35mm lens, shallow depth of field, editorial photography style. No text overlays, no watermarks, no logos, no artificial lighting artifacts. The image looks like it was taken by a professional home renovation photographer for an editorial magazine feature.","Q: How do I find a reliable plumber or electrician? A: Ask neighbors for referrals, check reviews on multiple platforms, verify their license and insurance, and always get at least three written quotes before deciding. | Q: What tools do I need for this project? A: The exact tools depend on your approach, but most water heater repair plano projects need basic measuring and marking tools, safety gear, and the category-specific tools covered in the article above. | Q: How long should I expect this project to take? A: A focused DIYer working weekends should budget 2–3x the time a pro would take. Factor in supply runs, learning curves, and the inevitable re-dos. Better to plan generously than rush.",idea,Daniel Ware
85,2026-07-05,fence-build,cyclone fence installation,9900,8.01,3,commercial,Installing Cyclone Fence: What to Know First,installing-cyclone-fence-what-to-know-first,"A hands-on guide to cyclone fence installation with actual project costs, timelines, and what to watch out for. Practical tips from real projects.",Outdoor & Landscaping,fencing; installation; outdoor projects; landscaping,window-deltona-replacement-full-planning-guide; window-contract-replacement-full-planning-guide; when-to-replace-signature-window-signs-and-costs; replacing-signature-window-and-door-what-it-costs-and-takes; professional-window-replacement-full-planning-guide,https://www.epa.gov/watersense; https://www.aarp.org/livable-communities/housing/,"A photorealistic photograph of a cedar privacy fence being built in a suburban backyard, with a post hole digger next to a freshly set post, horizontal rails being nailed, and stacks of pickets leaning against the partially completed fence. The scene is set in a well-lit suburban home. natural lighting, shot on a Canon EOS R5 with a 35mm lens, shallow depth of field, editorial photography style. No text overlays, no watermarks, no logos, no artificial lighting artifacts. The image looks like it was taken by a professional home renovation photographer for an editorial magazine feature.","Q: Do I need a permit for this project? A: Permit requirements vary by municipality. Generally, structures over a certain height or size, anything near property lines, and electrical/plumbing work require permits. Call your local building department to check. | Q: What tools do I need for this project? A: The exact tools depend on your approach, but most cyclone fence installation projects need basic measuring and marking tools, safety gear, and the category-specific tools covered in the article above. | Q: What's the most common mistake to avoid? A: Skipping proper preparation is the number-one mistake. Whether it's surface prep, measuring twice, or reading the full instructions first — rushing the setup phase causes most DIY failures.",idea,Daniel Ware
86,2026-07-05,fence-build,plastic fence installation,9900,12.55,7,commercial,Plastic Fence Installation Guide: DIY or Hire Out?,plastic-fence-installation-guide-diy-or-hire-out,"Everything you need for plastic fence installation: materials, costs, permits, and lessons from actual backyard projects.",Outdoor & Landscaping,fencing; installation; outdoor projects; landscaping,window-deltona-replacement-full-planning-guide; window-contract-replacement-full-planning-guide; when-to-replace-signature-window-signs-and-costs; replacing-signature-window-and-door-what-it-costs-and-takes; professional-window-replacement-full-planning-guide,https://www.strongtie.com/; https://www.epa.gov/watersense; https://www.aarp.org/livable-communities/housing/,"A photorealistic photograph of a cedar privacy fence being built in a suburban backyard, with a post hole digger next to a freshly set post, horizontal rails being nailed, and stacks of pickets leaning against the partially completed fence. The scene is set in a well-lit suburban home. natural lighting, shot on a Canon EOS R5 with a 35mm lens, shallow depth of field, editorial photography style. No text overlays, no watermarks, no logos, no artificial lighting artifacts. The image looks like it was taken by a professional home renovation photographer for an editorial magazine feature.","Q: What's the best time of year for this project? A: Spring and fall offer the best weather for most outdoor projects. Avoid extreme heat, freezing temperatures, and the rainy season in your area. Many contractors offer off-season discounts. | Q: What tools do I need for this project? A: The exact tools depend on your approach, but most plastic fence installation projects need basic measuring and marking tools, safety gear, and the category-specific tools covered in the article above. | Q: How long should I expect this project to take? A: A focused DIYer working weekends should budget 2–3x the time a pro would take. Factor in supply runs, learning curves, and the inevitable re-dos. Better to plan generously than rush.",idea,Daniel Ware
87,2026-07-06,fence-build,pvc fence installation,9900,12.55,,commercial,Installing Pvc Fence: What to Know First,installing-pvc-fence-what-to-know-first,"A hands-on guide to pvc fence installation with actual project costs, timelines, and what to watch out for. Practical tips from real projects.",Outdoor & Landscaping,fencing; installation; outdoor projects; landscaping,window-deltona-replacement-full-planning-guide; window-contract-replacement-full-planning-guide; when-to-replace-signature-window-signs-and-costs; replacing-signature-window-and-door-what-it-costs-and-takes; professional-window-replacement-full-planning-guide,https://www.epa.gov/watersense; https://www.aarp.org/livable-communities/housing/,"A photorealistic photograph of a cedar privacy fence being built in a suburban backyard, with a post hole digger next to a freshly set post, horizontal rails being nailed, and stacks of pickets leaning against the partially completed fence. The scene is set in a well-lit suburban home. natural lighting, shot on a Canon EOS R5 with a 35mm lens, shallow depth of field, editorial photography style. No text overlays, no watermarks, no logos, no artificial lighting artifacts. The image looks like it was taken by a professional home renovation photographer for an editorial magazine feature.","Q: Do I need a permit for this project? A: Permit requirements vary by municipality. Generally, structures over a certain height or size, anything near property lines, and electrical/plumbing work require permits. Call your local building department to check. | Q: What tools do I need for this project? A: The exact tools depend on your approach, but most pvc fence installation projects need basic measuring and marking tools, safety gear, and the category-specific tools covered in the article above. | Q: What's the most common mistake to avoid? A: Skipping proper preparation is the number-one mistake. Whether it's surface prep, measuring twice, or reading the full instructions first — rushing the setup phase causes most DIY failures.",idea,Daniel Ware
88,2026-07-06,fence-build,installation of privacy fence,3600,7.25,4,commercial,Privacy Fence Installation: Costs and Tips,privacy-fence-installation-costs-and-tips,"Planning installation of privacy fence? Real costs, material comparisons, and the steps most DIY guides skip. Practical tips from real projects.",Outdoor & Landscaping,fencing; installation; outdoor projects; landscaping,window-deltona-replacement-full-planning-guide; window-contract-replacement-full-planning-guide; when-to-replace-signature-window-signs-and-costs; replacing-signature-window-and-door-what-it-costs-and-takes; professional-window-replacement-full-planning-guide,https://www.awc.org/; https://www.iccsafe.org/products-and-services/i-codes/2024-i-codes/irc/,"A photorealistic photograph of a cedar privacy fence being built in a suburban backyard, with a post hole digger next to a freshly set post, horizontal rails being nailed, and stacks of pickets leaning against the partially completed fence. The scene is set in a well-lit suburban home. natural lighting, shot on a Canon EOS R5 with a 35mm lens, shallow depth of field, editorial photography style. No text overlays, no watermarks, no logos, no artificial lighting artifacts. The image looks like it was taken by a professional home renovation photographer for an editorial magazine feature.","Q: Do I need a permit for this project? A: Permit requirements vary by municipality. Generally, structures over a certain height or size, anything near property lines, and electrical/plumbing work require permits. Call your local building department to check. | Q: What tools do I need for this project? A: The exact tools depend on your approach, but most installation of privacy fence projects need basic measuring and marking tools, safety gear, and the category-specific tools covered in the article above. | Q: What's the most common mistake to avoid? A: Skipping proper preparation is the number-one mistake. Whether it's surface prep, measuring twice, or reading the full instructions first — rushing the setup phase causes most DIY failures.",idea,Daniel Ware
89,2026-07-07,fence-build,frost fence installation,9900,8.01,,commercial,Frost Fence Installation: Costs and Tips,frost-fence-installation-costs-and-tips,"Planning frost fence installation? Real costs, material comparisons, and the steps most DIY guides skip. Practical tips from real projects.",Outdoor & Landscaping,fencing; installation; outdoor projects; landscaping,window-deltona-replacement-full-planning-guide; window-contract-replacement-full-planning-guide; when-to-replace-signature-window-signs-and-costs; replacing-signature-window-and-door-what-it-costs-and-takes; professional-window-replacement-full-planning-guide,https://www.strongtie.com/; https://www.epa.gov/watersense,"A photorealistic photograph of a cedar privacy fence being built in a suburban backyard, with a post hole digger next to a freshly set post, horizontal rails being nailed, and stacks of pickets leaning against the partially completed fence. The scene is set in a well-lit suburban home. natural lighting, shot on a Canon EOS R5 with a 35mm lens, shallow depth of field, editorial photography style. No text overlays, no watermarks, no logos, no artificial lighting artifacts. The image looks like it was taken by a professional home renovation photographer for an editorial magazine feature.","Q: Do I need a permit for this project? A: Permit requirements vary by municipality. Generally, structures over a certain height or size, anything near property lines, and electrical/plumbing work require permits. Call your local building department to check. | Q: What tools do I need for this project? A: The exact tools depend on your approach, but most frost fence installation projects need basic measuring and marking tools, safety gear, and the category-specific tools covered in the article above. | Q: What's the most common mistake to avoid? A: Skipping proper preparation is the number-one mistake. Whether it's surface prep, measuring twice, or reading the full instructions first — rushing the setup phase causes most DIY failures.",idea,Daniel Ware
90,2026-07-07,fence-build,chain wire fence installation,9900,8.01,,commercial,Chain Wire Fence Installation Guide: DIY or Hire Out?,chain-wire-fence-installation-guide-diy-or-hire-out,"Everything you need for chain wire fence installation: materials, costs, permits, and lessons from actual backyard projects.",Outdoor & Landscaping,fencing; outdoor projects; landscaping; installation,window-deltona-replacement-full-planning-guide; window-contract-replacement-full-planning-guide; when-to-replace-signature-window-signs-and-costs; replacing-signature-window-and-door-what-it-costs-and-takes; professional-window-replacement-full-planning-guide,https://www.strongtie.com/; https://www.epa.gov/watersense,"A photorealistic photograph of a cedar privacy fence being built in a suburban backyard, with a post hole digger next to a freshly set post, horizontal rails being nailed, and stacks of pickets leaning against the partially completed fence. The scene is set in a well-lit suburban home. natural lighting, shot on a Canon EOS R5 with a 35mm lens, shallow depth of field, editorial photography style. No text overlays, no watermarks, no logos, no artificial lighting artifacts. The image looks like it was taken by a professional home renovation photographer for an editorial magazine feature.","Q: Do I need a permit for this project? A: Permit requirements vary by municipality. Generally, structures over a certain height or size, anything near property lines, and electrical/plumbing work require permits. Call your local building department to check. | Q: What tools do I need for this project? A: The exact tools depend on your approach, but most chain wire fence installation projects need basic measuring and marking tools, safety gear, and the category-specific tools covered in the article above. | Q: What's the most common mistake to avoid? A: Skipping proper preparation is the number-one mistake. Whether it's surface prep, measuring twice, or reading the full instructions first — rushing the setup phase causes most DIY failures.",idea,Daniel Ware
91,2026-07-08,fence-build,chain fence installation,9900,8.01,,commercial,Installing Chain Fence: What to Know First,installing-chain-fence-what-to-know-first,"A hands-on guide to chain fence installation with actual project costs, timelines, and what to watch out for. Practical tips from real projects.",Outdoor & Landscaping,fencing; installation; outdoor projects; landscaping,window-deltona-replacement-full-planning-guide; window-contract-replacement-full-planning-guide; when-to-replace-signature-window-signs-and-costs; replacing-signature-window-and-door-what-it-costs-and-takes; professional-window-replacement-full-planning-guide,https://www.strongtie.com/; https://www.epa.gov/watersense,"A photorealistic photograph of a cedar privacy fence being built in a suburban backyard, with a post hole digger next to a freshly set post, horizontal rails being nailed, and stacks of pickets leaning against the partially completed fence. The scene is set in a well-lit suburban home. natural lighting, shot on a Canon EOS R5 with a 35mm lens, shallow depth of field, editorial photography style. No text overlays, no watermarks, no logos, no artificial lighting artifacts. The image looks like it was taken by a professional home renovation photographer for an editorial magazine feature.","Q: Do I need a permit for this project? A: Permit requirements vary by municipality. Generally, structures over a certain height or size, anything near property lines, and electrical/plumbing work require permits. Call your local building department to check. | Q: What tools do I need for this project? A: The exact tools depend on your approach, but most chain fence installation projects need basic measuring and marking tools, safety gear, and the category-specific tools covered in the article above. | Q: What's the most common mistake to avoid? A: Skipping proper preparation is the number-one mistake. Whether it's surface prep, measuring twice, or reading the full instructions first — rushing the setup phase causes most DIY failures.",idea,Daniel Ware
92,2026-07-08,fence-build,installation chain link fence,9900,8.01,26,commercial,Chain Link Fence Installation: Costs and Tips,chain-link-fence-installation-costs-and-tips,"Planning installation chain link fence? Real costs, material comparisons, and the steps most DIY guides skip. Practical tips from real projects.",Outdoor & Landscaping,fencing; installation; outdoor projects; landscaping,window-deltona-replacement-full-planning-guide; window-contract-replacement-full-planning-guide; when-to-replace-signature-window-signs-and-costs; replacing-signature-window-and-door-what-it-costs-and-takes; professional-window-replacement-full-planning-guide,https://www.strongtie.com/; https://www.epa.gov/watersense; https://www.aarp.org/livable-communities/housing/,"A photorealistic photograph of a cedar privacy fence being built in a suburban backyard, with a post hole digger next to a freshly set post, horizontal rails being nailed, and stacks of pickets leaning against the partially completed fence. The scene is set in a well-lit suburban home. natural lighting, shot on a Canon EOS R5 with a 35mm lens, shallow depth of field, editorial photography style. No text overlays, no watermarks, no logos, no artificial lighting artifacts. The image looks like it was taken by a professional home renovation photographer for an editorial magazine feature.","Q: What's the best time of year for this project? A: Spring and fall offer the best weather for most outdoor projects. Avoid extreme heat, freezing temperatures, and the rainy season in your area. Many contractors offer off-season discounts. | Q: What tools do I need for this project? A: The exact tools depend on your approach, but most installation chain link fence projects need basic measuring and marking tools, safety gear, and the category-specific tools covered in the article above. | Q: How long should I expect this project to take? A: A focused DIYer working weekends should budget 2–3x the time a pro would take. Factor in supply runs, learning curves, and the inevitable re-dos. Better to plan generously than rush.",idea,Daniel Ware
93,2026-07-09,fence-build,cedar fence installation,720,13.8,4,commercial,Cedar Fence Installation Guide: DIY or Hire Out?,cedar-fence-installation-guide-diy-or-hire-out,"Everything you need for cedar fence installation: materials, costs, permits, and lessons from actual backyard projects. Practical tips from real projects.",Outdoor & Landscaping,fencing; installation; outdoor projects; landscaping,privacy-fence-installation-costs-and-tips; frost-fence-installation-costs-and-tips; chain-wire-fence-installation-guide-diy-or-hire-out; installing-chain-fence-what-to-know-first; chain-link-fence-installation-costs-and-tips,https://www.strongtie.com/; https://www.epa.gov/watersense; https://www.aarp.org/livable-communities/housing/,"A photorealistic photograph of a cedar privacy fence being built in a suburban backyard, with a post hole digger next to a freshly set post, horizontal rails being nailed, and stacks of pickets leaning against the partially completed fence. The scene is set in a well-lit suburban home. natural lighting, shot on a Canon EOS R5 with a 35mm lens, shallow depth of field, editorial photography style. No text overlays, no watermarks, no logos, no artificial lighting artifacts. The image looks like it was taken by a professional home renovation photographer for an editorial magazine feature.","Q: What's the best time of year for this project? A: Spring and fall offer the best weather for most outdoor projects. Avoid extreme heat, freezing temperatures, and the rainy season in your area. Many contractors offer off-season discounts. | Q: What tools do I need for this project? A: The exact tools depend on your approach, but most cedar fence installation projects need basic measuring and marking tools, safety gear, and the category-specific tools covered in the article above. | Q: How long should I expect this project to take? A: A focused DIYer working weekends should budget 2–3x the time a pro would take. Factor in supply runs, learning curves, and the inevitable re-dos. Better to plan generously than rush.",idea,Daniel Ware
94,2026-07-09,fence-build,wrought iron fence installation,1600,6.83,7,commercial,Wrought Iron Fence Installation: Costs and Tips,wrought-iron-fence-installation-costs-and-tips,"Planning wrought iron fence installation? Real costs, material comparisons, and the steps most DIY guides skip. Practical tips from real projects.",Outdoor & Landscaping,fencing; installation; outdoor projects; landscaping,frost-fence-installation-costs-and-tips; chain-wire-fence-installation-guide-diy-or-hire-out; installing-chain-fence-what-to-know-first; chain-link-fence-installation-costs-and-tips; cedar-fence-installation-guide-diy-or-hire-out,https://www.aarp.org/livable-communities/housing/; https://www.awc.org/,"A photorealistic photograph of a cedar privacy fence being built in a suburban backyard, with a post hole digger next to a freshly set post, horizontal rails being nailed, and stacks of pickets leaning against the partially completed fence. The scene is set in a well-lit suburban home. natural lighting, shot on a Canon EOS R5 with a 35mm lens, shallow depth of field, editorial photography style. No text overlays, no watermarks, no logos, no artificial lighting artifacts. The image looks like it was taken by a professional home renovation photographer for an editorial magazine feature.","Q: Do I need a permit for this project? A: Permit requirements vary by municipality. Generally, structures over a certain height or size, anything near property lines, and electrical/plumbing work require permits. Call your local building department to check. | Q: What tools do I need for this project? A: The exact tools depend on your approach, but most wrought iron fence installation projects need basic measuring and marking tools, safety gear, and the category-specific tools covered in the article above. | Q: What's the most common mistake to avoid? A: Skipping proper preparation is the number-one mistake. Whether it's surface prep, measuring twice, or reading the full instructions first — rushing the setup phase causes most DIY failures.",idea,Daniel Ware
95,2026-07-10,interior-paint,interior house painting services,590,34.87,1,commercial,Interior House Painting Services: What Homeowners Should Know,interior-house-painting-services-what-homeowners-should-know,"How to get pro-level results with interior house painting services. Prep tips, product picks, and honest time estimates.",Painting & Walls,wall repair; painting; home improvement,chain-wire-fence-installation-guide-diy-or-hire-out; installing-chain-fence-what-to-know-first; chain-link-fence-installation-costs-and-tips; cedar-fence-installation-guide-diy-or-hire-out; wrought-iron-fence-installation-costs-and-tips,https://www.epa.gov/lead; https://www.epa.gov/indoor-air-quality-iaq/volatile-organic-compounds-impact-indoor-air-quality; https://www.osha.gov/,"A photorealistic photograph of the exterior of a two-story suburban home being painted with a painter on a ladder applying fresh white paint to wood siding, drop cloths protecting the foundation plantings, and a paint sprayer on the ground. The scene is set in a well-lit suburban home. natural lighting, shot on a Canon EOS R5 with a 35mm lens, shallow depth of field, editorial photography style. No text overlays, no watermarks, no logos, no artificial lighting artifacts. The image looks like it was taken by a professional home renovation photographer for an editorial magazine feature.","Q: How many coats of paint do I actually need? A: Two coats is the standard for good coverage and durability. One coat rarely looks right, and three is only needed over dark colors or with very light-colored paint. | Q: Can a beginner handle this project? A: With proper research, the right tools, and realistic expectations about timeline, many first-timers succeed. Start with a small area to build confidence before tackling the main project. | Q: How long should I expect this project to take? A: A focused DIYer working weekends should budget 2–3x the time a pro would take. Factor in supply runs, learning curves, and the inevitable re-dos. Better to plan generously than rush.",idea,Daniel Ware
96,2026-07-10,interior-paint,exterior house painting cost,2900,10.05,2,commercial,Exterior House Painting Pricing Guide for Homeowners,exterior-house-painting-pricing-guide-for-homeowners,A practical guide to exterior house painting cost — from surface prep to final coat. Real techniques that work. Practical tips from real projects.,Painting & Walls,wall repair; cost guide; painting,chain-wire-fence-installation-guide-diy-or-hire-out; installing-chain-fence-what-to-know-first; chain-link-fence-installation-costs-and-tips; cedar-fence-installation-guide-diy-or-hire-out; wrought-iron-fence-installation-costs-and-tips,https://www.epa.gov/lead/renovation-repair-and-painting-program; https://www.cpsc.gov/; https://www.epa.gov/lead,"A photorealistic photograph of the exterior of a two-story suburban home being painted with a painter on a ladder applying fresh white paint to wood siding, drop cloths protecting the foundation plantings, and a paint sprayer on the ground. The scene is set in a well-lit suburban home. natural lighting, shot on a Canon EOS R5 with a 35mm lens, shallow depth of field, editorial photography style. No text overlays, no watermarks, no logos, no artificial lighting artifacts. The image looks like it was taken by a professional home renovation photographer for an editorial magazine feature.","Q: How many coats of paint do I actually need? A: Two coats is the standard for good coverage and durability. One coat rarely looks right, and three is only needed over dark colors or with very light-colored paint. | Q: Can a beginner handle this project? A: With proper research, the right tools, and realistic expectations about timeline, many first-timers succeed. Start with a small area to build confidence before tackling the main project. | Q: How long should I expect this project to take? A: A focused DIYer working weekends should budget 2–3x the time a pro would take. Factor in supply runs, learning curves, and the inevitable re-dos. Better to plan generously than rush.",idea,Daniel Ware
97,2026-07-11,interior-paint,painting rooms cost,2400,9.54,2,informational,Painting Rooms Pricing Guide for Homeowners,painting-rooms-pricing-guide-for-homeowners,"How to get pro-level results with painting rooms cost. Prep tips, product picks, and honest time estimates. Practical tips from real projects.",Painting & Walls,wall repair; cost guide; painting,chain-wire-fence-installation-guide-diy-or-hire-out; installing-chain-fence-what-to-know-first; chain-link-fence-installation-costs-and-tips; cedar-fence-installation-guide-diy-or-hire-out; wrought-iron-fence-installation-costs-and-tips,https://www.cpsc.gov/; https://www.epa.gov/lead; https://www.epa.gov/indoor-air-quality-iaq/volatile-organic-compounds-impact-indoor-air-quality,"A photorealistic photograph of a bright bedroom being freshly painted with a roller applying warm gray paint to one wall, crisp blue painter's tape along the trim, a drop cloth on the hardwood floor, and a paint tray nearby. The scene is set in a well-lit suburban home. natural lighting, shot on a Canon EOS R5 with a 35mm lens, shallow depth of field, editorial photography style. No text overlays, no watermarks, no logos, no artificial lighting artifacts. The image looks like it was taken by a professional home renovation photographer for an editorial magazine feature.","Q: How many coats of paint do I actually need? A: Two coats is the standard for good coverage and durability. One coat rarely looks right, and three is only needed over dark colors or with very light-colored paint. | Q: Can a beginner handle this project? A: With proper research, the right tools, and realistic expectations about timeline, many first-timers succeed. Start with a small area to build confidence before tackling the main project. | Q: How long should I expect this project to take? A: A focused DIYer working weekends should budget 2–3x the time a pro would take. Factor in supply runs, learning curves, and the inevitable re-dos. Better to plan generously than rush.",idea,Daniel Ware
98,2026-07-11,interior-paint,interior home painting cost,1600,13.19,3,informational,Interior Home Painting Pricing Guide for Homeowners,interior-home-painting-pricing-guide-for-homeowners,"Skip the rookie mistakes on interior home painting cost. Prep, products, and techniques from someone who's painted 30+ rooms.",Painting & Walls,wall repair; cost guide; painting,chain-wire-fence-installation-guide-diy-or-hire-out; installing-chain-fence-what-to-know-first; chain-link-fence-installation-costs-and-tips; cedar-fence-installation-guide-diy-or-hire-out; wrought-iron-fence-installation-costs-and-tips,https://www.cpsc.gov/; https://www.epa.gov/lead; https://www.epa.gov/indoor-air-quality-iaq/volatile-organic-compounds-impact-indoor-air-quality,"A photorealistic photograph of a bright bedroom being freshly painted with a roller applying warm gray paint to one wall, crisp blue painter's tape along the trim, a drop cloth on the hardwood floor, and a paint tray nearby. The scene is set in a well-lit suburban home. natural lighting, shot on a Canon EOS R5 with a 35mm lens, shallow depth of field, editorial photography style. No text overlays, no watermarks, no logos, no artificial lighting artifacts. The image looks like it was taken by a professional home renovation photographer for an editorial magazine feature.","Q: How many coats of paint do I actually need? A: Two coats is the standard for good coverage and durability. One coat rarely looks right, and three is only needed over dark colors or with very light-colored paint. | Q: Can a beginner handle this project? A: With proper research, the right tools, and realistic expectations about timeline, many first-timers succeed. Start with a small area to build confidence before tackling the main project. | Q: How long should I expect this project to take? A: A focused DIYer working weekends should budget 2–3x the time a pro would take. Factor in supply runs, learning curves, and the inevitable re-dos. Better to plan generously than rush.",idea,Daniel Ware
99,2026-07-12,interior-paint,painting a room cost,2400,9.54,4,informational,Painting Room Pricing Guide for Homeowners,painting-room-pricing-guide-for-homeowners,A practical guide to painting a room cost — from surface prep to final coat. Real techniques that work. Practical tips from real projects.,Painting & Walls,wall repair; cost guide; painting,how-to-paint-a-room-like-a-pro; interior-house-painting-services-what-homeowners-should-know; exterior-house-painting-pricing-guide-for-homeowners; painting-rooms-pricing-guide-for-homeowners; interior-home-painting-pricing-guide-for-homeowners,https://www.epa.gov/indoor-air-quality-iaq/volatile-organic-compounds-impact-indoor-air-quality; https://www.osha.gov/; https://www.epa.gov/lead/renovation-repair-and-painting-program,"A photorealistic photograph of a bright bedroom being freshly painted with a roller applying warm gray paint to one wall, crisp blue painter's tape along the trim, a drop cloth on the hardwood floor, and a paint tray nearby. The scene is set in a well-lit suburban home. natural lighting, shot on a Canon EOS R5 with a 35mm lens, shallow depth of field, editorial photography style. No text overlays, no watermarks, no logos, no artificial lighting artifacts. The image looks like it was taken by a professional home renovation photographer for an editorial magazine feature.","Q: How many coats of paint do I actually need? A: Two coats is the standard for good coverage and durability. One coat rarely looks right, and three is only needed over dark colors or with very light-colored paint. | Q: Can a beginner handle this project? A: With proper research, the right tools, and realistic expectations about timeline, many first-timers succeed. Start with a small area to build confidence before tackling the main project. | Q: How long should I expect this project to take? A: A focused DIYer working weekends should budget 2–3x the time a pro would take. Factor in supply runs, learning curves, and the inevitable re-dos. Better to plan generously than rush.",idea,Daniel Ware
100,2026-07-12,interior-paint,cost for professional painting,390,16.54,1,informational,Professional Painting Cost: What to Expect in 2026,professional-painting-cost-what-to-expect-in-2026,"Skip the rookie mistakes on cost for professional painting. Prep, products, and techniques from someone who's painted 30+ rooms.",Painting & Walls,wall repair; cost guide; painting,interior-house-painting-services-what-homeowners-should-know; exterior-house-painting-pricing-guide-for-homeowners; painting-rooms-pricing-guide-for-homeowners; interior-home-painting-pricing-guide-for-homeowners; painting-room-pricing-guide-for-homeowners,https://www.epa.gov/lead; https://www.epa.gov/indoor-air-quality-iaq/volatile-organic-compounds-impact-indoor-air-quality,"A photorealistic photograph of a bright bedroom being freshly painted with a roller applying warm gray paint to one wall, crisp blue painter's tape along the trim, a drop cloth on the hardwood floor, and a paint tray nearby. The scene is set in a well-lit suburban home. natural lighting, shot on a Canon EOS R5 with a 35mm lens, shallow depth of field, editorial photography style. No text overlays, no watermarks, no logos, no artificial lighting artifacts. The image looks like it was taken by a professional home renovation photographer for an editorial magazine feature.","Q: Do I need to prime before painting? A: Yes, if you're covering dark colors, stains, or new drywall. For repaints in similar colors on clean, intact surfaces, a quality paint-and-primer combo usually works fine. | Q: Can a beginner handle this project? A: With proper research, the right tools, and realistic expectations about timeline, many first-timers succeed. Start with a small area to build confidence before tackling the main project. | Q: What's the most common mistake to avoid? A: Skipping proper preparation is the number-one mistake. Whether it's surface prep, measuring twice, or reading the full instructions first — rushing the setup phase causes most DIY failures.",idea,Daniel Ware
101,2026-07-13,interior-paint,painting cost interior,5400,10.79,,informational,Painting Interior Pricing Guide for Homeowners,painting-interior-pricing-guide-for-homeowners,A practical guide to painting cost interior — from surface prep to final coat. Real techniques that work. Practical tips from real projects.,Painting & Walls,wall repair; cost guide; painting,exterior-house-painting-pricing-guide-for-homeowners; painting-rooms-pricing-guide-for-homeowners; interior-home-painting-pricing-guide-for-homeowners; painting-room-pricing-guide-for-homeowners; professional-painting-cost-what-to-expect-in-2026,https://www.epa.gov/lead/renovation-repair-and-painting-program; https://www.cpsc.gov/; https://www.epa.gov/lead,"A photorealistic photograph of a bright bedroom being freshly painted with a roller applying warm gray paint to one wall, crisp blue painter's tape along the trim, a drop cloth on the hardwood floor, and a paint tray nearby. The scene is set in a well-lit suburban home. natural lighting, shot on a Canon EOS R5 with a 35mm lens, shallow depth of field, editorial photography style. No text overlays, no watermarks, no logos, no artificial lighting artifacts. The image looks like it was taken by a professional home renovation photographer for an editorial magazine feature.","Q: How many coats of paint do I actually need? A: Two coats is the standard for good coverage and durability. One coat rarely looks right, and three is only needed over dark colors or with very light-colored paint. | Q: Can a beginner handle this project? A: With proper research, the right tools, and realistic expectations about timeline, many first-timers succeed. Start with a small area to build confidence before tackling the main project. | Q: How long should I expect this project to take? A: A focused DIYer working weekends should budget 2–3x the time a pro would take. Factor in supply runs, learning curves, and the inevitable re-dos. Better to plan generously than rush.",idea,Daniel Ware
102,2026-07-13,interior-paint,inside painting cost,5400,10.79,,informational,Inside Painting Cost Breakdown: Real Numbers,inside-painting-cost-breakdown-real-numbers,"How to get pro-level results with inside painting cost. Prep tips, product picks, and honest time estimates. Practical tips from real projects.",Painting & Walls,wall repair; cost guide; painting,painting-rooms-pricing-guide-for-homeowners; interior-home-painting-pricing-guide-for-homeowners; painting-room-pricing-guide-for-homeowners; professional-painting-cost-what-to-expect-in-2026; painting-interior-pricing-guide-for-homeowners,https://www.epa.gov/lead/renovation-repair-and-painting-program; https://www.cpsc.gov/,"A photorealistic photograph of a bright bedroom being freshly painted with a roller applying warm gray paint to one wall, crisp blue painter's tape along the trim, a drop cloth on the hardwood floor, and a paint tray nearby. The scene is set in a well-lit suburban home. natural lighting, shot on a Canon EOS R5 with a 35mm lens, shallow depth of field, editorial photography style. No text overlays, no watermarks, no logos, no artificial lighting artifacts. The image looks like it was taken by a professional home renovation photographer for an editorial magazine feature.","Q: Do I need to prime before painting? A: Yes, if you're covering dark colors, stains, or new drywall. For repaints in similar colors on clean, intact surfaces, a quality paint-and-primer combo usually works fine. | Q: Can a beginner handle this project? A: With proper research, the right tools, and realistic expectations about timeline, many first-timers succeed. Start with a small area to build confidence before tackling the main project. | Q: What's the most common mistake to avoid? A: Skipping proper preparation is the number-one mistake. Whether it's surface prep, measuring twice, or reading the full instructions first — rushing the setup phase causes most DIY failures.",idea,Daniel Ware
103,2026-07-14,interior-paint,exterior home painting cost,2900,10.05,10,commercial,How Much Does Exterior Home Painting Really Cost?,how-much-does-exterior-home-painting-really-cost,"How to get pro-level results with exterior home painting cost. Prep tips, product picks, and honest time estimates. Practical tips from real projects.",Painting & Walls,wall repair; cost guide; painting,interior-home-painting-pricing-guide-for-homeowners; painting-room-pricing-guide-for-homeowners; professional-painting-cost-what-to-expect-in-2026; painting-interior-pricing-guide-for-homeowners; inside-painting-cost-breakdown-real-numbers,https://www.epa.gov/lead/renovation-repair-and-painting-program; https://www.cpsc.gov/; https://www.epa.gov/lead,"A photorealistic photograph of the exterior of a two-story suburban home being painted with a painter on a ladder applying fresh white paint to wood siding, drop cloths protecting the foundation plantings, and a paint sprayer on the ground. The scene is set in a well-lit suburban home. natural lighting, shot on a Canon EOS R5 with a 35mm lens, shallow depth of field, editorial photography style. No text overlays, no watermarks, no logos, no artificial lighting artifacts. The image looks like it was taken by a professional home renovation photographer for an editorial magazine feature.","Q: How many coats of paint do I actually need? A: Two coats is the standard for good coverage and durability. One coat rarely looks right, and three is only needed over dark colors or with very light-colored paint. | Q: Can a beginner handle this project? A: With proper research, the right tools, and realistic expectations about timeline, many first-timers succeed. Start with a small area to build confidence before tackling the main project. | Q: How long should I expect this project to take? A: A focused DIYer working weekends should budget 2–3x the time a pro would take. Factor in supply runs, learning curves, and the inevitable re-dos. Better to plan generously than rush.",idea,Daniel Ware
104,2026-07-14,interior-paint,outside painting cost,2900,10.05,12,commercial,Outside Painting Cost: What to Expect in 2026,outside-painting-cost-what-to-expect-in-2026,A practical guide to outside painting cost — from surface prep to final coat. Real techniques that work. Practical tips from real projects.,Painting & Walls,wall repair; cost guide; painting,painting-room-pricing-guide-for-homeowners; professional-painting-cost-what-to-expect-in-2026; painting-interior-pricing-guide-for-homeowners; inside-painting-cost-breakdown-real-numbers; how-much-does-exterior-home-painting-really-cost,https://www.epa.gov/lead/renovation-repair-and-painting-program; https://www.cpsc.gov/,"A photorealistic photograph of a bright bedroom being freshly painted with a roller applying warm gray paint to one wall, crisp blue painter's tape along the trim, a drop cloth on the hardwood floor, and a paint tray nearby. The scene is set in a well-lit suburban home. natural lighting, shot on a Canon EOS R5 with a 35mm lens, shallow depth of field, editorial photography style. No text overlays, no watermarks, no logos, no artificial lighting artifacts. The image looks like it was taken by a professional home renovation photographer for an editorial magazine feature.","Q: Do I need to prime before painting? A: Yes, if you're covering dark colors, stains, or new drywall. For repaints in similar colors on clean, intact surfaces, a quality paint-and-primer combo usually works fine. | Q: Can a beginner handle this project? A: With proper research, the right tools, and realistic expectations about timeline, many first-timers succeed. Start with a small area to build confidence before tackling the main project. | Q: What's the most common mistake to avoid? A: Skipping proper preparation is the number-one mistake. Whether it's surface prep, measuring twice, or reading the full instructions first — rushing the setup phase causes most DIY failures.",idea,Daniel Ware
105,2026-07-15,water-damage,emergency water damage,880,130.8,2,informational,Emergency Water Damage: A DIYer's Honest Take,emergency-water-damage-a-diyers-honest-take,"Know what you're getting into with emergency water damage. Costs, code requirements, and the honest DIY difficulty level.",Plumbing & Electrical,water damage; electrical; plumbing,honeywell-hot-water-heater-no-status-light-a-practical-guide; water-heater-constantly-running-a-diyers-honest-take; the-real-deal-on-water-heater-keeps-running; is-it-normal-for-water-heater-to-leak-honest-guide; water-heater-plano-repair-diy-or-call-a-pro,https://www.ul.com/; https://www.nfpa.org/codes-and-standards/nfpa-70-standard-development/70,"A photorealistic photograph of a homeowner assessing water damage in a basement with a moisture meter pressed against a damp wall, dehumidifier running, and water stains visible on the lower portion of the drywall. The scene is set in a well-lit suburban home. natural lighting, shot on a Canon EOS R5 with a 35mm lens, shallow depth of field, editorial photography style. No text overlays, no watermarks, no logos, no artificial lighting artifacts. The image looks like it was taken by a professional home renovation photographer for an editorial magazine feature.","Q: Should I DIY this or hire a licensed professional? A: Basic tasks like replacing a faucet or outlet cover are DIY-friendly. Anything involving main lines, gas, load-bearing walls, or your electrical panel should go to a licensed pro — it's a safety and code issue. | Q: Can a beginner handle this project? A: With proper research, the right tools, and realistic expectations about timeline, many first-timers succeed. Start with a small area to build confidence before tackling the main project. | Q: What's the most common mistake to avoid? A: Skipping proper preparation is the number-one mistake. Whether it's surface prep, measuring twice, or reading the full instructions first — rushing the setup phase causes most DIY failures.",idea,Daniel Ware
106,2026-07-15,water-damage,water damage repair service,390,490.85,31,commercial,Water Damage Repair: DIY or Call a Pro?,water-damage-repair-diy-or-call-a-pro,"Should you DIY water damage repair service or call a pro? Real costs, skill requirements, and safety considerations. Practical tips from real projects.",Plumbing & Electrical,home repair; water damage; electrical; plumbing,honeywell-hot-water-heater-no-status-light-a-practical-guide; water-heater-constantly-running-a-diyers-honest-take; the-real-deal-on-water-heater-keeps-running; is-it-normal-for-water-heater-to-leak-honest-guide; water-heater-plano-repair-diy-or-call-a-pro,https://www.iccsafe.org/products-and-services/i-codes/2024-i-codes/irc/; https://www.epa.gov/watersense,"A photorealistic photograph of a homeowner assessing water damage in a basement with a moisture meter pressed against a damp wall, dehumidifier running, and water stains visible on the lower portion of the drywall. The scene is set in a well-lit suburban home. natural lighting, shot on a Canon EOS R5 with a 35mm lens, shallow depth of field, editorial photography style. No text overlays, no watermarks, no logos, no artificial lighting artifacts. The image looks like it was taken by a professional home renovation photographer for an editorial magazine feature.","Q: Should I DIY this or hire a licensed professional? A: Basic tasks like replacing a faucet or outlet cover are DIY-friendly. Anything involving main lines, gas, load-bearing walls, or your electrical panel should go to a licensed pro — it's a safety and code issue. | Q: What tools do I need for this project? A: The exact tools depend on your approach, but most water damage repair service projects need basic measuring and marking tools, safety gear, and the category-specific tools covered in the article above. | Q: What's the most common mistake to avoid? A: Skipping proper preparation is the number-one mistake. Whether it's surface prep, measuring twice, or reading the full instructions first — rushing the setup phase causes most DIY failures.",idea,Daniel Ware
107,2026-07-16,water-damage,water damage prevention,140,253.63,8,commercial,Water Damage Prevention: Honest Advice for Your Home,water-damage-prevention-honest-advice-for-your-home,"Should you DIY water damage prevention or call a pro? Real costs, skill requirements, and safety considerations. Practical tips from real projects.",Plumbing & Electrical,water damage; electrical; plumbing,honeywell-hot-water-heater-no-status-light-a-practical-guide; water-heater-constantly-running-a-diyers-honest-take; the-real-deal-on-water-heater-keeps-running; is-it-normal-for-water-heater-to-leak-honest-guide; water-heater-plano-repair-diy-or-call-a-pro,https://www.osha.gov/; https://www.ul.com/,"A photorealistic photograph of a homeowner assessing water damage in a basement with a moisture meter pressed against a damp wall, dehumidifier running, and water stains visible on the lower portion of the drywall. The scene is set in a well-lit suburban home. natural lighting, shot on a Canon EOS R5 with a 35mm lens, shallow depth of field, editorial photography style. No text overlays, no watermarks, no logos, no artificial lighting artifacts. The image looks like it was taken by a professional home renovation photographer for an editorial magazine feature.","Q: Should I DIY this or hire a licensed professional? A: Basic tasks like replacing a faucet or outlet cover are DIY-friendly. Anything involving main lines, gas, load-bearing walls, or your electrical panel should go to a licensed pro — it's a safety and code issue. | Q: Can a beginner handle this project? A: With proper research, the right tools, and realistic expectations about timeline, many first-timers succeed. Start with a small area to build confidence before tackling the main project. | Q: What's the most common mistake to avoid? A: Skipping proper preparation is the number-one mistake. Whether it's surface prep, measuring twice, or reading the full instructions first — rushing the setup phase causes most DIY failures.",idea,Daniel Ware
108,2026-07-16,water-damage,preventing water damage,140,253.63,13,informational,Preventing Water Damage: A Practical Guide,preventing-water-damage-a-practical-guide,A straightforward guide to preventing water damage: what you can handle yourself and when to pick up the phone. Practical tips from real projects.,Plumbing & Electrical,water damage; electrical; plumbing,honeywell-hot-water-heater-no-status-light-a-practical-guide; water-heater-constantly-running-a-diyers-honest-take; the-real-deal-on-water-heater-keeps-running; is-it-normal-for-water-heater-to-leak-honest-guide; water-heater-plano-repair-diy-or-call-a-pro,https://www.iccsafe.org/products-and-services/i-codes/2024-i-codes/irc/; https://www.epa.gov/watersense,"A photorealistic photograph of a homeowner assessing water damage in a basement with a moisture meter pressed against a damp wall, dehumidifier running, and water stains visible on the lower portion of the drywall. The scene is set in a well-lit suburban home. natural lighting, shot on a Canon EOS R5 with a 35mm lens, shallow depth of field, editorial photography style. No text overlays, no watermarks, no logos, no artificial lighting artifacts. The image looks like it was taken by a professional home renovation photographer for an editorial magazine feature.","Q: Should I DIY this or hire a licensed professional? A: Basic tasks like replacing a faucet or outlet cover are DIY-friendly. Anything involving main lines, gas, load-bearing walls, or your electrical panel should go to a licensed pro — it's a safety and code issue. | Q: Can a beginner handle this project? A: With proper research, the right tools, and realistic expectations about timeline, many first-timers succeed. Start with a small area to build confidence before tackling the main project. | Q: What's the most common mistake to avoid? A: Skipping proper preparation is the number-one mistake. Whether it's surface prep, measuring twice, or reading the full instructions first — rushing the setup phase causes most DIY failures.",idea,Daniel Ware
109,2026-07-17,water-damage,water damage remediation company,390,141.26,25,commercial,Finding Good Water Damage Remediation Contractors Near You,finding-good-water-damage-remediation-contractors-near-you,"Know what you're getting into with water damage remediation company. Costs, code requirements, and the honest DIY difficulty level.",Plumbing & Electrical,water damage; electrical; plumbing,honeywell-hot-water-heater-no-status-light-a-practical-guide; water-heater-constantly-running-a-diyers-honest-take; the-real-deal-on-water-heater-keeps-running; is-it-normal-for-water-heater-to-leak-honest-guide; water-heater-plano-repair-diy-or-call-a-pro,https://www.osha.gov/; https://www.ul.com/; https://www.nfpa.org/codes-and-standards/nfpa-70-standard-development/70,"A photorealistic photograph of a homeowner assessing water damage in a basement with a moisture meter pressed against a damp wall, dehumidifier running, and water stains visible on the lower portion of the drywall. The scene is set in a well-lit suburban home. natural lighting, shot on a Canon EOS R5 with a 35mm lens, shallow depth of field, editorial photography style. No text overlays, no watermarks, no logos, no artificial lighting artifacts. The image looks like it was taken by a professional home renovation photographer for an editorial magazine feature.","Q: How do I find a reliable plumber or electrician? A: Ask neighbors for referrals, check reviews on multiple platforms, verify their license and insurance, and always get at least three written quotes before deciding. | Q: Can a beginner handle this project? A: With proper research, the right tools, and realistic expectations about timeline, many first-timers succeed. Start with a small area to build confidence before tackling the main project. | Q: How long should I expect this project to take? A: A focused DIYer working weekends should budget 2–3x the time a pro would take. Factor in supply runs, learning curves, and the inevitable re-dos. Better to plan generously than rush.",idea,Daniel Ware
110,2026-07-17,water-damage,water damage remediation companies,390,141.26,31,commercial,Finding Good Water Damage Remediation Contractors Near You,finding-good-water-damage-remediation-contractors-near-you,"Know what you're getting into with water damage remediation companies. Costs, code requirements, and the honest DIY difficulty level.",Plumbing & Electrical,water damage; electrical; plumbing,water-heater-constantly-running-a-diyers-honest-take; the-real-deal-on-water-heater-keeps-running; is-it-normal-for-water-heater-to-leak-honest-guide; water-heater-plano-repair-diy-or-call-a-pro,https://www.osha.gov/; https://www.ul.com/,"A photorealistic photograph of a homeowner assessing water damage in a basement with a moisture meter pressed against a damp wall, dehumidifier running, and water stains visible on the lower portion of the drywall. The scene is set in a well-lit suburban home. natural lighting, shot on a Canon EOS R5 with a 35mm lens, shallow depth of field, editorial photography style. No text overlays, no watermarks, no logos, no artificial lighting artifacts. The image looks like it was taken by a professional home renovation photographer for an editorial magazine feature.","Q: Should I DIY this or hire a licensed professional? A: Basic tasks like replacing a faucet or outlet cover are DIY-friendly. Anything involving main lines, gas, load-bearing walls, or your electrical panel should go to a licensed pro — it's a safety and code issue. | Q: Can a beginner handle this project? A: With proper research, the right tools, and realistic expectations about timeline, many first-timers succeed. Start with a small area to build confidence before tackling the main project. | Q: What's the most common mistake to avoid? A: Skipping proper preparation is the number-one mistake. Whether it's surface prep, measuring twice, or reading the full instructions first — rushing the setup phase causes most DIY failures.",idea,Daniel Ware
111,2026-07-18,water-damage,flooded home repair,70,164.14,11,informational,Flooded Home Repair: DIY or Call a Pro?,flooded-home-repair-diy-or-call-a-pro,Honest picks for flooded home repair — what's worth the money and what's marketing hype. Tested in real projects. Practical tips from real projects.,Tools & Materials,tools; building materials; home repair,water-damage-prevention-honest-advice-for-your-home; preventing-water-damage-a-practical-guide; finding-good-water-damage-remediation-contractors-near-you; finding-good-water-damage-remediation-contractors-near-you; essential-tools-for-home-renovation,https://www.epa.gov/lead; https://www.osha.gov/,"A photorealistic photograph of a homeowner assessing water damage in a basement with a moisture meter pressed against a damp wall, dehumidifier running, and water stains visible on the lower portion of the drywall. The scene is set in a well-lit suburban home. natural lighting, shot on a Canon EOS R5 with a 35mm lens, shallow depth of field, editorial photography style. No text overlays, no watermarks, no logos, no artificial lighting artifacts. The image looks like it was taken by a professional home renovation photographer for an editorial magazine feature.","Q: What should I buy first on a limited budget? A: Start with a quality cordless drill/driver, a good tape measure, a level, safety glasses, and a utility knife. These five tools cover 80% of basic home projects. | Q: What tools do I need for this project? A: The exact tools depend on your approach, but most flooded home repair projects need basic measuring and marking tools, safety gear, and the category-specific tools covered in the article above. | Q: What's the most common mistake to avoid? A: Skipping proper preparation is the number-one mistake. Whether it's surface prep, measuring twice, or reading the full instructions first — rushing the setup phase causes most DIY failures.",idea,Daniel Ware
112,2026-07-18,water-damage,water damage ceiling tiles,210,90.59,,informational,Water Damage Ceiling Tiles: Honest Advice for Your Home,water-damage-ceiling-tiles-honest-advice-for-your-home,A straightforward guide to water damage ceiling tiles: what you can handle yourself and when to pick up the phone. Practical tips from real projects.,Plumbing & Electrical,water damage; tile; electrical; plumbing,honeywell-hot-water-heater-no-status-light-a-practical-guide; water-heater-constantly-running-a-diyers-honest-take; the-real-deal-on-water-heater-keeps-running; is-it-normal-for-water-heater-to-leak-honest-guide; water-heater-plano-repair-diy-or-call-a-pro,https://www.osha.gov/; https://www.ul.com/,"A photorealistic photograph of a professional installing floor tiles in a spacious room with natural light, using a notched trowel to spread thinset, with tile spacers and a level tool visible. The scene is set in a well-lit suburban home. natural lighting, shot on a Canon EOS R5 with a 35mm lens, shallow depth of field, editorial photography style. No text overlays, no watermarks, no logos, no artificial lighting artifacts. The image looks like it was taken by a professional home renovation photographer for an editorial magazine feature.","Q: Should I DIY this or hire a licensed professional? A: Basic tasks like replacing a faucet or outlet cover are DIY-friendly. Anything involving main lines, gas, load-bearing walls, or your electrical panel should go to a licensed pro — it's a safety and code issue. | Q: Can a beginner handle this project? A: With proper research, the right tools, and realistic expectations about timeline, many first-timers succeed. Start with a small area to build confidence before tackling the main project. | Q: What's the most common mistake to avoid? A: Skipping proper preparation is the number-one mistake. Whether it's surface prep, measuring twice, or reading the full instructions first — rushing the setup phase causes most DIY failures.",idea,Daniel Ware
113,2026-07-19,water-damage,water damaged cabinets,210,83.35,,informational,The Real Deal on Water Damaged Cabinets,the-real-deal-on-water-damaged-cabinets,A straightforward guide to water damaged cabinets: what you can handle yourself and when to pick up the phone. Practical tips from real projects.,Plumbing & Electrical,water damage; cabinets; electrical; plumbing,preventing-water-damage-a-practical-guide; finding-good-water-damage-remediation-contractors-near-you; finding-good-water-damage-remediation-contractors-near-you; flooded-home-repair-diy-or-call-a-pro; water-damage-ceiling-tiles-honest-advice-for-your-home,https://www.epa.gov/watersense; https://www.osha.gov/,"A photorealistic photograph of a homeowner assessing water damage in a basement with a moisture meter pressed against a damp wall, dehumidifier running, and water stains visible on the lower portion of the drywall. The scene is set in a well-lit suburban home. natural lighting, shot on a Canon EOS R5 with a 35mm lens, shallow depth of field, editorial photography style. No text overlays, no watermarks, no logos, no artificial lighting artifacts. The image looks like it was taken by a professional home renovation photographer for an editorial magazine feature.","Q: Should I DIY this or hire a licensed professional? A: Basic tasks like replacing a faucet or outlet cover are DIY-friendly. Anything involving main lines, gas, load-bearing walls, or your electrical panel should go to a licensed pro — it's a safety and code issue. | Q: Can a beginner handle this project? A: With proper research, the right tools, and realistic expectations about timeline, many first-timers succeed. Start with a small area to build confidence before tackling the main project. | Q: What's the most common mistake to avoid? A: Skipping proper preparation is the number-one mistake. Whether it's surface prep, measuring twice, or reading the full instructions first — rushing the setup phase causes most DIY failures.",idea,Daniel Ware
114,2026-07-19,water-damage,water proofing services,70,158.81,13,commercial,Water Proofing Services: A DIYer's Honest Take,water-proofing-services-a-diyers-honest-take,"How much does water proofing services really cost? Line-by-line budget with labor, materials, and hidden expenses. Practical tips from real projects.",Budget & Planning,roofing; home improvement cost; water damage; budget renovation,finding-good-water-damage-remediation-contractors-near-you; finding-good-water-damage-remediation-contractors-near-you; flooded-home-repair-diy-or-call-a-pro; water-damage-ceiling-tiles-honest-advice-for-your-home; the-real-deal-on-water-damaged-cabinets,https://www.bls.gov/; https://www.consumerfinance.gov/,"A photorealistic photograph of a suburban home getting a new roof with a roofing crew stripping old shingles, new underlayment partially rolled out, bundles of architectural shingles staged on the roof, and a dumpster below. The scene is set in a well-lit suburban home. natural lighting, shot on a Canon EOS R5 with a 35mm lens, shallow depth of field, editorial photography style. No text overlays, no watermarks, no logos, no artificial lighting artifacts. The image looks like it was taken by a professional home renovation photographer for an editorial magazine feature.","Q: What's the biggest hidden cost in this project? A: Permit fees, unexpected structural issues, and temporary living adjustments often surprise homeowners. Budget 10–20% above your estimate for contingencies. | Q: Can a beginner handle this project? A: With proper research, the right tools, and realistic expectations about timeline, many first-timers succeed. Start with a small area to build confidence before tackling the main project. | Q: What's the most common mistake to avoid? A: Skipping proper preparation is the number-one mistake. Whether it's surface prep, measuring twice, or reading the full instructions first — rushing the setup phase causes most DIY failures.",idea,Daniel Ware
115,2026-07-20,drywall-plaster,drywall repair cost,6600,7.69,3,informational,How Much Does Drywall Repair Really Cost?,how-much-does-drywall-repair-really-cost,"Skip the rookie mistakes on drywall repair cost. Prep, products, and techniques from someone who's painted 30+ rooms. Practical tips from real projects.",Painting & Walls,drywall; wall repair; home repair; painting; cost guide,professional-painting-cost-what-to-expect-in-2026; painting-interior-pricing-guide-for-homeowners; inside-painting-cost-breakdown-real-numbers; how-much-does-exterior-home-painting-really-cost; outside-painting-cost-what-to-expect-in-2026,https://www.osha.gov/; https://www.epa.gov/lead/renovation-repair-and-painting-program; https://www.cpsc.gov/,"A photorealistic photograph of a homeowner mudding drywall seams using a wide taping knife to smooth joint compound over paper tape, with a hawk in the other hand, bare drywall sheets visible, and sanding dust in the air. The scene is set in a well-lit suburban home. natural lighting, shot on a Canon EOS R5 with a 35mm lens, shallow depth of field, editorial photography style. No text overlays, no watermarks, no logos, no artificial lighting artifacts. The image looks like it was taken by a professional home renovation photographer for an editorial magazine feature.","Q: How many coats of paint do I actually need? A: Two coats is the standard for good coverage and durability. One coat rarely looks right, and three is only needed over dark colors or with very light-colored paint. | Q: What tools do I need for this project? A: The exact tools depend on your approach, but most drywall repair cost projects need basic measuring and marking tools, safety gear, and the category-specific tools covered in the article above. | Q: How long should I expect this project to take? A: A focused DIYer working weekends should budget 2–3x the time a pro would take. Factor in supply runs, learning curves, and the inevitable re-dos. Better to plan generously than rush.",idea,Daniel Ware
116,2026-07-20,drywall-plaster,drywall repair services,1900,10.52,2,commercial,Drywall Services Repair: DIY or Call a Pro?,drywall-services-repair-diy-or-call-a-pro,"How to get pro-level results with drywall repair services. Prep tips, product picks, and honest time estimates. Practical tips from real projects.",Painting & Walls,wall repair; drywall; home repair; painting,professional-painting-cost-what-to-expect-in-2026; painting-interior-pricing-guide-for-homeowners; inside-painting-cost-breakdown-real-numbers; how-much-does-exterior-home-painting-really-cost; outside-painting-cost-what-to-expect-in-2026,https://www.epa.gov/lead; https://www.epa.gov/indoor-air-quality-iaq/volatile-organic-compounds-impact-indoor-air-quality,"A photorealistic photograph of a homeowner mudding drywall seams using a wide taping knife to smooth joint compound over paper tape, with a hawk in the other hand, bare drywall sheets visible, and sanding dust in the air. The scene is set in a well-lit suburban home. natural lighting, shot on a Canon EOS R5 with a 35mm lens, shallow depth of field, editorial photography style. No text overlays, no watermarks, no logos, no artificial lighting artifacts. The image looks like it was taken by a professional home renovation photographer for an editorial magazine feature.","Q: Do I need to prime before painting? A: Yes, if you're covering dark colors, stains, or new drywall. For repaints in similar colors on clean, intact surfaces, a quality paint-and-primer combo usually works fine. | Q: What tools do I need for this project? A: The exact tools depend on your approach, but most drywall repair services projects need basic measuring and marking tools, safety gear, and the category-specific tools covered in the article above. | Q: What's the most common mistake to avoid? A: Skipping proper preparation is the number-one mistake. Whether it's surface prep, measuring twice, or reading the full instructions first — rushing the setup phase causes most DIY failures.",idea,Daniel Ware
117,2026-07-21,drywall-plaster,contractor drywall repair,8100,5.13,7,commercial,Contractor Drywall Repair Guide: What to Know,contractor-drywall-repair-guide-what-to-know,"Skip the rookie mistakes on contractor drywall repair. Prep, products, and techniques from someone who's painted 30+ rooms.",Painting & Walls,wall repair; drywall; home repair; painting,professional-painting-cost-what-to-expect-in-2026; painting-interior-pricing-guide-for-homeowners; inside-painting-cost-breakdown-real-numbers; how-much-does-exterior-home-painting-really-cost; outside-painting-cost-what-to-expect-in-2026,https://www.epa.gov/lead; https://www.epa.gov/indoor-air-quality-iaq/volatile-organic-compounds-impact-indoor-air-quality; https://www.osha.gov/,"A photorealistic photograph of a homeowner mudding drywall seams using a wide taping knife to smooth joint compound over paper tape, with a hawk in the other hand, bare drywall sheets visible, and sanding dust in the air. The scene is set in a well-lit suburban home. natural lighting, shot on a Canon EOS R5 with a 35mm lens, shallow depth of field, editorial photography style. No text overlays, no watermarks, no logos, no artificial lighting artifacts. The image looks like it was taken by a professional home renovation photographer for an editorial magazine feature.","Q: How many coats of paint do I actually need? A: Two coats is the standard for good coverage and durability. One coat rarely looks right, and three is only needed over dark colors or with very light-colored paint. | Q: What tools do I need for this project? A: The exact tools depend on your approach, but most contractor drywall repair projects need basic measuring and marking tools, safety gear, and the category-specific tools covered in the article above. | Q: How long should I expect this project to take? A: A focused DIYer working weekends should budget 2–3x the time a pro would take. Factor in supply runs, learning curves, and the inevitable re-dos. Better to plan generously than rush.",idea,Daniel Ware
118,2026-07-21,drywall-plaster,drywall repair professional,880,9.49,1,commercial,Drywall Professional Repairs: A Homeowner's Guide,drywall-professional-repairs-a-homeowners-guide,A practical guide to drywall repair professional — from surface prep to final coat. Real techniques that work. Practical tips from real projects.,Painting & Walls,wall repair; drywall; home repair; painting,professional-painting-cost-what-to-expect-in-2026; painting-interior-pricing-guide-for-homeowners; inside-painting-cost-breakdown-real-numbers; how-much-does-exterior-home-painting-really-cost; outside-painting-cost-what-to-expect-in-2026,https://www.cpsc.gov/; https://www.epa.gov/lead; https://www.epa.gov/indoor-air-quality-iaq/volatile-organic-compounds-impact-indoor-air-quality,"A photorealistic photograph of a homeowner mudding drywall seams using a wide taping knife to smooth joint compound over paper tape, with a hawk in the other hand, bare drywall sheets visible, and sanding dust in the air. The scene is set in a well-lit suburban home. natural lighting, shot on a Canon EOS R5 with a 35mm lens, shallow depth of field, editorial photography style. No text overlays, no watermarks, no logos, no artificial lighting artifacts. The image looks like it was taken by a professional home renovation photographer for an editorial magazine feature.","Q: How many coats of paint do I actually need? A: Two coats is the standard for good coverage and durability. One coat rarely looks right, and three is only needed over dark colors or with very light-colored paint. | Q: What tools do I need for this project? A: The exact tools depend on your approach, but most drywall repair professional projects need basic measuring and marking tools, safety gear, and the category-specific tools covered in the article above. | Q: How long should I expect this project to take? A: A focused DIYer working weekends should budget 2–3x the time a pro would take. Factor in supply runs, learning curves, and the inevitable re-dos. Better to plan generously than rush.",idea,Daniel Ware
119,2026-07-22,drywall-plaster,handyman for drywall repair,1600,8.76,3,commercial,Handyman Drywall Repair Guide: What to Know,handyman-drywall-repair-guide-what-to-know,"Skip the rookie mistakes on handyman for drywall repair. Prep, products, and techniques from someone who's painted 30+ rooms.",Painting & Walls,wall repair; drywall; home repair; painting,professional-painting-cost-what-to-expect-in-2026; painting-interior-pricing-guide-for-homeowners; inside-painting-cost-breakdown-real-numbers; how-much-does-exterior-home-painting-really-cost; outside-painting-cost-what-to-expect-in-2026,https://www.osha.gov/; https://www.epa.gov/lead/renovation-repair-and-painting-program; https://www.cpsc.gov/,"A photorealistic photograph of a homeowner mudding drywall seams using a wide taping knife to smooth joint compound over paper tape, with a hawk in the other hand, bare drywall sheets visible, and sanding dust in the air. The scene is set in a well-lit suburban home. natural lighting, shot on a Canon EOS R5 with a 35mm lens, shallow depth of field, editorial photography style. No text overlays, no watermarks, no logos, no artificial lighting artifacts. The image looks like it was taken by a professional home renovation photographer for an editorial magazine feature.","Q: How many coats of paint do I actually need? A: Two coats is the standard for good coverage and durability. One coat rarely looks right, and three is only needed over dark colors or with very light-colored paint. | Q: What tools do I need for this project? A: The exact tools depend on your approach, but most handyman for drywall repair projects need basic measuring and marking tools, safety gear, and the category-specific tools covered in the article above. | Q: How long should I expect this project to take? A: A focused DIYer working weekends should budget 2–3x the time a pro would take. Factor in supply runs, learning curves, and the inevitable re-dos. Better to plan generously than rush.",idea,Daniel Ware
120,2026-07-22,drywall-plaster,drywall repair service,1900,10.52,5,commercial,Drywall Repair: DIY or Call a Pro?,drywall-repair-diy-or-call-a-pro,"How to get pro-level results with drywall repair service. Prep tips, product picks, and honest time estimates. Practical tips from real projects.",Painting & Walls,wall repair; drywall; home repair; painting,professional-painting-cost-what-to-expect-in-2026; painting-interior-pricing-guide-for-homeowners; inside-painting-cost-breakdown-real-numbers; how-much-does-exterior-home-painting-really-cost; outside-painting-cost-what-to-expect-in-2026,https://www.cpsc.gov/; https://www.epa.gov/lead; https://www.epa.gov/indoor-air-quality-iaq/volatile-organic-compounds-impact-indoor-air-quality,"A photorealistic photograph of a homeowner mudding drywall seams using a wide taping knife to smooth joint compound over paper tape, with a hawk in the other hand, bare drywall sheets visible, and sanding dust in the air. The scene is set in a well-lit suburban home. natural lighting, shot on a Canon EOS R5 with a 35mm lens, shallow depth of field, editorial photography style. No text overlays, no watermarks, no logos, no artificial lighting artifacts. The image looks like it was taken by a professional home renovation photographer for an editorial magazine feature.","Q: How many coats of paint do I actually need? A: Two coats is the standard for good coverage and durability. One coat rarely looks right, and three is only needed over dark colors or with very light-colored paint. | Q: What tools do I need for this project? A: The exact tools depend on your approach, but most drywall repair service projects need basic measuring and marking tools, safety gear, and the category-specific tools covered in the article above. | Q: How long should I expect this project to take? A: A focused DIYer working weekends should budget 2–3x the time a pro would take. Factor in supply runs, learning curves, and the inevitable re-dos. Better to plan generously than rush.",idea,Daniel Ware
121,2026-07-23,drywall-plaster,drywall repair costs,6600,7.69,,informational,Drywall Repairs: A Homeowner's Guide,drywall-repairs-a-homeowners-guide,A practical guide to drywall repair costs — from surface prep to final coat. Real techniques that work. Practical tips from real projects.,Painting & Walls,drywall; wall repair; home repair; painting; cost guide,professional-painting-cost-what-to-expect-in-2026; painting-interior-pricing-guide-for-homeowners; inside-painting-cost-breakdown-real-numbers; how-much-does-exterior-home-painting-really-cost; outside-painting-cost-what-to-expect-in-2026,https://www.epa.gov/lead/renovation-repair-and-painting-program; https://www.cpsc.gov/; https://www.epa.gov/lead,"A photorealistic photograph of a homeowner mudding drywall seams using a wide taping knife to smooth joint compound over paper tape, with a hawk in the other hand, bare drywall sheets visible, and sanding dust in the air. The scene is set in a well-lit suburban home. natural lighting, shot on a Canon EOS R5 with a 35mm lens, shallow depth of field, editorial photography style. No text overlays, no watermarks, no logos, no artificial lighting artifacts. The image looks like it was taken by a professional home renovation photographer for an editorial magazine feature.","Q: How many coats of paint do I actually need? A: Two coats is the standard for good coverage and durability. One coat rarely looks right, and three is only needed over dark colors or with very light-colored paint. | Q: What tools do I need for this project? A: The exact tools depend on your approach, but most drywall repair costs projects need basic measuring and marking tools, safety gear, and the category-specific tools covered in the article above. | Q: How long should I expect this project to take? A: A focused DIYer working weekends should budget 2–3x the time a pro would take. Factor in supply runs, learning curves, and the inevitable re-dos. Better to plan generously than rush.",idea,Daniel Ware
122,2026-07-23,drywall-plaster,drywall repair contractors,8100,5.13,,commercial,Drywall Contractors Repair Guide: What to Know,drywall-contractors-repair-guide-what-to-know,"Skip the rookie mistakes on drywall repair contractors. Prep, products, and techniques from someone who's painted 30+ rooms.",Painting & Walls,wall repair; drywall; home repair; painting,professional-painting-cost-what-to-expect-in-2026; painting-interior-pricing-guide-for-homeowners; inside-painting-cost-breakdown-real-numbers; how-much-does-exterior-home-painting-really-cost; outside-painting-cost-what-to-expect-in-2026,https://www.epa.gov/indoor-air-quality-iaq/volatile-organic-compounds-impact-indoor-air-quality; https://www.osha.gov/,"A photorealistic photograph of a homeowner mudding drywall seams using a wide taping knife to smooth joint compound over paper tape, with a hawk in the other hand, bare drywall sheets visible, and sanding dust in the air. The scene is set in a well-lit suburban home. natural lighting, shot on a Canon EOS R5 with a 35mm lens, shallow depth of field, editorial photography style. No text overlays, no watermarks, no logos, no artificial lighting artifacts. The image looks like it was taken by a professional home renovation photographer for an editorial magazine feature.","Q: Do I need to prime before painting? A: Yes, if you're covering dark colors, stains, or new drywall. For repaints in similar colors on clean, intact surfaces, a quality paint-and-primer combo usually works fine. | Q: What tools do I need for this project? A: The exact tools depend on your approach, but most drywall repair contractors projects need basic measuring and marking tools, safety gear, and the category-specific tools covered in the article above. | Q: What's the most common mistake to avoid? A: Skipping proper preparation is the number-one mistake. Whether it's surface prep, measuring twice, or reading the full instructions first — rushing the setup phase causes most DIY failures.",idea,Daniel Ware
123,2026-07-24,drywall-plaster,drywall repair professionals,880,9.49,4,commercial,Drywall Professionals Repairs: A Homeowner's Guide,drywall-professionals-repairs-a-homeowners-guide,A practical guide to drywall repair professionals — from surface prep to final coat. Real techniques that work. Practical tips from real projects.,Painting & Walls,wall repair; drywall; home repair; painting,drywall-professional-repairs-a-homeowners-guide; handyman-drywall-repair-guide-what-to-know; drywall-repair-diy-or-call-a-pro; drywall-repairs-a-homeowners-guide; drywall-contractors-repair-guide-what-to-know,https://www.osha.gov/; https://www.epa.gov/lead/renovation-repair-and-painting-program,"A photorealistic photograph of a homeowner mudding drywall seams using a wide taping knife to smooth joint compound over paper tape, with a hawk in the other hand, bare drywall sheets visible, and sanding dust in the air. The scene is set in a well-lit suburban home. natural lighting, shot on a Canon EOS R5 with a 35mm lens, shallow depth of field, editorial photography style. No text overlays, no watermarks, no logos, no artificial lighting artifacts. The image looks like it was taken by a professional home renovation photographer for an editorial magazine feature.","Q: Do I need to prime before painting? A: Yes, if you're covering dark colors, stains, or new drywall. For repaints in similar colors on clean, intact surfaces, a quality paint-and-primer combo usually works fine. | Q: What tools do I need for this project? A: The exact tools depend on your approach, but most drywall repair professionals projects need basic measuring and marking tools, safety gear, and the category-specific tools covered in the article above. | Q: What's the most common mistake to avoid? A: Skipping proper preparation is the number-one mistake. Whether it's surface prep, measuring twice, or reading the full instructions first — rushing the setup phase causes most DIY failures.",idea,Daniel Ware
124,2026-07-24,drywall-plaster,drywall repair specialist,390,13.51,5,commercial,Drywall Specialist Repair Guide: What to Know,drywall-specialist-repair-guide-what-to-know,"Skip the rookie mistakes on drywall repair specialist. Prep, products, and techniques from someone who's painted 30+ rooms.",Painting & Walls,wall repair; drywall; home repair; painting,handyman-drywall-repair-guide-what-to-know; drywall-repair-diy-or-call-a-pro; drywall-repairs-a-homeowners-guide; drywall-contractors-repair-guide-what-to-know; drywall-professionals-repairs-a-homeowners-guide,https://www.epa.gov/indoor-air-quality-iaq/volatile-organic-compounds-impact-indoor-air-quality; https://www.osha.gov/; https://www.epa.gov/lead/renovation-repair-and-painting-program,"A photorealistic photograph of a homeowner mudding drywall seams using a wide taping knife to smooth joint compound over paper tape, with a hawk in the other hand, bare drywall sheets visible, and sanding dust in the air. The scene is set in a well-lit suburban home. natural lighting, shot on a Canon EOS R5 with a 35mm lens, shallow depth of field, editorial photography style. No text overlays, no watermarks, no logos, no artificial lighting artifacts. The image looks like it was taken by a professional home renovation photographer for an editorial magazine feature.","Q: How many coats of paint do I actually need? A: Two coats is the standard for good coverage and durability. One coat rarely looks right, and three is only needed over dark colors or with very light-colored paint. | Q: What tools do I need for this project? A: The exact tools depend on your approach, but most drywall repair specialist projects need basic measuring and marking tools, safety gear, and the category-specific tools covered in the article above. | Q: How long should I expect this project to take? A: A focused DIYer working weekends should budget 2–3x the time a pro would take. Factor in supply runs, learning curves, and the inevitable re-dos. Better to plan generously than rush.",idea,Daniel Ware
125,2026-07-25,hvac-heating,heat pump air conditioner repair,590,277.4,4,commercial,Heat Pump Air Conditioner Repairs: A Homeowner's Guide,heat-pump-air-conditioner-repairs-a-homeowners-guide,A straightforward guide to heat pump air conditioner repair: what you can handle yourself and when to pick up the phone.,Plumbing & Electrical,home repair; electrical; plumbing,water-damage-prevention-honest-advice-for-your-home; preventing-water-damage-a-practical-guide; finding-good-water-damage-remediation-contractors-near-you; water-damage-ceiling-tiles-honest-advice-for-your-home; the-real-deal-on-water-damaged-cabinets,https://www.iccsafe.org/products-and-services/i-codes/2024-i-codes/irc/; https://www.epa.gov/watersense; https://www.osha.gov/,"A photorealistic photograph of an HVAC technician servicing a home system with the furnace panel open, a multimeter checking connections, refrigerant gauges visible, and the homeowner watching from the doorway. The scene is set in a well-lit suburban home. natural lighting, shot on a Canon EOS R5 with a 35mm lens, shallow depth of field, editorial photography style. No text overlays, no watermarks, no logos, no artificial lighting artifacts. The image looks like it was taken by a professional home renovation photographer for an editorial magazine feature.","Q: How do I find a reliable plumber or electrician? A: Ask neighbors for referrals, check reviews on multiple platforms, verify their license and insurance, and always get at least three written quotes before deciding. | Q: What tools do I need for this project? A: The exact tools depend on your approach, but most heat pump air conditioner repair projects need basic measuring and marking tools, safety gear, and the category-specific tools covered in the article above. | Q: How long should I expect this project to take? A: A focused DIYer working weekends should budget 2–3x the time a pro would take. Factor in supply runs, learning curves, and the inevitable re-dos. Better to plan generously than rush.",idea,Daniel Ware
126,2026-07-25,hvac-heating,heat pump ac repair,590,277.4,,commercial,Heat Pump Ac Repair Guide: What to Know,heat-pump-ac-repair-guide-what-to-know,"Know what you're getting into with heat pump ac repair. Costs, code requirements, and the honest DIY difficulty level. Practical tips from real projects.",Plumbing & Electrical,home repair; electrical; plumbing,water-damage-prevention-honest-advice-for-your-home; preventing-water-damage-a-practical-guide; finding-good-water-damage-remediation-contractors-near-you; water-damage-ceiling-tiles-honest-advice-for-your-home; the-real-deal-on-water-damaged-cabinets,https://www.iccsafe.org/products-and-services/i-codes/2024-i-codes/irc/; https://www.epa.gov/watersense; https://www.osha.gov/,"A photorealistic photograph of an HVAC technician servicing a home system with the furnace panel open, a multimeter checking connections, refrigerant gauges visible, and the homeowner watching from the doorway. The scene is set in a well-lit suburban home. natural lighting, shot on a Canon EOS R5 with a 35mm lens, shallow depth of field, editorial photography style. No text overlays, no watermarks, no logos, no artificial lighting artifacts. The image looks like it was taken by a professional home renovation photographer for an editorial magazine feature.","Q: How do I find a reliable plumber or electrician? A: Ask neighbors for referrals, check reviews on multiple platforms, verify their license and insurance, and always get at least three written quotes before deciding. | Q: What tools do I need for this project? A: The exact tools depend on your approach, but most heat pump ac repair projects need basic measuring and marking tools, safety gear, and the category-specific tools covered in the article above. | Q: How long should I expect this project to take? A: A focused DIYer working weekends should budget 2–3x the time a pro would take. Factor in supply runs, learning curves, and the inevitable re-dos. Better to plan generously than rush.",idea,Daniel Ware
127,2026-07-26,roof-siding,professional gutter installation,720,83.31,1,commercial,Installing Professional Gutter: What to Know First,installing-professional-gutter-what-to-know-first,"A hands-on guide to professional gutter installation with actual project costs, timelines, and what to watch out for. Practical tips from real projects.",Outdoor & Landscaping,installation; outdoor projects; landscaping,chain-wire-fence-installation-guide-diy-or-hire-out; installing-chain-fence-what-to-know-first; chain-link-fence-installation-costs-and-tips; cedar-fence-installation-guide-diy-or-hire-out; wrought-iron-fence-installation-costs-and-tips,https://www.strongtie.com/; https://www.epa.gov/watersense,"A photorealistic photograph of seamless gutters being installed on the fascia of a suburban home, with a gutter machine visible on the ground below, the installer on a ladder securing hangers, and downspout components ready to be attached. The scene is set in a well-lit suburban home. natural lighting, shot on a Canon EOS R5 with a 35mm lens, shallow depth of field, editorial photography style. No text overlays, no watermarks, no logos, no artificial lighting artifacts. The image looks like it was taken by a professional home renovation photographer for an editorial magazine feature.","Q: Do I need a permit for this project? A: Permit requirements vary by municipality. Generally, structures over a certain height or size, anything near property lines, and electrical/plumbing work require permits. Call your local building department to check. | Q: What tools do I need for this project? A: The exact tools depend on your approach, but most professional gutter installation projects need basic measuring and marking tools, safety gear, and the category-specific tools covered in the article above. | Q: What's the most common mistake to avoid? A: Skipping proper preparation is the number-one mistake. Whether it's surface prep, measuring twice, or reading the full instructions first — rushing the setup phase causes most DIY failures.",idea,Daniel Ware
128,2026-07-26,roof-siding,gutter guard installation cost per linear foot,210,110.21,,commercial,Gutter Guard Installation Per Linear Foot Cost: What to...,gutter-guard-installation-per-linear-foot-cost-what-to,"Everything you need for gutter guard installation cost per linear foot: materials, costs, permits, and lessons from actual backyard projects.",Outdoor & Landscaping,installation; outdoor projects; landscaping; cost guide,chain-wire-fence-installation-guide-diy-or-hire-out; installing-chain-fence-what-to-know-first; chain-link-fence-installation-costs-and-tips; cedar-fence-installation-guide-diy-or-hire-out; wrought-iron-fence-installation-costs-and-tips,https://www.awc.org/; https://www.iccsafe.org/products-and-services/i-codes/2024-i-codes/irc/,"A photorealistic photograph of seamless gutters being installed on the fascia of a suburban home, with a gutter machine visible on the ground below, the installer on a ladder securing hangers, and downspout components ready to be attached. The scene is set in a well-lit suburban home. natural lighting, shot on a Canon EOS R5 with a 35mm lens, shallow depth of field, editorial photography style. No text overlays, no watermarks, no logos, no artificial lighting artifacts. The image looks like it was taken by a professional home renovation photographer for an editorial magazine feature.","Q: Do I need a permit for this project? A: Permit requirements vary by municipality. Generally, structures over a certain height or size, anything near property lines, and electrical/plumbing work require permits. Call your local building department to check. | Q: What tools do I need for this project? A: The exact tools depend on your approach, but most gutter guard installation cost per linear foot projects need basic measuring and marking tools, safety gear, and the category-specific tools covered in the article above. | Q: What's the most common mistake to avoid? A: Skipping proper preparation is the number-one mistake. Whether it's surface prep, measuring twice, or reading the full instructions first — rushing the setup phase causes most DIY failures.",idea,Daniel Ware
129,2026-07-27,roof-siding,composite roof repair,140,154.2,,commercial,Composite Roof Repair Guide: What to Know,composite-roof-repair-guide-what-to-know,"Everything you need for composite roof repair: materials, costs, permits, and lessons from actual backyard projects. Practical tips from real projects.",Outdoor & Landscaping,roofing; outdoor projects; landscaping; home repair,chain-wire-fence-installation-guide-diy-or-hire-out; installing-chain-fence-what-to-know-first; chain-link-fence-installation-costs-and-tips; cedar-fence-installation-guide-diy-or-hire-out; wrought-iron-fence-installation-costs-and-tips,https://www.strongtie.com/; https://www.epa.gov/watersense; https://www.aarp.org/livable-communities/housing/,"A photorealistic photograph of a suburban home getting a new roof with a roofing crew stripping old shingles, new underlayment partially rolled out, bundles of architectural shingles staged on the roof, and a dumpster below. The scene is set in a well-lit suburban home. natural lighting, shot on a Canon EOS R5 with a 35mm lens, shallow depth of field, editorial photography style. No text overlays, no watermarks, no logos, no artificial lighting artifacts. The image looks like it was taken by a professional home renovation photographer for an editorial magazine feature.","Q: What's the best time of year for this project? A: Spring and fall offer the best weather for most outdoor projects. Avoid extreme heat, freezing temperatures, and the rainy season in your area. Many contractors offer off-season discounts. | Q: What tools do I need for this project? A: The exact tools depend on your approach, but most composite roof repair projects need basic measuring and marking tools, safety gear, and the category-specific tools covered in the article above. | Q: How long should I expect this project to take? A: A focused DIYer working weekends should budget 2–3x the time a pro would take. Factor in supply runs, learning curves, and the inevitable re-dos. Better to plan generously than rush.",idea,Daniel Ware
130,2026-07-27,roof-siding,how to install board and batten siding,480,37.75,,informational,How to Install Board and Batten Siding the Right Way,how-to-install-board-and-batten-siding-the-right-way,"A hands-on guide to how to install board and batten siding with actual project costs, timelines, and what to watch out for.",Outdoor & Landscaping,installation; outdoor projects; landscaping,chain-wire-fence-installation-guide-diy-or-hire-out; installing-chain-fence-what-to-know-first; chain-link-fence-installation-costs-and-tips; cedar-fence-installation-guide-diy-or-hire-out; wrought-iron-fence-installation-costs-and-tips,https://www.aarp.org/livable-communities/housing/; https://www.awc.org/,"A photorealistic photograph of vinyl siding being installed on a home exterior with a worker snapping panels into the starter strip, a utility knife and tin snips on a scaffold platform, and house wrap visible where siding hasn't been applied yet. The scene is set in a well-lit suburban home. natural lighting, shot on a Canon EOS R5 with a 35mm lens, shallow depth of field, editorial photography style. No text overlays, no watermarks, no logos, no artificial lighting artifacts. The image looks like it was taken by a professional home renovation photographer for an editorial magazine feature.","Q: Do I need a permit for this project? A: Permit requirements vary by municipality. Generally, structures over a certain height or size, anything near property lines, and electrical/plumbing work require permits. Call your local building department to check. | Q: What tools do I need for this project? A: The exact tools depend on your approach, but most how to install board and batten siding projects need basic measuring and marking tools, safety gear, and the category-specific tools covered in the article above. | Q: What's the most common mistake to avoid? A: Skipping proper preparation is the number-one mistake. Whether it's surface prep, measuring twice, or reading the full instructions first — rushing the setup phase causes most DIY failures.",idea,Daniel Ware
131,2026-07-28,roof-siding,roof tile inspection,170,69.08,,informational,Roof Tile Inspection: Honest Advice for Your Home,roof-tile-inspection-honest-advice-for-your-home,"Thinking about roof tile inspection? Here's what it costs, how long it takes, and whether you should DIY it. Practical tips from real projects.",Flooring & Tile,tile installation; flooring; roofing; tile,hardwood-flooring-repair-cost-breakdown-real-numbers; hardwood-flooring-installation-per-square-foot-cost; laminate-hardwood-flooring-installation-pricing-guide-for; laminate-hardwood-flooring-installed-cost-what-to-expect-in-2026; install-hardwood-laminate-flooring-pricing-guide-for-homeowners,https://www.iccsafe.org/products-and-services/i-codes/2024-i-codes/irc/; https://www.nwfa.org/,"A photorealistic photograph of a professional installing floor tiles in a spacious room with natural light, using a notched trowel to spread thinset, with tile spacers and a level tool visible. The scene is set in a well-lit suburban home. natural lighting, shot on a Canon EOS R5 with a 35mm lens, shallow depth of field, editorial photography style. No text overlays, no watermarks, no logos, no artificial lighting artifacts. The image looks like it was taken by a professional home renovation photographer for an editorial magazine feature.","Q: What's the most durable option for roof tile inspection? A: Porcelain tile and luxury vinyl plank top the durability charts for most rooms. The right choice depends on your room's moisture exposure, traffic level, and subfloor condition. | Q: Can a beginner handle this project? A: With proper research, the right tools, and realistic expectations about timeline, many first-timers succeed. Start with a small area to build confidence before tackling the main project. | Q: What's the most common mistake to avoid? A: Skipping proper preparation is the number-one mistake. Whether it's surface prep, measuring twice, or reading the full instructions first — rushing the setup phase causes most DIY failures.",idea,Daniel Ware
132,2026-07-28,roof-siding,cracked roof tile,140,73.21,,transactional,Cracked Roof Tile: A Practical Guide,cracked-roof-tile-a-practical-guide,From subfloor prep to final trim — a practical guide to cracked roof tile with real costs and pro tips. Practical tips from real projects.,Flooring & Tile,tile installation; flooring; roofing; tile,hardwood-flooring-repair-cost-breakdown-real-numbers; hardwood-flooring-installation-per-square-foot-cost; laminate-hardwood-flooring-installation-pricing-guide-for; laminate-hardwood-flooring-installed-cost-what-to-expect-in-2026; install-hardwood-laminate-flooring-pricing-guide-for-homeowners,https://www.epa.gov/lead; https://www.epa.gov/asbestos; https://www.iccsafe.org/products-and-services/i-codes/2024-i-codes/irc/,"A photorealistic photograph of a professional installing floor tiles in a spacious room with natural light, using a notched trowel to spread thinset, with tile spacers and a level tool visible. The scene is set in a well-lit suburban home. natural lighting, shot on a Canon EOS R5 with a 35mm lens, shallow depth of field, editorial photography style. No text overlays, no watermarks, no logos, no artificial lighting artifacts. The image looks like it was taken by a professional home renovation photographer for an editorial magazine feature.","Q: Can I install cracked roof tile over existing flooring? A: Some flooring goes directly over existing surfaces (LVP, laminate), while others need bare subfloor (tile, hardwood). Check your specific product requirements and subfloor condition first. | Q: Can a beginner handle this project? A: With proper research, the right tools, and realistic expectations about timeline, many first-timers succeed. Start with a small area to build confidence before tackling the main project. | Q: How long should I expect this project to take? A: A focused DIYer working weekends should budget 2–3x the time a pro would take. Factor in supply runs, learning curves, and the inevitable re-dos. Better to plan generously than rush.",idea,Daniel Ware
133,2026-07-29,roof-siding,standing seam metal roof how to install,140,57.16,,informational,Standing Seam Metal Roof How Installation: Costs and Tips,standing-seam-metal-roof-how-installation-costs-and-tips,"Planning standing seam metal roof how to install? Real costs, material comparisons, and the steps most DIY guides skip. Practical tips from real projects.",Outdoor & Landscaping,roofing; installation; outdoor projects; landscaping,chain-wire-fence-installation-guide-diy-or-hire-out; installing-chain-fence-what-to-know-first; chain-link-fence-installation-costs-and-tips; cedar-fence-installation-guide-diy-or-hire-out; wrought-iron-fence-installation-costs-and-tips,https://www.awc.org/; https://www.iccsafe.org/products-and-services/i-codes/2024-i-codes/irc/,"A photorealistic photograph of a suburban home getting a new roof with a roofing crew stripping old shingles, new underlayment partially rolled out, bundles of architectural shingles staged on the roof, and a dumpster below. The scene is set in a well-lit suburban home. natural lighting, shot on a Canon EOS R5 with a 35mm lens, shallow depth of field, editorial photography style. No text overlays, no watermarks, no logos, no artificial lighting artifacts. The image looks like it was taken by a professional home renovation photographer for an editorial magazine feature.","Q: Do I need a permit for this project? A: Permit requirements vary by municipality. Generally, structures over a certain height or size, anything near property lines, and electrical/plumbing work require permits. Call your local building department to check. | Q: What tools do I need for this project? A: The exact tools depend on your approach, but most standing seam metal roof how to install projects need basic measuring and marking tools, safety gear, and the category-specific tools covered in the article above. | Q: What's the most common mistake to avoid? A: Skipping proper preparation is the number-one mistake. Whether it's surface prep, measuring twice, or reading the full instructions first — rushing the setup phase causes most DIY failures.",idea,Daniel Ware
134,2026-07-29,attic-insulation,cost of insulation in attic,9900,10.45,,informational,Insulation in Attic Cost Breakdown: Real Numbers,insulation-in-attic-cost-breakdown-real-numbers,Turn unused space into livable rooms. A real-world guide to cost of insulation in attic with honest costs and timelines.,Basement & Attic,attic renovation; basement finishing; insulation; attic; cost guide,the-real-deal-on-finishing-basement; flooded-basement-restoration-honest-advice-for-your-home; basement-finishing-costs-what-homeowners-should-know; hiring-basement-finishing-pros-what-to-look-for,https://www.epa.gov/radon; https://www.epa.gov/mold,"A photorealistic photograph of an attic being insulated with blown-in cellulose insulation being applied between ceiling joists using a hose, the worker wearing a respirator and safety goggles, with kraft-faced batts visible on the walls. The scene is set in a well-lit suburban home. natural lighting, shot on a Canon EOS R5 with a 35mm lens, shallow depth of field, editorial photography style. No text overlays, no watermarks, no logos, no artificial lighting artifacts. The image looks like it was taken by a professional home renovation photographer for an editorial magazine feature.","Q: Do I need a permit to finish this space? A: Almost certainly yes. Finishing a basement or attic into livable space requires permits for framing, electrical, plumbing, and egress. Skipping permits creates problems at resale. | Q: Can a beginner handle this project? A: With proper research, the right tools, and realistic expectations about timeline, many first-timers succeed. Start with a small area to build confidence before tackling the main project. | Q: What's the most common mistake to avoid? A: Skipping proper preparation is the number-one mistake. Whether it's surface prep, measuring twice, or reading the full instructions first — rushing the setup phase causes most DIY failures.",idea,Daniel Ware
135,2026-07-30,attic-insulation,install insulation cost,590,14.96,2,informational,Install Insulation Cost Breakdown: Real Numbers,install-insulation-cost-breakdown-real-numbers,Turn unused space into livable rooms. A real-world guide to install insulation cost with honest costs and timelines. Practical tips from real projects.,Basement & Attic,attic renovation; basement finishing; insulation; installation; cost guide,the-real-deal-on-finishing-basement; flooded-basement-restoration-honest-advice-for-your-home; basement-finishing-costs-what-homeowners-should-know; hiring-basement-finishing-pros-what-to-look-for,https://www.iccsafe.org/products-and-services/i-codes/2024-i-codes/irc/; https://www.energy.gov/energysaver/insulation,"A photorealistic photograph of an attic being insulated with blown-in cellulose insulation being applied between ceiling joists using a hose, the worker wearing a respirator and safety goggles, with kraft-faced batts visible on the walls. The scene is set in a well-lit suburban home. natural lighting, shot on a Canon EOS R5 with a 35mm lens, shallow depth of field, editorial photography style. No text overlays, no watermarks, no logos, no artificial lighting artifacts. The image looks like it was taken by a professional home renovation photographer for an editorial magazine feature.","Q: Do I need a permit to finish this space? A: Almost certainly yes. Finishing a basement or attic into livable space requires permits for framing, electrical, plumbing, and egress. Skipping permits creates problems at resale. | Q: What tools do I need for this project? A: The exact tools depend on your approach, but most install insulation cost projects need basic measuring and marking tools, safety gear, and the category-specific tools covered in the article above. | Q: What's the most common mistake to avoid? A: Skipping proper preparation is the number-one mistake. Whether it's surface prep, measuring twice, or reading the full instructions first — rushing the setup phase causes most DIY failures.",idea,Daniel Ware
136,2026-07-30,attic-insulation,insulation installation cost,590,14.96,2,informational,Insulation Installation Cost: What to Expect in 2026,insulation-installation-cost-what-to-expect-in-2026,"Considering insulation installation cost? Here's what it actually takes — costs, permits, and the decisions that matter most.",Basement & Attic,attic renovation; basement finishing; insulation; installation; cost guide,the-real-deal-on-finishing-basement; flooded-basement-restoration-honest-advice-for-your-home; basement-finishing-costs-what-homeowners-should-know; hiring-basement-finishing-pros-what-to-look-for,https://www.energystar.gov/; https://www.epa.gov/radon,"A photorealistic photograph of an attic being insulated with blown-in cellulose insulation being applied between ceiling joists using a hose, the worker wearing a respirator and safety goggles, with kraft-faced batts visible on the walls. The scene is set in a well-lit suburban home. natural lighting, shot on a Canon EOS R5 with a 35mm lens, shallow depth of field, editorial photography style. No text overlays, no watermarks, no logos, no artificial lighting artifacts. The image looks like it was taken by a professional home renovation photographer for an editorial magazine feature.","Q: Do I need a permit to finish this space? A: Almost certainly yes. Finishing a basement or attic into livable space requires permits for framing, electrical, plumbing, and egress. Skipping permits creates problems at resale. | Q: What tools do I need for this project? A: The exact tools depend on your approach, but most insulation installation cost projects need basic measuring and marking tools, safety gear, and the category-specific tools covered in the article above. | Q: What's the most common mistake to avoid? A: Skipping proper preparation is the number-one mistake. Whether it's surface prep, measuring twice, or reading the full instructions first — rushing the setup phase causes most DIY failures.",idea,Daniel Ware
137,2026-07-31,attic-insulation,insulation installers cost,590,14.96,2,informational,Insulation Installers Pricing Guide for Homeowners,insulation-installers-pricing-guide-for-homeowners,Turn unused space into livable rooms. A real-world guide to insulation installers cost with honest costs and timelines. Practical tips from real projects.,Basement & Attic,attic renovation; basement finishing; insulation; installation; cost guide,the-real-deal-on-finishing-basement; flooded-basement-restoration-honest-advice-for-your-home; basement-finishing-costs-what-homeowners-should-know; hiring-basement-finishing-pros-what-to-look-for,https://www.energystar.gov/; https://www.epa.gov/radon; https://www.epa.gov/mold,"A photorealistic photograph of an attic being insulated with blown-in cellulose insulation being applied between ceiling joists using a hose, the worker wearing a respirator and safety goggles, with kraft-faced batts visible on the walls. The scene is set in a well-lit suburban home. natural lighting, shot on a Canon EOS R5 with a 35mm lens, shallow depth of field, editorial photography style. No text overlays, no watermarks, no logos, no artificial lighting artifacts. The image looks like it was taken by a professional home renovation photographer for an editorial magazine feature.","Q: What about moisture problems? A: Address any moisture issues before finishing. This means proper exterior grading, waterproofing, a sump pump if needed, and a good dehumidifier. Finishing over a wet problem guarantees mold. | Q: What tools do I need for this project? A: The exact tools depend on your approach, but most insulation installers cost projects need basic measuring and marking tools, safety gear, and the category-specific tools covered in the article above. | Q: How long should I expect this project to take? A: A focused DIYer working weekends should budget 2–3x the time a pro would take. Factor in supply runs, learning curves, and the inevitable re-dos. Better to plan generously than rush.",idea,Daniel Ware
138,2026-07-31,attic-insulation,blown-in insulation cost per square foot,880,13.86,6,informational,Blown-in Insulation Per Square Foot Cost: What to Expect in 2026,blown-in-insulation-per-square-foot-cost-what-to-expect-in-2026,Turn unused space into livable rooms. A real-world guide to blown-in insulation cost per square foot with honest costs and timelines.,Basement & Attic,attic renovation; insulation; basement finishing; cost guide,the-real-deal-on-finishing-basement; flooded-basement-restoration-honest-advice-for-your-home; basement-finishing-costs-what-homeowners-should-know; hiring-basement-finishing-pros-what-to-look-for,https://www.energystar.gov/; https://www.epa.gov/radon,"A photorealistic photograph of an attic being insulated with blown-in cellulose insulation being applied between ceiling joists using a hose, the worker wearing a respirator and safety goggles, with kraft-faced batts visible on the walls. The scene is set in a well-lit suburban home. natural lighting, shot on a Canon EOS R5 with a 35mm lens, shallow depth of field, editorial photography style. No text overlays, no watermarks, no logos, no artificial lighting artifacts. The image looks like it was taken by a professional home renovation photographer for an editorial magazine feature.","Q: Do I need a permit to finish this space? A: Almost certainly yes. Finishing a basement or attic into livable space requires permits for framing, electrical, plumbing, and egress. Skipping permits creates problems at resale. | Q: Can a beginner handle this project? A: With proper research, the right tools, and realistic expectations about timeline, many first-timers succeed. Start with a small area to build confidence before tackling the main project. | Q: What's the most common mistake to avoid? A: Skipping proper preparation is the number-one mistake. Whether it's surface prep, measuring twice, or reading the full instructions first — rushing the setup phase causes most DIY failures.",idea,Daniel Ware
139,2026-08-01,attic-insulation,blown insulation cost per square foot,880,13.86,6,informational,Blown Insulation Per Square Foot Cost Breakdown: Real Numbers,blown-insulation-per-square-foot-cost-breakdown-real-numbers,"Considering blown insulation cost per square foot? Here's what it actually takes — costs, permits, and the decisions that matter most.",Basement & Attic,attic renovation; insulation; basement finishing; cost guide,the-real-deal-on-finishing-basement; flooded-basement-restoration-honest-advice-for-your-home; basement-finishing-costs-what-homeowners-should-know; hiring-basement-finishing-pros-what-to-look-for,https://www.epa.gov/mold; https://www.iccsafe.org/products-and-services/i-codes/2024-i-codes/irc/,"A photorealistic photograph of an attic being insulated with blown-in cellulose insulation being applied between ceiling joists using a hose, the worker wearing a respirator and safety goggles, with kraft-faced batts visible on the walls. The scene is set in a well-lit suburban home. natural lighting, shot on a Canon EOS R5 with a 35mm lens, shallow depth of field, editorial photography style. No text overlays, no watermarks, no logos, no artificial lighting artifacts. The image looks like it was taken by a professional home renovation photographer for an editorial magazine feature.","Q: Do I need a permit to finish this space? A: Almost certainly yes. Finishing a basement or attic into livable space requires permits for framing, electrical, plumbing, and egress. Skipping permits creates problems at resale. | Q: Can a beginner handle this project? A: With proper research, the right tools, and realistic expectations about timeline, many first-timers succeed. Start with a small area to build confidence before tackling the main project. | Q: What's the most common mistake to avoid? A: Skipping proper preparation is the number-one mistake. Whether it's surface prep, measuring twice, or reading the full instructions first — rushing the setup phase causes most DIY failures.",idea,Daniel Ware
140,2026-08-01,attic-insulation,blow in insulation cost per square foot,880,13.86,6,informational,How Much Does Blow in Insulation Per Square Foot Really Cost?,how-much-does-blow-in-insulation-per-square-foot-really-cost,Turn unused space into livable rooms. A real-world guide to blow in insulation cost per square foot with honest costs and timelines.,Basement & Attic,attic renovation; insulation; basement finishing; cost guide,the-real-deal-on-finishing-basement; flooded-basement-restoration-honest-advice-for-your-home; basement-finishing-costs-what-homeowners-should-know; hiring-basement-finishing-pros-what-to-look-for,https://www.iccsafe.org/products-and-services/i-codes/2024-i-codes/irc/; https://www.energy.gov/energysaver/insulation; https://www.energystar.gov/,"A photorealistic photograph of an attic being insulated with blown-in cellulose insulation being applied between ceiling joists using a hose, the worker wearing a respirator and safety goggles, with kraft-faced batts visible on the walls. The scene is set in a well-lit suburban home. natural lighting, shot on a Canon EOS R5 with a 35mm lens, shallow depth of field, editorial photography style. No text overlays, no watermarks, no logos, no artificial lighting artifacts. The image looks like it was taken by a professional home renovation photographer for an editorial magazine feature.","Q: What about moisture problems? A: Address any moisture issues before finishing. This means proper exterior grading, waterproofing, a sump pump if needed, and a good dehumidifier. Finishing over a wet problem guarantees mold. | Q: Can a beginner handle this project? A: With proper research, the right tools, and realistic expectations about timeline, many first-timers succeed. Start with a small area to build confidence before tackling the main project. | Q: How long should I expect this project to take? A: A focused DIYer working weekends should budget 2–3x the time a pro would take. Factor in supply runs, learning curves, and the inevitable re-dos. Better to plan generously than rush.",idea,Daniel Ware
141,2026-08-02,attic-insulation,attic insulation install cost,3600,9.49,,commercial,How Much Does Attic Insulation Install Really Cost?,how-much-does-attic-insulation-install-really-cost,Turn unused space into livable rooms. A real-world guide to attic insulation install cost with honest costs and timelines.,Basement & Attic,attic renovation; basement finishing; insulation; installation; attic; cost guide,the-real-deal-on-finishing-basement; flooded-basement-restoration-honest-advice-for-your-home; basement-finishing-costs-what-homeowners-should-know; hiring-basement-finishing-pros-what-to-look-for,https://www.energystar.gov/; https://www.epa.gov/radon; https://www.epa.gov/mold,"A photorealistic photograph of an attic being insulated with blown-in cellulose insulation being applied between ceiling joists using a hose, the worker wearing a respirator and safety goggles, with kraft-faced batts visible on the walls. The scene is set in a well-lit suburban home. natural lighting, shot on a Canon EOS R5 with a 35mm lens, shallow depth of field, editorial photography style. No text overlays, no watermarks, no logos, no artificial lighting artifacts. The image looks like it was taken by a professional home renovation photographer for an editorial magazine feature.","Q: What about moisture problems? A: Address any moisture issues before finishing. This means proper exterior grading, waterproofing, a sump pump if needed, and a good dehumidifier. Finishing over a wet problem guarantees mold. | Q: What tools do I need for this project? A: The exact tools depend on your approach, but most attic insulation install cost projects need basic measuring and marking tools, safety gear, and the category-specific tools covered in the article above. | Q: How long should I expect this project to take? A: A focused DIYer working weekends should budget 2–3x the time a pro would take. Factor in supply runs, learning curves, and the inevitable re-dos. Better to plan generously than rush.",idea,Daniel Ware
142,2026-08-02,attic-insulation,cost of replacing insulation in attic,3600,9.49,,informational,Replacing Insulation in Attic Cost: What to Expect in 2026,replacing-insulation-in-attic-cost-what-to-expect-in-2026,"Considering cost of replacing insulation in attic? Here's what it actually takes — costs, permits, and the decisions that matter most.",Basement & Attic,attic renovation; basement finishing; insulation; attic; cost guide,insulation-installers-pricing-guide-for-homeowners; blown-in-insulation-per-square-foot-cost-what-to-expect-in-2026; blown-insulation-per-square-foot-cost-breakdown-real-numbers; how-much-does-blow-in-insulation-per-square-foot-really-cost; how-much-does-attic-insulation-install-really-cost,https://www.epa.gov/radon; https://www.epa.gov/mold,"A photorealistic photograph of an attic being insulated with blown-in cellulose insulation being applied between ceiling joists using a hose, the worker wearing a respirator and safety goggles, with kraft-faced batts visible on the walls. The scene is set in a well-lit suburban home. natural lighting, shot on a Canon EOS R5 with a 35mm lens, shallow depth of field, editorial photography style. No text overlays, no watermarks, no logos, no artificial lighting artifacts. The image looks like it was taken by a professional home renovation photographer for an editorial magazine feature.","Q: Do I need a permit to finish this space? A: Almost certainly yes. Finishing a basement or attic into livable space requires permits for framing, electrical, plumbing, and egress. Skipping permits creates problems at resale. | Q: Can a beginner handle this project? A: With proper research, the right tools, and realistic expectations about timeline, many first-timers succeed. Start with a small area to build confidence before tackling the main project. | Q: What's the most common mistake to avoid? A: Skipping proper preparation is the number-one mistake. Whether it's surface prep, measuring twice, or reading the full instructions first — rushing the setup phase causes most DIY failures.",idea,Daniel Ware
143,2026-08-03,attic-insulation,attic insulation replacement cost,3600,9.49,,informational,How Much Does Attic Insulation Replacement Really Cost?,how-much-does-attic-insulation-replacement-really-cost,"Practical guide to attic insulation replacement cost: real costs per square foot, timelines, and the gotchas nobody warns about.",Basement & Attic,attic renovation; basement finishing; insulation; attic; cost guide,blown-in-insulation-per-square-foot-cost-what-to-expect-in-2026; blown-insulation-per-square-foot-cost-breakdown-real-numbers; how-much-does-blow-in-insulation-per-square-foot-really-cost; how-much-does-attic-insulation-install-really-cost; replacing-insulation-in-attic-cost-what-to-expect-in-2026,https://www.energy.gov/energysaver/insulation; https://www.energystar.gov/; https://www.epa.gov/radon,"A photorealistic photograph of an attic being insulated with blown-in cellulose insulation being applied between ceiling joists using a hose, the worker wearing a respirator and safety goggles, with kraft-faced batts visible on the walls. The scene is set in a well-lit suburban home. natural lighting, shot on a Canon EOS R5 with a 35mm lens, shallow depth of field, editorial photography style. No text overlays, no watermarks, no logos, no artificial lighting artifacts. The image looks like it was taken by a professional home renovation photographer for an editorial magazine feature.","Q: What about moisture problems? A: Address any moisture issues before finishing. This means proper exterior grading, waterproofing, a sump pump if needed, and a good dehumidifier. Finishing over a wet problem guarantees mold. | Q: What tools do I need for this project? A: The exact tools depend on your approach, but most attic insulation replacement cost projects need basic measuring and marking tools, safety gear, and the category-specific tools covered in the article above. | Q: How long should I expect this project to take? A: A focused DIYer working weekends should budget 2–3x the time a pro would take. Factor in supply runs, learning curves, and the inevitable re-dos. Better to plan generously than rush.",idea,Daniel Ware
144,2026-08-03,tile-floor,cost to install tile flooring,12100,12.61,14,informational,How Much Does Install Tile Flooring Really Cost?,how-much-does-install-tile-flooring-really-cost,"Thinking about cost to install tile flooring? Here's what it costs, how long it takes, and whether you should DIY it. Practical tips from real projects.",Flooring & Tile,tile installation; tile; flooring; installation; cost guide,laminate-hardwood-flooring-installation-pricing-guide-for; laminate-hardwood-flooring-installed-cost-what-to-expect-in-2026; install-hardwood-laminate-flooring-pricing-guide-for-homeowners; roof-tile-inspection-honest-advice-for-your-home; cracked-roof-tile-a-practical-guide,https://www.tcnatile.com/; https://www.epa.gov/lead; https://www.epa.gov/asbestos,"A photorealistic photograph of a professional installing floor tiles in a spacious room with natural light, using a notched trowel to spread thinset, with tile spacers and a level tool visible. The scene is set in a well-lit suburban home. natural lighting, shot on a Canon EOS R5 with a 35mm lens, shallow depth of field, editorial photography style. No text overlays, no watermarks, no logos, no artificial lighting artifacts. The image looks like it was taken by a professional home renovation photographer for an editorial magazine feature.","Q: Can I install cost to install tile flooring over existing flooring? A: Some flooring goes directly over existing surfaces (LVP, laminate), while others need bare subfloor (tile, hardwood). Check your specific product requirements and subfloor condition first. | Q: What tools do I need for this project? A: The exact tools depend on your approach, but most cost to install tile flooring projects need basic measuring and marking tools, safety gear, and the category-specific tools covered in the article above. | Q: How long should I expect this project to take? A: A focused DIYer working weekends should budget 2–3x the time a pro would take. Factor in supply runs, learning curves, and the inevitable re-dos. Better to plan generously than rush.",idea,Daniel Ware
145,2026-08-04,tile-floor,cost tile flooring installed,12100,12.61,,informational,How Much Does Tile Flooring Installed Really Cost?,how-much-does-tile-flooring-installed-really-cost,"Step-by-step guide to cost tile flooring installed: material options, installation tips, and honest cost expectations. Practical tips from real projects.",Flooring & Tile,tile installation; tile; flooring; installation; cost guide,laminate-hardwood-flooring-installation-pricing-guide-for; laminate-hardwood-flooring-installed-cost-what-to-expect-in-2026; install-hardwood-laminate-flooring-pricing-guide-for-homeowners; roof-tile-inspection-honest-advice-for-your-home; cracked-roof-tile-a-practical-guide,https://www.tcnatile.com/; https://www.epa.gov/lead; https://www.epa.gov/asbestos,"A photorealistic photograph of a professional installing floor tiles in a spacious room with natural light, using a notched trowel to spread thinset, with tile spacers and a level tool visible. The scene is set in a well-lit suburban home. natural lighting, shot on a Canon EOS R5 with a 35mm lens, shallow depth of field, editorial photography style. No text overlays, no watermarks, no logos, no artificial lighting artifacts. The image looks like it was taken by a professional home renovation photographer for an editorial magazine feature.","Q: Can I install cost tile flooring installed over existing flooring? A: Some flooring goes directly over existing surfaces (LVP, laminate), while others need bare subfloor (tile, hardwood). Check your specific product requirements and subfloor condition first. | Q: What tools do I need for this project? A: The exact tools depend on your approach, but most cost tile flooring installed projects need basic measuring and marking tools, safety gear, and the category-specific tools covered in the article above. | Q: How long should I expect this project to take? A: A focused DIYer working weekends should budget 2–3x the time a pro would take. Factor in supply runs, learning curves, and the inevitable re-dos. Better to plan generously than rush.",idea,Daniel Ware
146,2026-08-04,tile-floor,fireplace tile installation,590,82.73,,commercial,Fireplace Tile Installation: Costs and Tips,fireplace-tile-installation-costs-and-tips,From subfloor prep to final trim — a practical guide to fireplace tile installation with real costs and pro tips. Practical tips from real projects.,Flooring & Tile,installation; tile installation; flooring; tile,laminate-hardwood-flooring-installation-pricing-guide-for; laminate-hardwood-flooring-installed-cost-what-to-expect-in-2026; install-hardwood-laminate-flooring-pricing-guide-for-homeowners; roof-tile-inspection-honest-advice-for-your-home; cracked-roof-tile-a-practical-guide,https://www.epa.gov/asbestos; https://www.iccsafe.org/products-and-services/i-codes/2024-i-codes/irc/,"A photorealistic photograph of a professional installing floor tiles in a spacious room with natural light, using a notched trowel to spread thinset, with tile spacers and a level tool visible. The scene is set in a well-lit suburban home. natural lighting, shot on a Canon EOS R5 with a 35mm lens, shallow depth of field, editorial photography style. No text overlays, no watermarks, no logos, no artificial lighting artifacts. The image looks like it was taken by a professional home renovation photographer for an editorial magazine feature.","Q: What's the most durable option for fireplace tile installation? A: Porcelain tile and luxury vinyl plank top the durability charts for most rooms. The right choice depends on your room's moisture exposure, traffic level, and subfloor condition. | Q: What tools do I need for this project? A: The exact tools depend on your approach, but most fireplace tile installation projects need basic measuring and marking tools, safety gear, and the category-specific tools covered in the article above. | Q: What's the most common mistake to avoid? A: Skipping proper preparation is the number-one mistake. Whether it's surface prep, measuring twice, or reading the full instructions first — rushing the setup phase causes most DIY failures.",idea,Daniel Ware
147,2026-08-05,tile-floor,wood flooring repair cost,1300,35.75,,informational,How Much Does Wood Flooring Repair Really Cost?,how-much-does-wood-flooring-repair-really-cost,"Thinking about wood flooring repair cost? Here's what it costs, how long it takes, and whether you should DIY it. Practical tips from real projects.",Flooring & Tile,home repair; tile installation; flooring; cost guide,laminate-hardwood-flooring-installation-pricing-guide-for; laminate-hardwood-flooring-installed-cost-what-to-expect-in-2026; install-hardwood-laminate-flooring-pricing-guide-for-homeowners; roof-tile-inspection-honest-advice-for-your-home; cracked-roof-tile-a-practical-guide,https://www.nwfa.org/; https://www.tcnatile.com/; https://www.epa.gov/lead,"A photorealistic photograph of a professional installing floor tiles in a spacious room with natural light, using a notched trowel to spread thinset, with tile spacers and a level tool visible. The scene is set in a well-lit suburban home. natural lighting, shot on a Canon EOS R5 with a 35mm lens, shallow depth of field, editorial photography style. No text overlays, no watermarks, no logos, no artificial lighting artifacts. The image looks like it was taken by a professional home renovation photographer for an editorial magazine feature.","Q: Can I install wood flooring repair cost over existing flooring? A: Some flooring goes directly over existing surfaces (LVP, laminate), while others need bare subfloor (tile, hardwood). Check your specific product requirements and subfloor condition first. | Q: What tools do I need for this project? A: The exact tools depend on your approach, but most wood flooring repair cost projects need basic measuring and marking tools, safety gear, and the category-specific tools covered in the article above. | Q: How long should I expect this project to take? A: A focused DIYer working weekends should budget 2–3x the time a pro would take. Factor in supply runs, learning curves, and the inevitable re-dos. Better to plan generously than rush.",idea,Daniel Ware
148,2026-08-05,tile-floor,wood flooring marietta,70,94.27,3,transactional,Wood Flooring Marietta: A DIYer's Honest Take,wood-flooring-marietta-a-diyers-honest-take,"Step-by-step guide to wood flooring marietta: material options, installation tips, and honest cost expectations. Practical tips from real projects.",Flooring & Tile,tile installation; flooring; home improvement,laminate-hardwood-flooring-installation-pricing-guide-for; laminate-hardwood-flooring-installed-cost-what-to-expect-in-2026; install-hardwood-laminate-flooring-pricing-guide-for-homeowners; roof-tile-inspection-honest-advice-for-your-home; cracked-roof-tile-a-practical-guide,https://www.nwfa.org/; https://www.tcnatile.com/; https://www.epa.gov/lead,"A photorealistic photograph of a professional installing floor tiles in a spacious room with natural light, using a notched trowel to spread thinset, with tile spacers and a level tool visible. The scene is set in a well-lit suburban home. natural lighting, shot on a Canon EOS R5 with a 35mm lens, shallow depth of field, editorial photography style. No text overlays, no watermarks, no logos, no artificial lighting artifacts. The image looks like it was taken by a professional home renovation photographer for an editorial magazine feature.","Q: Can I install wood flooring marietta over existing flooring? A: Some flooring goes directly over existing surfaces (LVP, laminate), while others need bare subfloor (tile, hardwood). Check your specific product requirements and subfloor condition first. | Q: Can a beginner handle this project? A: With proper research, the right tools, and realistic expectations about timeline, many first-timers succeed. Start with a small area to build confidence before tackling the main project. | Q: How long should I expect this project to take? A: A focused DIYer working weekends should budget 2–3x the time a pro would take. Factor in supply runs, learning curves, and the inevitable re-dos. Better to plan generously than rush.",idea,Daniel Ware
149,2026-08-06,tile-floor,cost to install ceramic flooring,320,40.22,11,informational,Install Ceramic Flooring Pricing Guide for Homeowners,install-ceramic-flooring-pricing-guide-for-homeowners,From subfloor prep to final trim — a practical guide to cost to install ceramic flooring with real costs and pro tips. Practical tips from real projects.,Flooring & Tile,installation; tile installation; flooring; cost guide,laminate-hardwood-flooring-installation-pricing-guide-for; laminate-hardwood-flooring-installed-cost-what-to-expect-in-2026; install-hardwood-laminate-flooring-pricing-guide-for-homeowners; roof-tile-inspection-honest-advice-for-your-home; cracked-roof-tile-a-practical-guide,https://www.epa.gov/asbestos; https://www.iccsafe.org/products-and-services/i-codes/2024-i-codes/irc/; https://www.nwfa.org/,"A photorealistic photograph of a professional installing floor tiles in a spacious room with natural light, using a notched trowel to spread thinset, with tile spacers and a level tool visible. The scene is set in a well-lit suburban home. natural lighting, shot on a Canon EOS R5 with a 35mm lens, shallow depth of field, editorial photography style. No text overlays, no watermarks, no logos, no artificial lighting artifacts. The image looks like it was taken by a professional home renovation photographer for an editorial magazine feature.","Q: Can I install cost to install ceramic flooring over existing flooring? A: Some flooring goes directly over existing surfaces (LVP, laminate), while others need bare subfloor (tile, hardwood). Check your specific product requirements and subfloor condition first. | Q: What tools do I need for this project? A: The exact tools depend on your approach, but most cost to install ceramic flooring projects need basic measuring and marking tools, safety gear, and the category-specific tools covered in the article above. | Q: How long should I expect this project to take? A: A focused DIYer working weekends should budget 2–3x the time a pro would take. Factor in supply runs, learning curves, and the inevitable re-dos. Better to plan generously than rush.",idea,Daniel Ware
150,2026-08-06,tile-floor,tile flooring removal cost,1000,20.14,,informational,Tile Flooring Removal Cost Breakdown: Real Numbers,tile-flooring-removal-cost-breakdown-real-numbers,"Step-by-step guide to tile flooring removal cost: material options, installation tips, and honest cost expectations. Practical tips from real projects.",Flooring & Tile,tile installation; flooring; tile; cost guide,laminate-hardwood-flooring-installation-pricing-guide-for; laminate-hardwood-flooring-installed-cost-what-to-expect-in-2026; install-hardwood-laminate-flooring-pricing-guide-for-homeowners; roof-tile-inspection-honest-advice-for-your-home; cracked-roof-tile-a-practical-guide,https://www.epa.gov/asbestos; https://www.iccsafe.org/products-and-services/i-codes/2024-i-codes/irc/,"A photorealistic photograph of a professional installing floor tiles in a spacious room with natural light, using a notched trowel to spread thinset, with tile spacers and a level tool visible. The scene is set in a well-lit suburban home. natural lighting, shot on a Canon EOS R5 with a 35mm lens, shallow depth of field, editorial photography style. No text overlays, no watermarks, no logos, no artificial lighting artifacts. The image looks like it was taken by a professional home renovation photographer for an editorial magazine feature.","Q: What's the most durable option for tile flooring removal cost? A: Porcelain tile and luxury vinyl plank top the durability charts for most rooms. The right choice depends on your room's moisture exposure, traffic level, and subfloor condition. | Q: Can a beginner handle this project? A: With proper research, the right tools, and realistic expectations about timeline, many first-timers succeed. Start with a small area to build confidence before tackling the main project. | Q: What's the most common mistake to avoid? A: Skipping proper preparation is the number-one mistake. Whether it's surface prep, measuring twice, or reading the full instructions first — rushing the setup phase causes most DIY failures.",idea,Daniel Ware
151,2026-08-07,tile-floor,installing slate tile,140,134.84,,informational,Slate Tile Installation: Costs and Tips,slate-tile-installation-costs-and-tips,From subfloor prep to final trim — a practical guide to installing slate tile with real costs and pro tips. Practical tips from real projects.,Flooring & Tile,installation; tile installation; flooring; tile,fireplace-tile-installation-costs-and-tips; how-much-does-wood-flooring-repair-really-cost; wood-flooring-marietta-a-diyers-honest-take; install-ceramic-flooring-pricing-guide-for-homeowners; tile-flooring-removal-cost-breakdown-real-numbers,https://www.nwfa.org/; https://www.tcnatile.com/,"A photorealistic photograph of a professional installing floor tiles in a spacious room with natural light, using a notched trowel to spread thinset, with tile spacers and a level tool visible. The scene is set in a well-lit suburban home. natural lighting, shot on a Canon EOS R5 with a 35mm lens, shallow depth of field, editorial photography style. No text overlays, no watermarks, no logos, no artificial lighting artifacts. The image looks like it was taken by a professional home renovation photographer for an editorial magazine feature.","Q: What's the most durable option for installing slate tile? A: Porcelain tile and luxury vinyl plank top the durability charts for most rooms. The right choice depends on your room's moisture exposure, traffic level, and subfloor condition. | Q: What tools do I need for this project? A: The exact tools depend on your approach, but most installing slate tile projects need basic measuring and marking tools, safety gear, and the category-specific tools covered in the article above. | Q: What's the most common mistake to avoid? A: Skipping proper preparation is the number-one mistake. Whether it's surface prep, measuring twice, or reading the full instructions first — rushing the setup phase causes most DIY failures.",idea,Daniel Ware
152,2026-08-07,tile-floor,slate tile installation,140,134.84,,commercial,Installing Slate Tile: What to Know First,installing-slate-tile-what-to-know-first,"Thinking about slate tile installation? Here's what it costs, how long it takes, and whether you should DIY it. Practical tips from real projects.",Flooring & Tile,installation; tile installation; flooring; tile,how-much-does-wood-flooring-repair-really-cost; wood-flooring-marietta-a-diyers-honest-take; install-ceramic-flooring-pricing-guide-for-homeowners; tile-flooring-removal-cost-breakdown-real-numbers; slate-tile-installation-costs-and-tips,https://www.tcnatile.com/; https://www.epa.gov/lead; https://www.epa.gov/asbestos,"A photorealistic photograph of a professional installing floor tiles in a spacious room with natural light, using a notched trowel to spread thinset, with tile spacers and a level tool visible. The scene is set in a well-lit suburban home. natural lighting, shot on a Canon EOS R5 with a 35mm lens, shallow depth of field, editorial photography style. No text overlays, no watermarks, no logos, no artificial lighting artifacts. The image looks like it was taken by a professional home renovation photographer for an editorial magazine feature.","Q: Can I install slate tile installation over existing flooring? A: Some flooring goes directly over existing surfaces (LVP, laminate), while others need bare subfloor (tile, hardwood). Check your specific product requirements and subfloor condition first. | Q: What tools do I need for this project? A: The exact tools depend on your approach, but most slate tile installation projects need basic measuring and marking tools, safety gear, and the category-specific tools covered in the article above. | Q: How long should I expect this project to take? A: A focused DIYer working weekends should budget 2–3x the time a pro would take. Factor in supply runs, learning curves, and the inevitable re-dos. Better to plan generously than rush.",idea,Daniel Ware
153,2026-08-08,tile-floor,flooring tiles installation cost,320,17.16,,commercial,Flooring Tiles Installation Cost Breakdown: Real Numbers,flooring-tiles-installation-cost-breakdown-real-numbers,"Step-by-step guide to flooring tiles installation cost: material options, installation tips, and honest cost expectations.",Flooring & Tile,tile installation; tile; flooring; installation; cost guide,wood-flooring-marietta-a-diyers-honest-take; install-ceramic-flooring-pricing-guide-for-homeowners; tile-flooring-removal-cost-breakdown-real-numbers; slate-tile-installation-costs-and-tips; installing-slate-tile-what-to-know-first,https://www.epa.gov/asbestos; https://www.iccsafe.org/products-and-services/i-codes/2024-i-codes/irc/,"A photorealistic photograph of a professional installing floor tiles in a spacious room with natural light, using a notched trowel to spread thinset, with tile spacers and a level tool visible. The scene is set in a well-lit suburban home. natural lighting, shot on a Canon EOS R5 with a 35mm lens, shallow depth of field, editorial photography style. No text overlays, no watermarks, no logos, no artificial lighting artifacts. The image looks like it was taken by a professional home renovation photographer for an editorial magazine feature.","Q: What's the most durable option for flooring tiles installation cost? A: Porcelain tile and luxury vinyl plank top the durability charts for most rooms. The right choice depends on your room's moisture exposure, traffic level, and subfloor condition. | Q: What tools do I need for this project? A: The exact tools depend on your approach, but most flooring tiles installation cost projects need basic measuring and marking tools, safety gear, and the category-specific tools covered in the article above. | Q: What's the most common mistake to avoid? A: Skipping proper preparation is the number-one mistake. Whether it's surface prep, measuring twice, or reading the full instructions first — rushing the setup phase causes most DIY failures.",idea,Daniel Ware
154,2026-08-08,deck-build,deck building permits,6600,8.62,5,informational,The Real Deal on Deck Building Permits,the-real-deal-on-deck-building-permits,"Everything you need for deck building permits: materials, costs, permits, and lessons from actual backyard projects. Practical tips from real projects.",Outdoor & Landscaping,deck building; outdoor projects; landscaping,installing-professional-gutter-what-to-know-first; gutter-guard-installation-per-linear-foot-cost-what-to; composite-roof-repair-guide-what-to-know; how-to-install-board-and-batten-siding-the-right-way; standing-seam-metal-roof-how-installation-costs-and-tips,https://www.strongtie.com/; https://www.epa.gov/watersense,"A photorealistic photograph of a homeowner building a pressure-treated wood deck in a suburban backyard, attaching deck boards with a cordless drill, with a framing square, level, and stacks of lumber visible nearby. The scene is set in a well-lit suburban home. natural lighting, shot on a Canon EOS R5 with a 35mm lens, shallow depth of field, editorial photography style. No text overlays, no watermarks, no logos, no artificial lighting artifacts. The image looks like it was taken by a professional home renovation photographer for an editorial magazine feature.","Q: Do I need a permit for this project? A: Permit requirements vary by municipality. Generally, structures over a certain height or size, anything near property lines, and electrical/plumbing work require permits. Call your local building department to check. | Q: What tools do I need for this project? A: The exact tools depend on your approach, but most deck building permits projects need basic measuring and marking tools, safety gear, and the category-specific tools covered in the article above. | Q: What's the most common mistake to avoid? A: Skipping proper preparation is the number-one mistake. Whether it's surface prep, measuring twice, or reading the full instructions first — rushing the setup phase causes most DIY failures.",idea,Daniel Ware
155,2026-08-09,deck-build,permit for deck building,6600,8.62,,transactional,Permit for Deck Building: A Practical Guide,permit-for-deck-building-a-practical-guide,"Planning permit for deck building? Real costs, material comparisons, and the steps most DIY guides skip. Practical tips from real projects.",Outdoor & Landscaping,deck building; outdoor projects; landscaping,installing-professional-gutter-what-to-know-first; gutter-guard-installation-per-linear-foot-cost-what-to; composite-roof-repair-guide-what-to-know; how-to-install-board-and-batten-siding-the-right-way; standing-seam-metal-roof-how-installation-costs-and-tips,https://www.awc.org/; https://www.strongtie.com/; https://www.epa.gov/watersense,"A photorealistic photograph of a homeowner building a pressure-treated wood deck in a suburban backyard, attaching deck boards with a cordless drill, with a framing square, level, and stacks of lumber visible nearby. The scene is set in a well-lit suburban home. natural lighting, shot on a Canon EOS R5 with a 35mm lens, shallow depth of field, editorial photography style. No text overlays, no watermarks, no logos, no artificial lighting artifacts. The image looks like it was taken by a professional home renovation photographer for an editorial magazine feature.","Q: What's the best time of year for this project? A: Spring and fall offer the best weather for most outdoor projects. Avoid extreme heat, freezing temperatures, and the rainy season in your area. Many contractors offer off-season discounts. | Q: What tools do I need for this project? A: The exact tools depend on your approach, but most permit for deck building projects need basic measuring and marking tools, safety gear, and the category-specific tools covered in the article above. | Q: How long should I expect this project to take? A: A focused DIYer working weekends should budget 2–3x the time a pro would take. Factor in supply runs, learning curves, and the inevitable re-dos. Better to plan generously than rush.",idea,Daniel Ware
156,2026-08-09,deck-build,deck building calculator,12100,3.86,23,informational,Deck Building Calculator: What Homeowners Should Know,deck-building-calculator-what-homeowners-should-know,"Everything you need for deck building calculator: materials, costs, permits, and lessons from actual backyard projects. Practical tips from real projects.",Outdoor & Landscaping,deck building; outdoor projects; landscaping,installing-professional-gutter-what-to-know-first; gutter-guard-installation-per-linear-foot-cost-what-to; composite-roof-repair-guide-what-to-know; how-to-install-board-and-batten-siding-the-right-way; standing-seam-metal-roof-how-installation-costs-and-tips,https://www.awc.org/; https://www.iccsafe.org/products-and-services/i-codes/2024-i-codes/irc/,"A photorealistic photograph of a homeowner building a pressure-treated wood deck in a suburban backyard, attaching deck boards with a cordless drill, with a framing square, level, and stacks of lumber visible nearby. The scene is set in a well-lit suburban home. natural lighting, shot on a Canon EOS R5 with a 35mm lens, shallow depth of field, editorial photography style. No text overlays, no watermarks, no logos, no artificial lighting artifacts. The image looks like it was taken by a professional home renovation photographer for an editorial magazine feature.","Q: Do I need a permit for this project? A: Permit requirements vary by municipality. Generally, structures over a certain height or size, anything near property lines, and electrical/plumbing work require permits. Call your local building department to check. | Q: What tools do I need for this project? A: The exact tools depend on your approach, but most deck building calculator projects need basic measuring and marking tools, safety gear, and the category-specific tools covered in the article above. | Q: What's the most common mistake to avoid? A: Skipping proper preparation is the number-one mistake. Whether it's surface prep, measuring twice, or reading the full instructions first — rushing the setup phase causes most DIY failures.",idea,Daniel Ware
157,2026-08-10,deck-build,deck building permit requirements,1600,25.18,,informational,The Real Deal on Deck Building Permit Requirements,the-real-deal-on-deck-building-permit-requirements,"Planning deck building permit requirements? Real costs, material comparisons, and the steps most DIY guides skip. Practical tips from real projects.",Outdoor & Landscaping,deck building; outdoor projects; landscaping,installing-professional-gutter-what-to-know-first; gutter-guard-installation-per-linear-foot-cost-what-to; composite-roof-repair-guide-what-to-know; how-to-install-board-and-batten-siding-the-right-way; standing-seam-metal-roof-how-installation-costs-and-tips,https://www.strongtie.com/; https://www.epa.gov/watersense; https://www.aarp.org/livable-communities/housing/,"A photorealistic photograph of a homeowner building a pressure-treated wood deck in a suburban backyard, attaching deck boards with a cordless drill, with a framing square, level, and stacks of lumber visible nearby. The scene is set in a well-lit suburban home. natural lighting, shot on a Canon EOS R5 with a 35mm lens, shallow depth of field, editorial photography style. No text overlays, no watermarks, no logos, no artificial lighting artifacts. The image looks like it was taken by a professional home renovation photographer for an editorial magazine feature.","Q: What's the best time of year for this project? A: Spring and fall offer the best weather for most outdoor projects. Avoid extreme heat, freezing temperatures, and the rainy season in your area. Many contractors offer off-season discounts. | Q: What tools do I need for this project? A: The exact tools depend on your approach, but most deck building permit requirements projects need basic measuring and marking tools, safety gear, and the category-specific tools covered in the article above. | Q: How long should I expect this project to take? A: A focused DIYer working weekends should budget 2–3x the time a pro would take. Factor in supply runs, learning curves, and the inevitable re-dos. Better to plan generously than rush.",idea,Daniel Ware
158,2026-08-10,deck-build,deck building cost calculator,590,4.78,1,informational,Deck Building Cost: What to Expect in 2026,deck-building-cost-what-to-expect-in-2026,"A hands-on guide to deck building cost calculator with actual project costs, timelines, and what to watch out for. Practical tips from real projects.",Outdoor & Landscaping,deck building; outdoor projects; landscaping; cost guide,installing-professional-gutter-what-to-know-first; gutter-guard-installation-per-linear-foot-cost-what-to; composite-roof-repair-guide-what-to-know; how-to-install-board-and-batten-siding-the-right-way; standing-seam-metal-roof-how-installation-costs-and-tips,https://www.strongtie.com/; https://www.epa.gov/watersense,"A photorealistic photograph of a homeowner building a pressure-treated wood deck in a suburban backyard, attaching deck boards with a cordless drill, with a framing square, level, and stacks of lumber visible nearby. The scene is set in a well-lit suburban home. natural lighting, shot on a Canon EOS R5 with a 35mm lens, shallow depth of field, editorial photography style. No text overlays, no watermarks, no logos, no artificial lighting artifacts. The image looks like it was taken by a professional home renovation photographer for an editorial magazine feature.","Q: Do I need a permit for this project? A: Permit requirements vary by municipality. Generally, structures over a certain height or size, anything near property lines, and electrical/plumbing work require permits. Call your local building department to check. | Q: What tools do I need for this project? A: The exact tools depend on your approach, but most deck building cost calculator projects need basic measuring and marking tools, safety gear, and the category-specific tools covered in the article above. | Q: What's the most common mistake to avoid? A: Skipping proper preparation is the number-one mistake. Whether it's surface prep, measuring twice, or reading the full instructions first — rushing the setup phase causes most DIY failures.",idea,Daniel Ware
159,2026-08-11,deck-build,deck building contractors,6600,6.41,30,commercial,Hiring a Deck Building Contractor: Red Flags and Tips,hiring-a-deck-building-contractor-red-flags-and-tips,"Planning deck building contractors? Real costs, material comparisons, and the steps most DIY guides skip. Practical tips from real projects.",Outdoor & Landscaping,deck building; outdoor projects; landscaping,installing-professional-gutter-what-to-know-first; gutter-guard-installation-per-linear-foot-cost-what-to; composite-roof-repair-guide-what-to-know; how-to-install-board-and-batten-siding-the-right-way; standing-seam-metal-roof-how-installation-costs-and-tips,https://www.strongtie.com/; https://www.epa.gov/watersense,"A photorealistic photograph of a homeowner building a pressure-treated wood deck in a suburban backyard, attaching deck boards with a cordless drill, with a framing square, level, and stacks of lumber visible nearby. The scene is set in a well-lit suburban home. natural lighting, shot on a Canon EOS R5 with a 35mm lens, shallow depth of field, editorial photography style. No text overlays, no watermarks, no logos, no artificial lighting artifacts. The image looks like it was taken by a professional home renovation photographer for an editorial magazine feature.","Q: Do I need a permit for this project? A: Permit requirements vary by municipality. Generally, structures over a certain height or size, anything near property lines, and electrical/plumbing work require permits. Call your local building department to check. | Q: What tools do I need for this project? A: The exact tools depend on your approach, but most deck building contractors projects need basic measuring and marking tools, safety gear, and the category-specific tools covered in the article above. | Q: What's the most common mistake to avoid? A: Skipping proper preparation is the number-one mistake. Whether it's surface prep, measuring twice, or reading the full instructions first — rushing the setup phase causes most DIY failures.",idea,Daniel Ware
160,2026-08-11,deck-build,deck building contractor,6600,6.41,30,commercial,Hiring a Deck Building Contractor: Red Flags and Tips,hiring-a-deck-building-contractor-red-flags-and-tips,"Everything you need for deck building contractor: materials, costs, permits, and lessons from actual backyard projects. Practical tips from real projects.",Outdoor & Landscaping,deck building; outdoor projects; landscaping,gutter-guard-installation-per-linear-foot-cost-what-to; composite-roof-repair-guide-what-to-know; how-to-install-board-and-batten-siding-the-right-way; standing-seam-metal-roof-how-installation-costs-and-tips,https://www.epa.gov/watersense; https://www.aarp.org/livable-communities/housing/; https://www.awc.org/,"A photorealistic photograph of a homeowner building a pressure-treated wood deck in a suburban backyard, attaching deck boards with a cordless drill, with a framing square, level, and stacks of lumber visible nearby. The scene is set in a well-lit suburban home. natural lighting, shot on a Canon EOS R5 with a 35mm lens, shallow depth of field, editorial photography style. No text overlays, no watermarks, no logos, no artificial lighting artifacts. The image looks like it was taken by a professional home renovation photographer for an editorial magazine feature.","Q: What's the best time of year for this project? A: Spring and fall offer the best weather for most outdoor projects. Avoid extreme heat, freezing temperatures, and the rainy season in your area. Many contractors offer off-season discounts. | Q: What tools do I need for this project? A: The exact tools depend on your approach, but most deck building contractor projects need basic measuring and marking tools, safety gear, and the category-specific tools covered in the article above. | Q: How long should I expect this project to take? A: A focused DIYer working weekends should budget 2–3x the time a pro would take. Factor in supply runs, learning curves, and the inevitable re-dos. Better to plan generously than rush.",idea,Daniel Ware
161,2026-08-12,deck-build,composite deck building,1000,7.15,9,commercial,Composite Deck Building: A DIYer's Honest Take,composite-deck-building-a-diyers-honest-take,"A hands-on guide to composite deck building with actual project costs, timelines, and what to watch out for. Practical tips from real projects.",Outdoor & Landscaping,deck building; outdoor projects; landscaping,deck-building-calculator-what-homeowners-should-know; the-real-deal-on-deck-building-permit-requirements; deck-building-cost-what-to-expect-in-2026; hiring-a-deck-building-contractor-red-flags-and-tips; hiring-a-deck-building-contractor-red-flags-and-tips,https://www.aarp.org/livable-communities/housing/; https://www.awc.org/; https://www.iccsafe.org/products-and-services/i-codes/2024-i-codes/irc/,"A photorealistic photograph of a homeowner building a pressure-treated wood deck in a suburban backyard, attaching deck boards with a cordless drill, with a framing square, level, and stacks of lumber visible nearby. The scene is set in a well-lit suburban home. natural lighting, shot on a Canon EOS R5 with a 35mm lens, shallow depth of field, editorial photography style. No text overlays, no watermarks, no logos, no artificial lighting artifacts. The image looks like it was taken by a professional home renovation photographer for an editorial magazine feature.","Q: What's the best time of year for this project? A: Spring and fall offer the best weather for most outdoor projects. Avoid extreme heat, freezing temperatures, and the rainy season in your area. Many contractors offer off-season discounts. | Q: What tools do I need for this project? A: The exact tools depend on your approach, but most composite deck building projects need basic measuring and marking tools, safety gear, and the category-specific tools covered in the article above. | Q: How long should I expect this project to take? A: A focused DIYer working weekends should budget 2–3x the time a pro would take. Factor in supply runs, learning curves, and the inevitable re-dos. Better to plan generously than rush.",idea,Daniel Ware
162,2026-08-12,deck-build,building a deck with composite decking,1000,7.15,9,informational,Building a Deck with Composite Decking: A DIYer's Honest Take,building-a-deck-with-composite-decking-a-diyers-honest-take,"A hands-on guide to building a deck with composite decking with actual project costs, timelines, and what to watch out for.",Outdoor & Landscaping,deck building; outdoor projects; landscaping,the-real-deal-on-deck-building-permit-requirements; deck-building-cost-what-to-expect-in-2026; hiring-a-deck-building-contractor-red-flags-and-tips; hiring-a-deck-building-contractor-red-flags-and-tips; composite-deck-building-a-diyers-honest-take,https://www.aarp.org/livable-communities/housing/; https://www.awc.org/,"A photorealistic photograph of a homeowner building a pressure-treated wood deck in a suburban backyard, attaching deck boards with a cordless drill, with a framing square, level, and stacks of lumber visible nearby. The scene is set in a well-lit suburban home. natural lighting, shot on a Canon EOS R5 with a 35mm lens, shallow depth of field, editorial photography style. No text overlays, no watermarks, no logos, no artificial lighting artifacts. The image looks like it was taken by a professional home renovation photographer for an editorial magazine feature.","Q: Do I need a permit for this project? A: Permit requirements vary by municipality. Generally, structures over a certain height or size, anything near property lines, and electrical/plumbing work require permits. Call your local building department to check. | Q: What tools do I need for this project? A: The exact tools depend on your approach, but most building a deck with composite decking projects need basic measuring and marking tools, safety gear, and the category-specific tools covered in the article above. | Q: What's the most common mistake to avoid? A: Skipping proper preparation is the number-one mistake. Whether it's surface prep, measuring twice, or reading the full instructions first — rushing the setup phase causes most DIY failures.",idea,Daniel Ware
163,2026-08-13,deck-build,custom deck building,1000,12.41,21,commercial,The Real Deal on Custom Deck Building,the-real-deal-on-custom-deck-building,"Planning custom deck building? Real costs, material comparisons, and the steps most DIY guides skip. Practical tips from real projects.",Outdoor & Landscaping,deck building; outdoor projects; landscaping,deck-building-cost-what-to-expect-in-2026; hiring-a-deck-building-contractor-red-flags-and-tips; hiring-a-deck-building-contractor-red-flags-and-tips; composite-deck-building-a-diyers-honest-take; building-a-deck-with-composite-decking-a-diyers-honest-take,https://www.strongtie.com/; https://www.epa.gov/watersense; https://www.aarp.org/livable-communities/housing/,"A photorealistic photograph of a homeowner building a pressure-treated wood deck in a suburban backyard, attaching deck boards with a cordless drill, with a framing square, level, and stacks of lumber visible nearby. The scene is set in a well-lit suburban home. natural lighting, shot on a Canon EOS R5 with a 35mm lens, shallow depth of field, editorial photography style. No text overlays, no watermarks, no logos, no artificial lighting artifacts. The image looks like it was taken by a professional home renovation photographer for an editorial magazine feature.","Q: What's the best time of year for this project? A: Spring and fall offer the best weather for most outdoor projects. Avoid extreme heat, freezing temperatures, and the rainy season in your area. Many contractors offer off-season discounts. | Q: What tools do I need for this project? A: The exact tools depend on your approach, but most custom deck building projects need basic measuring and marking tools, safety gear, and the category-specific tools covered in the article above. | Q: How long should I expect this project to take? A: A focused DIYer working weekends should budget 2–3x the time a pro would take. Factor in supply runs, learning curves, and the inevitable re-dos. Better to plan generously than rush.",idea,Daniel Ware
164,2026-08-13,hiring-permits,whole house remodel contractors,880,34.65,1,commercial,Hiring a Whole House Remodel Contractor: Red Flags and Tips,hiring-a-whole-house-remodel-contractor-red-flags-and-tips,"A no-fluff guide to whole house remodel contractors with real material costs, labor estimates, and the mistakes to skip.",Kitchen & Bath Remodeling,bathroom remodel; kitchen remodel; home improvement,bathroom-vanity-installation-cost; master-bathroom-remodel-cost; walk-in-shower-remodel-cost; small-bathroom-remodel-cost; plumbing-toilet-repair-diy-or-call-a-pro,https://www.tcnatile.com/; https://www.iccsafe.org/products-and-services/i-codes/2024-i-codes/irc/; https://www.nfpa.org/codes-and-standards/nfpa-70-standard-development/70,"A photorealistic photograph of bathroom fixtures laid out on a clean countertop including a brushed nickel faucet, handles, a towel bar, and mounting hardware, with installation instructions visible. The scene is set in a well-lit suburban home. natural lighting, shot on a Canon EOS R5 with a 35mm lens, shallow depth of field, editorial photography style. No text overlays, no watermarks, no logos, no artificial lighting artifacts. The image looks like it was taken by a professional home renovation photographer for an editorial magazine feature.","Q: Is whole house remodel contractors worth the investment? A: Most homeowners recoup 60–70% of whole house remodel contractors costs at resale, and the daily comfort improvement is significant. Focus on quality basics over luxury upgrades for the best return. | Q: What tools do I need for this project? A: The exact tools depend on your approach, but most whole house remodel contractors projects need basic measuring and marking tools, safety gear, and the category-specific tools covered in the article above. | Q: How long should I expect this project to take? A: A focused DIYer working weekends should budget 2–3x the time a pro would take. Factor in supply runs, learning curves, and the inevitable re-dos. Better to plan generously than rush.",idea,Daniel Ware
165,2026-08-14,hiring-permits,deck building permit cost,720,10.5,6,informational,Deck Building Permit Cost Breakdown: Real Numbers,deck-building-permit-cost-breakdown-real-numbers,"Budget smarter for deck building permit cost. Real prices, trade-offs between DIY and pro, and where to save without regret.",Budget & Planning,deck building; home improvement cost; budget renovation; cost guide,bathroom-remodel-cost-breakdown; bathroom-remodel-return-on-investment; bathroom-remodel-cost-estimate; diy-bathroom-remodel-cost; water-proofing-services-a-diyers-honest-take,https://www.iccsafe.org/products-and-services/i-codes/2024-i-codes/irc/; https://www.consumerfinance.gov/,"A photorealistic photograph of a homeowner building a pressure-treated wood deck in a suburban backyard, attaching deck boards with a cordless drill, with a framing square, level, and stacks of lumber visible nearby. The scene is set in a well-lit suburban home. natural lighting, shot on a Canon EOS R5 with a 35mm lens, shallow depth of field, editorial photography style. No text overlays, no watermarks, no logos, no artificial lighting artifacts. The image looks like it was taken by a professional home renovation photographer for an editorial magazine feature.","Q: What's the biggest hidden cost in this project? A: Permit fees, unexpected structural issues, and temporary living adjustments often surprise homeowners. Budget 10–20% above your estimate for contingencies. | Q: What tools do I need for this project? A: The exact tools depend on your approach, but most deck building permit cost projects need basic measuring and marking tools, safety gear, and the category-specific tools covered in the article above. | Q: What's the most common mistake to avoid? A: Skipping proper preparation is the number-one mistake. Whether it's surface prep, measuring twice, or reading the full instructions first — rushing the setup phase causes most DIY failures.",idea,Daniel Ware
166,2026-08-14,hiring-permits,contractors to remodel kitchen,210,22.29,14,commercial,Hiring a Remodel Kitchen Contractor: Red Flags and Tips,hiring-a-remodel-kitchen-contractor-red-flags-and-tips,"Considering contractors to remodel kitchen? Here are the actual numbers, common pitfalls, and what most guides leave out.",Kitchen & Bath Remodeling,kitchen; bathroom remodel; kitchen remodel,bathroom-vanity-installation-cost; master-bathroom-remodel-cost; walk-in-shower-remodel-cost; small-bathroom-remodel-cost; plumbing-toilet-repair-diy-or-call-a-pro,https://www.nfpa.org/codes-and-standards/nfpa-70-standard-development/70; https://www.epa.gov/lead; https://www.epa.gov/watersense,"A photorealistic photograph of a kitchen mid-renovation with new cabinets partially installed, exposed plumbing visible, a miter saw on the floor, and natural light from a window over the sink area. The scene is set in a well-lit suburban home. natural lighting, shot on a Canon EOS R5 with a 35mm lens, shallow depth of field, editorial photography style. No text overlays, no watermarks, no logos, no artificial lighting artifacts. The image looks like it was taken by a professional home renovation photographer for an editorial magazine feature.","Q: Is contractors to remodel kitchen worth the investment? A: Most homeowners recoup 60–70% of contractors to remodel kitchen costs at resale, and the daily comfort improvement is significant. Focus on quality basics over luxury upgrades for the best return. | Q: What tools do I need for this project? A: The exact tools depend on your approach, but most contractors to remodel kitchen projects need basic measuring and marking tools, safety gear, and the category-specific tools covered in the article above. | Q: How long should I expect this project to take? A: A focused DIYer working weekends should budget 2–3x the time a pro would take. Factor in supply runs, learning curves, and the inevitable re-dos. Better to plan generously than rush.",idea,Daniel Ware
167,2026-08-15,hiring-permits,contractor to remodel kitchen,210,22.29,18,commercial,Hiring a Remodel Kitchen Contractor: Red Flags and Tips,hiring-a-remodel-kitchen-contractor-red-flags-and-tips,"Considering contractor to remodel kitchen? Here are the actual numbers, common pitfalls, and what most guides leave out.",Kitchen & Bath Remodeling,kitchen; bathroom remodel; kitchen remodel,master-bathroom-remodel-cost; walk-in-shower-remodel-cost; small-bathroom-remodel-cost; plumbing-toilet-repair-diy-or-call-a-pro,https://www.nfpa.org/codes-and-standards/nfpa-70-standard-development/70; https://www.epa.gov/lead; https://www.epa.gov/watersense,"A photorealistic photograph of a kitchen mid-renovation with new cabinets partially installed, exposed plumbing visible, a miter saw on the floor, and natural light from a window over the sink area. The scene is set in a well-lit suburban home. natural lighting, shot on a Canon EOS R5 with a 35mm lens, shallow depth of field, editorial photography style. No text overlays, no watermarks, no logos, no artificial lighting artifacts. The image looks like it was taken by a professional home renovation photographer for an editorial magazine feature.","Q: Is contractor to remodel kitchen worth the investment? A: Most homeowners recoup 60–70% of contractor to remodel kitchen costs at resale, and the daily comfort improvement is significant. Focus on quality basics over luxury upgrades for the best return. | Q: What tools do I need for this project? A: The exact tools depend on your approach, but most contractor to remodel kitchen projects need basic measuring and marking tools, safety gear, and the category-specific tools covered in the article above. | Q: How long should I expect this project to take? A: A focused DIYer working weekends should budget 2–3x the time a pro would take. Factor in supply runs, learning curves, and the inevitable re-dos. Better to plan generously than rush.",idea,Daniel Ware
168,2026-08-15,remodel-cost,modern home improvements,110,63.56,1,commercial,Modern Home Improvements: What Homeowners Should Know,modern-home-improvements-what-homeowners-should-know,"Budget smarter for modern home improvements. Real prices, trade-offs between DIY and pro, and where to save without regret.",Budget & Planning,home improvement cost; budget renovation; home improvement,bathroom-remodel-financing-options; bathroom-remodel-timeline; bathroom-remodel-return-on-investment; water-proofing-services-a-diyers-honest-take; deck-building-permit-cost-breakdown-real-numbers,https://www.consumerfinance.gov/; https://www.remodeling.hw.net/cost-vs-value/2025/; https://www.consumer.ftc.gov/articles/hiring-contractor,"A photorealistic photograph of color-coded material samples arranged on a table including tile samples, paint swatches, flooring pieces, and hardware options, with price tags visible on each. The scene is set in a well-lit suburban home. natural lighting, shot on a Canon EOS R5 with a 35mm lens, shallow depth of field, editorial photography style. No text overlays, no watermarks, no logos, no artificial lighting artifacts. The image looks like it was taken by a professional home renovation photographer for an editorial magazine feature.","Q: How can I reduce costs without cutting corners? A: Do your own demolition, source materials during sales, keep the existing layout to avoid plumbing/electrical moves, and save the pro budget for the work that matters most. | Q: Can a beginner handle this project? A: With proper research, the right tools, and realistic expectations about timeline, many first-timers succeed. Start with a small area to build confidence before tackling the main project. | Q: How long should I expect this project to take? A: A focused DIYer working weekends should budget 2–3x the time a pro would take. Factor in supply runs, learning curves, and the inevitable re-dos. Better to plan generously than rush.",idea,Daniel Ware
169,2026-08-16,remodel-cost,cost to replace concrete slab,140,50.76,2,informational,Replace Concrete Slab Cost Breakdown: Real Numbers,replace-concrete-slab-cost-breakdown-real-numbers,"How much does cost to replace concrete slab really cost? Line-by-line budget with labor, materials, and hidden expenses.",Budget & Planning,home improvement cost; budget renovation; cost guide,bathroom-remodel-financing-options; bathroom-remodel-timeline; bathroom-remodel-return-on-investment; water-proofing-services-a-diyers-honest-take; deck-building-permit-cost-breakdown-real-numbers,https://www.consumerfinance.gov/; https://www.remodeling.hw.net/cost-vs-value/2025/,"A photorealistic photograph of a concrete surface being refinished with a worker using a concrete grinder on a patio slab, dust collection hose attached, and freshly ground smooth sections contrasting with the rough original. The scene is set in a well-lit suburban home. natural lighting, shot on a Canon EOS R5 with a 35mm lens, shallow depth of field, editorial photography style. No text overlays, no watermarks, no logos, no artificial lighting artifacts. The image looks like it was taken by a professional home renovation photographer for an editorial magazine feature.","Q: What's the biggest hidden cost in this project? A: Permit fees, unexpected structural issues, and temporary living adjustments often surprise homeowners. Budget 10–20% above your estimate for contingencies. | Q: What tools do I need for this project? A: The exact tools depend on your approach, but most cost to replace concrete slab projects need basic measuring and marking tools, safety gear, and the category-specific tools covered in the article above. | Q: What's the most common mistake to avoid? A: Skipping proper preparation is the number-one mistake. Whether it's surface prep, measuring twice, or reading the full instructions first — rushing the setup phase causes most DIY failures.",idea,Daniel Ware
170,2026-08-16,remodel-cost,concrete slab replacement cost,140,50.76,2,informational,How Much Does Concrete Slab Replacement Really Cost?,how-much-does-concrete-slab-replacement-really-cost,"How much does concrete slab replacement cost really cost? Line-by-line budget with labor, materials, and hidden expenses.",Budget & Planning,home improvement cost; budget renovation; cost guide,bathroom-remodel-financing-options; bathroom-remodel-timeline; bathroom-remodel-return-on-investment; water-proofing-services-a-diyers-honest-take; deck-building-permit-cost-breakdown-real-numbers,https://www.bls.gov/; https://www.consumerfinance.gov/; https://www.remodeling.hw.net/cost-vs-value/2025/,"A photorealistic photograph of a concrete surface being refinished with a worker using a concrete grinder on a patio slab, dust collection hose attached, and freshly ground smooth sections contrasting with the rough original. The scene is set in a well-lit suburban home. natural lighting, shot on a Canon EOS R5 with a 35mm lens, shallow depth of field, editorial photography style. No text overlays, no watermarks, no logos, no artificial lighting artifacts. The image looks like it was taken by a professional home renovation photographer for an editorial magazine feature.","Q: How can I reduce costs without cutting corners? A: Do your own demolition, source materials during sales, keep the existing layout to avoid plumbing/electrical moves, and save the pro budget for the work that matters most. | Q: What tools do I need for this project? A: The exact tools depend on your approach, but most concrete slab replacement cost projects need basic measuring and marking tools, safety gear, and the category-specific tools covered in the article above. | Q: How long should I expect this project to take? A: A focused DIYer working weekends should budget 2–3x the time a pro would take. Factor in supply runs, learning curves, and the inevitable re-dos. Better to plan generously than rush.",idea,Daniel Ware
171,2026-08-17,remodel-cost,how much to charge to install sod,90,82.11,4,informational,Charge Install Sod Pricing Guide for Homeowners,charge-install-sod-pricing-guide-for-homeowners,Honest cost breakdown for how much to charge to install sod. Real numbers from actual projects — not contractor marketing fluff.,Budget & Planning,home improvement cost; budget renovation; installation,bathroom-remodel-financing-options; bathroom-remodel-timeline; bathroom-remodel-return-on-investment; water-proofing-services-a-diyers-honest-take; deck-building-permit-cost-breakdown-real-numbers,https://www.consumerfinance.gov/; https://www.remodeling.hw.net/cost-vs-value/2025/; https://www.consumer.ftc.gov/articles/hiring-contractor,"A photorealistic photograph of a homeowner sitting at a kitchen table reviewing renovation plans with blueprints spread out, a laptop showing a spreadsheet, paint swatches, and a calculator, natural afternoon light. The scene is set in a well-lit suburban home. natural lighting, shot on a Canon EOS R5 with a 35mm lens, shallow depth of field, editorial photography style. No text overlays, no watermarks, no logos, no artificial lighting artifacts. The image looks like it was taken by a professional home renovation photographer for an editorial magazine feature.","Q: How can I reduce costs without cutting corners? A: Do your own demolition, source materials during sales, keep the existing layout to avoid plumbing/electrical moves, and save the pro budget for the work that matters most. | Q: What tools do I need for this project? A: The exact tools depend on your approach, but most how much to charge to install sod projects need basic measuring and marking tools, safety gear, and the category-specific tools covered in the article above. | Q: How long should I expect this project to take? A: A focused DIYer working weekends should budget 2–3x the time a pro would take. Factor in supply runs, learning curves, and the inevitable re-dos. Better to plan generously than rush.",idea,Daniel Ware
172,2026-08-17,remodel-cost,custom made windows and doors,720,61.97,45,commercial,Custom Made Windows and Doors: Honest Advice for Your Home,custom-made-windows-and-doors-honest-advice-for-your-home,Honest cost breakdown for custom made windows and doors. Real numbers from actual projects — not contractor marketing fluff.,Budget & Planning,home improvement cost; doors; windows; budget renovation,bathroom-remodel-financing-options; bathroom-remodel-timeline; bathroom-remodel-return-on-investment; water-proofing-services-a-diyers-honest-take; deck-building-permit-cost-breakdown-real-numbers,https://www.iccsafe.org/products-and-services/i-codes/2024-i-codes/irc/; https://www.bls.gov/,"A photorealistic photograph of a replacement window being installed in a residential home, with the old window removed showing the rough opening, foam insulation being sprayed around the frame, and the new vinyl double-hung window ready to be set. The scene is set in a well-lit suburban home. natural lighting, shot on a Canon EOS R5 with a 35mm lens, shallow depth of field, editorial photography style. No text overlays, no watermarks, no logos, no artificial lighting artifacts. The image looks like it was taken by a professional home renovation photographer for an editorial magazine feature.","Q: What's the biggest hidden cost in this project? A: Permit fees, unexpected structural issues, and temporary living adjustments often surprise homeowners. Budget 10–20% above your estimate for contingencies. | Q: Can a beginner handle this project? A: With proper research, the right tools, and realistic expectations about timeline, many first-timers succeed. Start with a small area to build confidence before tackling the main project. | Q: What's the most common mistake to avoid? A: Skipping proper preparation is the number-one mistake. Whether it's surface prep, measuring twice, or reading the full instructions first — rushing the setup phase causes most DIY failures.",idea,Daniel Ware
173,2026-08-18,remodel-cost,fair price carpets,140,34.5,4,commercial,Fair Carpets Cost: What to Expect in 2026,fair-carpets-cost-what-to-expect-in-2026,Honest cost breakdown for fair price carpets. Real numbers from actual projects — not contractor marketing fluff. Practical tips from real projects.,Budget & Planning,home improvement cost; budget renovation; home improvement,modern-home-improvements-what-homeowners-should-know; replace-concrete-slab-cost-breakdown-real-numbers; how-much-does-concrete-slab-replacement-really-cost; charge-install-sod-pricing-guide-for-homeowners; custom-made-windows-and-doors-honest-advice-for-your-home,https://www.bls.gov/; https://www.consumerfinance.gov/,"A photorealistic photograph of a room with new carpet being stretched using a carpet stretcher and knee kicker, with the carpet padding visible at the edges and tack strips along the wall. The scene is set in a well-lit suburban home. natural lighting, shot on a Canon EOS R5 with a 35mm lens, shallow depth of field, editorial photography style. No text overlays, no watermarks, no logos, no artificial lighting artifacts. The image looks like it was taken by a professional home renovation photographer for an editorial magazine feature.","Q: What's the biggest hidden cost in this project? A: Permit fees, unexpected structural issues, and temporary living adjustments often surprise homeowners. Budget 10–20% above your estimate for contingencies. | Q: Can a beginner handle this project? A: With proper research, the right tools, and realistic expectations about timeline, many first-timers succeed. Start with a small area to build confidence before tackling the main project. | Q: What's the most common mistake to avoid? A: Skipping proper preparation is the number-one mistake. Whether it's surface prep, measuring twice, or reading the full instructions first — rushing the setup phase causes most DIY failures.",idea,Daniel Ware
174,2026-08-18,remodel-cost,gas valve replacement cost,260,66.58,,informational,Gas Valve Replacement Cost Breakdown: Real Numbers,gas-valve-replacement-cost-breakdown-real-numbers,"Budget smarter for gas valve replacement cost. Real prices, trade-offs between DIY and pro, and where to save without regret.",Budget & Planning,home improvement cost; budget renovation; cost guide,replace-concrete-slab-cost-breakdown-real-numbers; how-much-does-concrete-slab-replacement-really-cost; charge-install-sod-pricing-guide-for-homeowners; custom-made-windows-and-doors-honest-advice-for-your-home; fair-carpets-cost-what-to-expect-in-2026,https://www.remodeling.hw.net/cost-vs-value/2025/; https://www.consumer.ftc.gov/articles/hiring-contractor,"A photorealistic photograph of color-coded material samples arranged on a table including tile samples, paint swatches, flooring pieces, and hardware options, with price tags visible on each. The scene is set in a well-lit suburban home. natural lighting, shot on a Canon EOS R5 with a 35mm lens, shallow depth of field, editorial photography style. No text overlays, no watermarks, no logos, no artificial lighting artifacts. The image looks like it was taken by a professional home renovation photographer for an editorial magazine feature.","Q: What's the biggest hidden cost in this project? A: Permit fees, unexpected structural issues, and temporary living adjustments often surprise homeowners. Budget 10–20% above your estimate for contingencies. | Q: What tools do I need for this project? A: The exact tools depend on your approach, but most gas valve replacement cost projects need basic measuring and marking tools, safety gear, and the category-specific tools covered in the article above. | Q: What's the most common mistake to avoid? A: Skipping proper preparation is the number-one mistake. Whether it's surface prep, measuring twice, or reading the full instructions first — rushing the setup phase causes most DIY failures.",idea,Daniel Ware
175,2026-08-19,remodel-cost,pex repipe cost,320,51.77,,informational,How Much Does Pex Repipe Really Cost?,how-much-does-pex-repipe-really-cost,"Budget smarter for pex repipe cost. Real prices, trade-offs between DIY and pro, and where to save without regret. Practical tips from real projects.",Budget & Planning,home improvement cost; budget renovation; cost guide,how-much-does-concrete-slab-replacement-really-cost; charge-install-sod-pricing-guide-for-homeowners; custom-made-windows-and-doors-honest-advice-for-your-home; fair-carpets-cost-what-to-expect-in-2026; gas-valve-replacement-cost-breakdown-real-numbers,https://www.iccsafe.org/products-and-services/i-codes/2024-i-codes/irc/; https://www.bls.gov/; https://www.consumerfinance.gov/,"A photorealistic photograph of a homeowner working under a kitchen sink with a wrench adjusting PVC drain fittings, a flashlight illuminating the work area, plumber's tape and pipe fittings spread on the cabinet floor. The scene is set in a well-lit suburban home. natural lighting, shot on a Canon EOS R5 with a 35mm lens, shallow depth of field, editorial photography style. No text overlays, no watermarks, no logos, no artificial lighting artifacts. The image looks like it was taken by a professional home renovation photographer for an editorial magazine feature.","Q: How can I reduce costs without cutting corners? A: Do your own demolition, source materials during sales, keep the existing layout to avoid plumbing/electrical moves, and save the pro budget for the work that matters most. | Q: Can a beginner handle this project? A: With proper research, the right tools, and realistic expectations about timeline, many first-timers succeed. Start with a small area to build confidence before tackling the main project. | Q: How long should I expect this project to take? A: A focused DIYer working weekends should budget 2–3x the time a pro would take. Factor in supply runs, learning curves, and the inevitable re-dos. Better to plan generously than rush.",idea,Daniel Ware
176,2026-08-19,remodel-cost,ac condenser installation cost,70,52.08,9,commercial,Ac Condenser Installation Cost Breakdown: Real Numbers,ac-condenser-installation-cost-breakdown-real-numbers,"How much does ac condenser installation cost really cost? Line-by-line budget with labor, materials, and hidden expenses.",Budget & Planning,home improvement cost; cost guide; budget renovation; installation,charge-install-sod-pricing-guide-for-homeowners; custom-made-windows-and-doors-honest-advice-for-your-home; fair-carpets-cost-what-to-expect-in-2026; gas-valve-replacement-cost-breakdown-real-numbers; how-much-does-pex-repipe-really-cost,https://www.iccsafe.org/products-and-services/i-codes/2024-i-codes/irc/; https://www.bls.gov/,"A photorealistic photograph of a clipboard with a renovation cost estimate on a workbench next to a tape measure, pencil, and material samples, with a partially renovated room visible behind. The scene is set in a well-lit suburban home. natural lighting, shot on a Canon EOS R5 with a 35mm lens, shallow depth of field, editorial photography style. No text overlays, no watermarks, no logos, no artificial lighting artifacts. The image looks like it was taken by a professional home renovation photographer for an editorial magazine feature.","Q: What's the biggest hidden cost in this project? A: Permit fees, unexpected structural issues, and temporary living adjustments often surprise homeowners. Budget 10–20% above your estimate for contingencies. | Q: What tools do I need for this project? A: The exact tools depend on your approach, but most ac condenser installation cost projects need basic measuring and marking tools, safety gear, and the category-specific tools covered in the article above. | Q: What's the most common mistake to avoid? A: Skipping proper preparation is the number-one mistake. Whether it's surface prep, measuring twice, or reading the full instructions first — rushing the setup phase causes most DIY failures.",idea,Daniel Ware
177,2026-08-20,remodel-cost,ceiling grid installation cost,70,108.03,,informational,Ceiling Grid Installation Cost: What to Expect in 2026,ceiling-grid-installation-cost-what-to-expect-in-2026,"How much does ceiling grid installation cost really cost? Line-by-line budget with labor, materials, and hidden expenses.",Budget & Planning,home improvement cost; installation; budget renovation; cost guide,custom-made-windows-and-doors-honest-advice-for-your-home; fair-carpets-cost-what-to-expect-in-2026; gas-valve-replacement-cost-breakdown-real-numbers; how-much-does-pex-repipe-really-cost; ac-condenser-installation-cost-breakdown-real-numbers,https://www.consumerfinance.gov/; https://www.remodeling.hw.net/cost-vs-value/2025/,"A photorealistic photograph of a clipboard with a renovation cost estimate on a workbench next to a tape measure, pencil, and material samples, with a partially renovated room visible behind. The scene is set in a well-lit suburban home. natural lighting, shot on a Canon EOS R5 with a 35mm lens, shallow depth of field, editorial photography style. No text overlays, no watermarks, no logos, no artificial lighting artifacts. The image looks like it was taken by a professional home renovation photographer for an editorial magazine feature.","Q: What's the biggest hidden cost in this project? A: Permit fees, unexpected structural issues, and temporary living adjustments often surprise homeowners. Budget 10–20% above your estimate for contingencies. | Q: What tools do I need for this project? A: The exact tools depend on your approach, but most ceiling grid installation cost projects need basic measuring and marking tools, safety gear, and the category-specific tools covered in the article above. | Q: What's the most common mistake to avoid? A: Skipping proper preparation is the number-one mistake. Whether it's surface prep, measuring twice, or reading the full instructions first — rushing the setup phase causes most DIY failures.",idea,Daniel Ware
178,2026-08-20,bathroom-remodel,salle de bains renovation,1000,59.92,,commercial,Salle De Bains Renovation: What Homeowners Should Know,salle-de-bains-renovation-what-homeowners-should-know,"A no-fluff guide to salle de bains renovation with real material costs, labor estimates, and the mistakes to skip. Practical tips from real projects.",Kitchen & Bath Remodeling,bathroom remodel; kitchen remodel; home improvement,bathroom-vanity-installation-cost; walk-in-shower-remodel-cost; plumbing-toilet-repair-diy-or-call-a-pro; hiring-a-whole-house-remodel-contractor-red-flags-and-tips; hiring-a-remodel-kitchen-contractor-red-flags-and-tips,https://www.tcnatile.com/; https://www.iccsafe.org/products-and-services/i-codes/2024-i-codes/irc/,"A photorealistic photograph of bathroom fixtures laid out on a clean countertop including a brushed nickel faucet, handles, a towel bar, and mounting hardware, with installation instructions visible. The scene is set in a well-lit suburban home. natural lighting, shot on a Canon EOS R5 with a 35mm lens, shallow depth of field, editorial photography style. No text overlays, no watermarks, no logos, no artificial lighting artifacts. The image looks like it was taken by a professional home renovation photographer for an editorial magazine feature.","Q: How much does salle de bains renovation cost on average? A: A mid-range salle de bains renovation project typically runs $5,000–$15,000 depending on materials and whether you hire a contractor. Get three local quotes for the best estimate. | Q: Can a beginner handle this project? A: With proper research, the right tools, and realistic expectations about timeline, many first-timers succeed. Start with a small area to build confidence before tackling the main project. | Q: What's the most common mistake to avoid? A: Skipping proper preparation is the number-one mistake. Whether it's surface prep, measuring twice, or reading the full instructions first — rushing the setup phase causes most DIY failures.",idea,Daniel Ware
179,2026-08-21,bathroom-remodel,how to install water shut off valve for toilet,50,73.18,1,informational,How to Install Water Shut Off Valve for Toilet the Right Way,how-to-install-water-shut-off-valve-for-toilet-the-right-way,"Considering how to install water shut off valve for toilet? Here are the actual numbers, common pitfalls, and what most guides leave out.",Kitchen & Bath Remodeling,water damage; bathroom remodel; kitchen remodel; installation,bathroom-vanity-installation-cost; walk-in-shower-remodel-cost; plumbing-toilet-repair-diy-or-call-a-pro; hiring-a-whole-house-remodel-contractor-red-flags-and-tips; hiring-a-remodel-kitchen-contractor-red-flags-and-tips,https://www.tcnatile.com/; https://www.iccsafe.org/products-and-services/i-codes/2024-i-codes/irc/,"A photorealistic photograph of a bright kitchen mid-renovation showing progress with new shaker cabinets on one wall and bare studs on the other, a level and drill on the counter, blue painter's tape along trim. The scene is set in a well-lit suburban home. natural lighting, shot on a Canon EOS R5 with a 35mm lens, shallow depth of field, editorial photography style. No text overlays, no watermarks, no logos, no artificial lighting artifacts. The image looks like it was taken by a professional home renovation photographer for an editorial magazine feature.","Q: How much does how to install water shut off valve for toilet cost on average? A: A mid-range how to install water shut off valve for toilet project typically runs $5,000–$15,000 depending on materials and whether you hire a contractor. Get three local quotes for the best estimate. | Q: What tools do I need for this project? A: The exact tools depend on your approach, but most how to install water shut off valve for toilet projects need basic measuring and marking tools, safety gear, and the category-specific tools covered in the article above. | Q: What's the most common mistake to avoid? A: Skipping proper preparation is the number-one mistake. Whether it's surface prep, measuring twice, or reading the full instructions first — rushing the setup phase causes most DIY failures.",idea,Daniel Ware
180,2026-08-21,bathroom-remodel,westside kitchen and bath,480,67.95,,commercial,Westside Kitchen and Bath: What Homeowners Should Know,westside-kitchen-and-bath-what-homeowners-should-know,"Real costs, realistic timelines, and practical steps for westside kitchen and bath. Written by a homeowner who's been through it.",Kitchen & Bath Remodeling,kitchen; bathroom remodel; kitchen remodel,budget-bathroom-remodel-ideas; master-bathroom-remodel-cost; small-bathroom-remodel-cost; salle-de-bains-renovation-what-homeowners-should-know; how-to-install-water-shut-off-valve-for-toilet-the-right-way,https://www.tcnatile.com/; https://www.iccsafe.org/products-and-services/i-codes/2024-i-codes/irc/,"A photorealistic photograph of a kitchen mid-renovation with new cabinets partially installed, exposed plumbing visible, a miter saw on the floor, and natural light from a window over the sink area. The scene is set in a well-lit suburban home. natural lighting, shot on a Canon EOS R5 with a 35mm lens, shallow depth of field, editorial photography style. No text overlays, no watermarks, no logos, no artificial lighting artifacts. The image looks like it was taken by a professional home renovation photographer for an editorial magazine feature.","Q: How much does westside kitchen and bath cost on average? A: A mid-range westside kitchen and bath project typically runs $5,000–$15,000 depending on materials and whether you hire a contractor. Get three local quotes for the best estimate. | Q: Can a beginner handle this project? A: With proper research, the right tools, and realistic expectations about timeline, many first-timers succeed. Start with a small area to build confidence before tackling the main project. | Q: What's the most common mistake to avoid? A: Skipping proper preparation is the number-one mistake. Whether it's surface prep, measuring twice, or reading the full instructions first — rushing the setup phase causes most DIY failures.",idea,Daniel Ware
181,2026-08-22,bathroom-remodel,kitchen renovation company,720,48.12,25,commercial,Finding Good Kitchen Renovation Contractors Near You,finding-good-kitchen-renovation-contractors-near-you,"A no-fluff guide to kitchen renovation company with real material costs, labor estimates, and the mistakes to skip. Practical tips from real projects.",Kitchen & Bath Remodeling,kitchen; bathroom remodel; kitchen remodel,master-bathroom-remodel-cost; small-bathroom-remodel-cost; salle-de-bains-renovation-what-homeowners-should-know; how-to-install-water-shut-off-valve-for-toilet-the-right-way; westside-kitchen-and-bath-what-homeowners-should-know,https://www.tcnatile.com/; https://www.iccsafe.org/products-and-services/i-codes/2024-i-codes/irc/,"A photorealistic photograph of a kitchen mid-renovation with new cabinets partially installed, exposed plumbing visible, a miter saw on the floor, and natural light from a window over the sink area. The scene is set in a well-lit suburban home. natural lighting, shot on a Canon EOS R5 with a 35mm lens, shallow depth of field, editorial photography style. No text overlays, no watermarks, no logos, no artificial lighting artifacts. The image looks like it was taken by a professional home renovation photographer for an editorial magazine feature.","Q: How much does kitchen renovation company cost on average? A: A mid-range kitchen renovation company project typically runs $5,000–$15,000 depending on materials and whether you hire a contractor. Get three local quotes for the best estimate. | Q: Can a beginner handle this project? A: With proper research, the right tools, and realistic expectations about timeline, many first-timers succeed. Start with a small area to build confidence before tackling the main project. | Q: What's the most common mistake to avoid? A: Skipping proper preparation is the number-one mistake. Whether it's surface prep, measuring twice, or reading the full instructions first — rushing the setup phase causes most DIY failures.",idea,Daniel Ware
182,2026-08-22,bathroom-remodel,kitchen bathroom remodel contractors,1300,23.57,28,commercial,Hiring a Kitchen Bathroom Remodel Contractor: Red Flags and Tips,hiring-a-kitchen-bathroom-remodel-contractor-red-flags-and-tips,"A no-fluff guide to kitchen bathroom remodel contractors with real material costs, labor estimates, and the mistakes to skip.",Kitchen & Bath Remodeling,kitchen; bathroom remodel; bathroom; kitchen remodel,small-bathroom-remodel-cost; salle-de-bains-renovation-what-homeowners-should-know; how-to-install-water-shut-off-valve-for-toilet-the-right-way; westside-kitchen-and-bath-what-homeowners-should-know; finding-good-kitchen-renovation-contractors-near-you,https://www.tcnatile.com/; https://www.iccsafe.org/products-and-services/i-codes/2024-i-codes/irc/; https://www.nfpa.org/codes-and-standards/nfpa-70-standard-development/70,"A photorealistic photograph of a bathroom mid-renovation with partially installed white subway tile, new fixtures still in packaging nearby, blue painter's tape on the edges, and a level tool resting on the vanity. The scene is set in a well-lit suburban home. natural lighting, shot on a Canon EOS R5 with a 35mm lens, shallow depth of field, editorial photography style. No text overlays, no watermarks, no logos, no artificial lighting artifacts. The image looks like it was taken by a professional home renovation photographer for an editorial magazine feature.","Q: Is kitchen bathroom remodel contractors worth the investment? A: Most homeowners recoup 60–70% of kitchen bathroom remodel contractors costs at resale, and the daily comfort improvement is significant. Focus on quality basics over luxury upgrades for the best return. | Q: What tools do I need for this project? A: The exact tools depend on your approach, but most kitchen bathroom remodel contractors projects need basic measuring and marking tools, safety gear, and the category-specific tools covered in the article above. | Q: How long should I expect this project to take? A: A focused DIYer working weekends should budget 2–3x the time a pro would take. Factor in supply runs, learning curves, and the inevitable re-dos. Better to plan generously than rush.",idea,Daniel Ware
183,2026-08-23,bathroom-remodel,cost of painting kitchen cabinets,2400,8.96,,informational,Painting Kitchen Cabinets Cost: What to Expect in 2026,painting-kitchen-cabinets-cost-what-to-expect-in-2026,"Real costs, realistic timelines, and practical steps for cost of painting kitchen cabinets. Written by a homeowner who's been through it.",Kitchen & Bath Remodeling,cabinets; painting; bathroom remodel; kitchen remodel; kitchen; cost guide,salle-de-bains-renovation-what-homeowners-should-know; how-to-install-water-shut-off-valve-for-toilet-the-right-way; westside-kitchen-and-bath-what-homeowners-should-know; finding-good-kitchen-renovation-contractors-near-you; hiring-a-kitchen-bathroom-remodel-contractor-red-flags-and-tips,https://www.nfpa.org/codes-and-standards/nfpa-70-standard-development/70; https://www.epa.gov/lead,"A photorealistic photograph of kitchen cabinets being installed with a carpenter using a level to align white shaker-style upper cabinets, clamps holding them in place, and a drill on the countertop. The scene is set in a well-lit suburban home. natural lighting, shot on a Canon EOS R5 with a 35mm lens, shallow depth of field, editorial photography style. No text overlays, no watermarks, no logos, no artificial lighting artifacts. The image looks like it was taken by a professional home renovation photographer for an editorial magazine feature.","Q: How much does cost of painting kitchen cabinets cost on average? A: A mid-range cost of painting kitchen cabinets project typically runs $5,000–$15,000 depending on materials and whether you hire a contractor. Get three local quotes for the best estimate. | Q: Can a beginner handle this project? A: With proper research, the right tools, and realistic expectations about timeline, many first-timers succeed. Start with a small area to build confidence before tackling the main project. | Q: What's the most common mistake to avoid? A: Skipping proper preparation is the number-one mistake. Whether it's surface prep, measuring twice, or reading the full instructions first — rushing the setup phase causes most DIY failures.",idea,Daniel Ware
184,2026-08-23,bathroom-remodel,home additions and renovations,140,51.23,8,informational,Home Additions and Renovations: What Homeowners Should Know,home-additions-and-renovations-what-homeowners-should-know,"Considering home additions and renovations? Here are the actual numbers, common pitfalls, and what most guides leave out.",Kitchen & Bath Remodeling,bathroom remodel; kitchen remodel; home improvement,how-to-install-water-shut-off-valve-for-toilet-the-right-way; westside-kitchen-and-bath-what-homeowners-should-know; finding-good-kitchen-renovation-contractors-near-you; hiring-a-kitchen-bathroom-remodel-contractor-red-flags-and-tips; painting-kitchen-cabinets-cost-what-to-expect-in-2026,https://www.tcnatile.com/; https://www.iccsafe.org/products-and-services/i-codes/2024-i-codes/irc/; https://www.nfpa.org/codes-and-standards/nfpa-70-standard-development/70,"A photorealistic photograph of a bright kitchen mid-renovation showing progress with new shaker cabinets on one wall and bare studs on the other, a level and drill on the counter, blue painter's tape along trim. The scene is set in a well-lit suburban home. natural lighting, shot on a Canon EOS R5 with a 35mm lens, shallow depth of field, editorial photography style. No text overlays, no watermarks, no logos, no artificial lighting artifacts. The image looks like it was taken by a professional home renovation photographer for an editorial magazine feature.","Q: Is home additions and renovations worth the investment? A: Most homeowners recoup 60–70% of home additions and renovations costs at resale, and the daily comfort improvement is significant. Focus on quality basics over luxury upgrades for the best return. | Q: Can a beginner handle this project? A: With proper research, the right tools, and realistic expectations about timeline, many first-timers succeed. Start with a small area to build confidence before tackling the main project. | Q: How long should I expect this project to take? A: A focused DIYer working weekends should budget 2–3x the time a pro would take. Factor in supply runs, learning curves, and the inevitable re-dos. Better to plan generously than rush.",idea,Daniel Ware
185,2026-08-24,bathroom-remodel,kitchen renovation services,590,54.19,43,commercial,The Real Deal on Kitchen Renovation Services,the-real-deal-on-kitchen-renovation-services,"Real costs, realistic timelines, and practical steps for kitchen renovation services. Written by a homeowner who's been through it.",Kitchen & Bath Remodeling,kitchen; bathroom remodel; kitchen remodel,westside-kitchen-and-bath-what-homeowners-should-know; finding-good-kitchen-renovation-contractors-near-you; hiring-a-kitchen-bathroom-remodel-contractor-red-flags-and-tips; painting-kitchen-cabinets-cost-what-to-expect-in-2026; home-additions-and-renovations-what-homeowners-should-know,https://www.nfpa.org/codes-and-standards/nfpa-70-standard-development/70; https://www.epa.gov/lead; https://www.epa.gov/watersense,"A photorealistic photograph of a kitchen mid-renovation with new cabinets partially installed, exposed plumbing visible, a miter saw on the floor, and natural light from a window over the sink area. The scene is set in a well-lit suburban home. natural lighting, shot on a Canon EOS R5 with a 35mm lens, shallow depth of field, editorial photography style. No text overlays, no watermarks, no logos, no artificial lighting artifacts. The image looks like it was taken by a professional home renovation photographer for an editorial magazine feature.","Q: Is kitchen renovation services worth the investment? A: Most homeowners recoup 60–70% of kitchen renovation services costs at resale, and the daily comfort improvement is significant. Focus on quality basics over luxury upgrades for the best return. | Q: Can a beginner handle this project? A: With proper research, the right tools, and realistic expectations about timeline, many first-timers succeed. Start with a small area to build confidence before tackling the main project. | Q: How long should I expect this project to take? A: A focused DIYer working weekends should budget 2–3x the time a pro would take. Factor in supply runs, learning curves, and the inevitable re-dos. Better to plan generously than rush.",idea,Daniel Ware
186,2026-08-24,bathroom-remodel,sustainable home renovation,260,34.59,13,informational,Sustainable Home Renovation: What Homeowners Should Know,sustainable-home-renovation-what-homeowners-should-know,"Considering sustainable home renovation? Here are the actual numbers, common pitfalls, and what most guides leave out. Practical tips from real projects.",Kitchen & Bath Remodeling,bathroom remodel; kitchen remodel; home improvement,finding-good-kitchen-renovation-contractors-near-you; hiring-a-kitchen-bathroom-remodel-contractor-red-flags-and-tips; painting-kitchen-cabinets-cost-what-to-expect-in-2026; home-additions-and-renovations-what-homeowners-should-know; the-real-deal-on-kitchen-renovation-services,https://www.tcnatile.com/; https://www.iccsafe.org/products-and-services/i-codes/2024-i-codes/irc/,"A photorealistic photograph of a bright bedroom being freshly painted with a roller applying warm gray paint to one wall, crisp blue painter's tape along the trim, a drop cloth on the hardwood floor, and a paint tray nearby. The scene is set in a well-lit suburban home. natural lighting, shot on a Canon EOS R5 with a 35mm lens, shallow depth of field, editorial photography style. No text overlays, no watermarks, no logos, no artificial lighting artifacts. The image looks like it was taken by a professional home renovation photographer for an editorial magazine feature.","Q: How much does sustainable home renovation cost on average? A: A mid-range sustainable home renovation project typically runs $5,000–$15,000 depending on materials and whether you hire a contractor. Get three local quotes for the best estimate. | Q: Can a beginner handle this project? A: With proper research, the right tools, and realistic expectations about timeline, many first-timers succeed. Start with a small area to build confidence before tackling the main project. | Q: What's the most common mistake to avoid? A: Skipping proper preparation is the number-one mistake. Whether it's surface prep, measuring twice, or reading the full instructions first — rushing the setup phase causes most DIY failures.",idea,Daniel Ware
187,2026-08-25,bathroom-remodel,bathroom remodeling salem,90,76.36,10,commercial,Bathroom Remodeling Salem: What Homeowners Should Know,bathroom-remodeling-salem-what-homeowners-should-know,"Real costs, realistic timelines, and practical steps for bathroom remodeling salem. Written by a homeowner who's been through it.",Kitchen & Bath Remodeling,bathroom remodel; bathroom; kitchen remodel,hiring-a-kitchen-bathroom-remodel-contractor-red-flags-and-tips; painting-kitchen-cabinets-cost-what-to-expect-in-2026; home-additions-and-renovations-what-homeowners-should-know; the-real-deal-on-kitchen-renovation-services; sustainable-home-renovation-what-homeowners-should-know,https://www.tcnatile.com/; https://www.iccsafe.org/products-and-services/i-codes/2024-i-codes/irc/; https://www.nfpa.org/codes-and-standards/nfpa-70-standard-development/70,"A photorealistic photograph of a bathroom mid-renovation with partially installed white subway tile, new fixtures still in packaging nearby, blue painter's tape on the edges, and a level tool resting on the vanity. The scene is set in a well-lit suburban home. natural lighting, shot on a Canon EOS R5 with a 35mm lens, shallow depth of field, editorial photography style. No text overlays, no watermarks, no logos, no artificial lighting artifacts. The image looks like it was taken by a professional home renovation photographer for an editorial magazine feature.","Q: Is bathroom remodeling salem worth the investment? A: Most homeowners recoup 60–70% of bathroom remodeling salem costs at resale, and the daily comfort improvement is significant. Focus on quality basics over luxury upgrades for the best return. | Q: What tools do I need for this project? A: The exact tools depend on your approach, but most bathroom remodeling salem projects need basic measuring and marking tools, safety gear, and the category-specific tools covered in the article above. | Q: How long should I expect this project to take? A: A focused DIYer working weekends should budget 2–3x the time a pro would take. Factor in supply runs, learning curves, and the inevitable re-dos. Better to plan generously than rush.",idea,Daniel Ware
188,2026-08-25,power-tools,install 240v breaker,110,132.19,1,informational,Installing 240v Breaker: What to Know First,installing-240v-breaker-what-to-know-first,"A no-nonsense guide to install 240v breaker: what to buy, what to skip, and what actually matters for home projects. Practical tips from real projects.",Tools & Materials,tools; building materials; installation,painting-kitchen-cabinets-cost-what-to-expect-in-2026; home-additions-and-renovations-what-homeowners-should-know; the-real-deal-on-kitchen-renovation-services; sustainable-home-renovation-what-homeowners-should-know; bathroom-remodeling-salem-what-homeowners-should-know,https://www.ul.com/; https://www.ansi.org/,"A photorealistic photograph of a collection of essential home improvement tools arranged neatly on a workshop table — cordless drill, circular saw, level, speed square, utility knife, and safety glasses. The scene is set in a well-lit suburban home. natural lighting, shot on a Canon EOS R5 with a 35mm lens, shallow depth of field, editorial photography style. No text overlays, no watermarks, no logos, no artificial lighting artifacts. The image looks like it was taken by a professional home renovation photographer for an editorial magazine feature.","Q: What should I buy first on a limited budget? A: Start with a quality cordless drill/driver, a good tape measure, a level, safety glasses, and a utility knife. These five tools cover 80% of basic home projects. | Q: What tools do I need for this project? A: The exact tools depend on your approach, but most install 240v breaker projects need basic measuring and marking tools, safety gear, and the category-specific tools covered in the article above. | Q: What's the most common mistake to avoid? A: Skipping proper preparation is the number-one mistake. Whether it's surface prep, measuring twice, or reading the full instructions first — rushing the setup phase causes most DIY failures.",idea,Daniel Ware
189,2026-08-26,power-tools,how to install compression fitting,320,85.46,,informational,How to Install Compression Fitting the Right Way,how-to-install-compression-fitting-the-right-way,"A no-nonsense guide to how to install compression fitting: what to buy, what to skip, and what actually matters for home projects.",Tools & Materials,tools; building materials; installation,painting-kitchen-cabinets-cost-what-to-expect-in-2026; home-additions-and-renovations-what-homeowners-should-know; the-real-deal-on-kitchen-renovation-services; sustainable-home-renovation-what-homeowners-should-know; bathroom-remodeling-salem-what-homeowners-should-know,https://www.cpsc.gov/; https://www.ul.com/,"A photorealistic photograph of a collection of essential home improvement tools arranged neatly on a workshop table — cordless drill, circular saw, level, speed square, utility knife, and safety glasses. The scene is set in a well-lit suburban home. natural lighting, shot on a Canon EOS R5 with a 35mm lens, shallow depth of field, editorial photography style. No text overlays, no watermarks, no logos, no artificial lighting artifacts. The image looks like it was taken by a professional home renovation photographer for an editorial magazine feature.","Q: What should I buy first on a limited budget? A: Start with a quality cordless drill/driver, a good tape measure, a level, safety glasses, and a utility knife. These five tools cover 80% of basic home projects. | Q: What tools do I need for this project? A: The exact tools depend on your approach, but most how to install compression fitting projects need basic measuring and marking tools, safety gear, and the category-specific tools covered in the article above. | Q: What's the most common mistake to avoid? A: Skipping proper preparation is the number-one mistake. Whether it's surface prep, measuring twice, or reading the full instructions first — rushing the setup phase causes most DIY failures.",idea,Daniel Ware
190,2026-08-26,power-tools,how to install psql,390,38.12,12,informational,How to Install Psql: Step-by-Step Guide,how-to-install-psql-step-by-step-guide,Honest picks for how to install psql — what's worth the money and what's marketing hype. Tested in real projects. Practical tips from real projects.,Tools & Materials,tools; building materials; installation,painting-kitchen-cabinets-cost-what-to-expect-in-2026; home-additions-and-renovations-what-homeowners-should-know; the-real-deal-on-kitchen-renovation-services; sustainable-home-renovation-what-homeowners-should-know; bathroom-remodeling-salem-what-homeowners-should-know,https://www.ul.com/; https://www.ansi.org/,"A photorealistic photograph of a well-organized garage workshop with a pegboard full of labeled tools, a clean workbench with a vise, overhead LED lighting, and material storage shelves. The scene is set in a well-lit suburban home. natural lighting, shot on a Canon EOS R5 with a 35mm lens, shallow depth of field, editorial photography style. No text overlays, no watermarks, no logos, no artificial lighting artifacts. The image looks like it was taken by a professional home renovation photographer for an editorial magazine feature.","Q: What should I buy first on a limited budget? A: Start with a quality cordless drill/driver, a good tape measure, a level, safety glasses, and a utility knife. These five tools cover 80% of basic home projects. | Q: What tools do I need for this project? A: The exact tools depend on your approach, but most how to install psql projects need basic measuring and marking tools, safety gear, and the category-specific tools covered in the article above. | Q: What's the most common mistake to avoid? A: Skipping proper preparation is the number-one mistake. Whether it's surface prep, measuring twice, or reading the full instructions first — rushing the setup phase causes most DIY failures.",idea,Daniel Ware
191,2026-08-27,power-tools,smart home system installation,480,44.51,,commercial,Smart Home System Installation Guide: DIY or Hire Out?,smart-home-system-installation-guide-diy-or-hire-out,Cut through the noise on smart home system installation. Real reviews and recommendations from hundreds of hours of project work.,Tools & Materials,tools; building materials; installation,essential-tools-for-home-renovation; installing-240v-breaker-what-to-know-first; how-to-install-compression-fitting-the-right-way; how-to-install-psql-step-by-step-guide; flooded-home-repair-diy-or-call-a-pro,https://www.ul.com/; https://www.ansi.org/; https://www.epa.gov/lead,"A photorealistic photograph of a homeowner's tool belt and safety gear laid out on a workbench including safety glasses, ear protection, work gloves, a dust mask, and a loaded tool belt. The scene is set in a well-lit suburban home. natural lighting, shot on a Canon EOS R5 with a 35mm lens, shallow depth of field, editorial photography style. No text overlays, no watermarks, no logos, no artificial lighting artifacts. The image looks like it was taken by a professional home renovation photographer for an editorial magazine feature.","Q: Is it worth buying premium tools? A: For tools you'll use often (drill, circular saw), buy mid-range or better. For specialty tools you'll use once or twice, rent or buy budget versions. | Q: What tools do I need for this project? A: The exact tools depend on your approach, but most smart home system installation projects need basic measuring and marking tools, safety gear, and the category-specific tools covered in the article above. | Q: How long should I expect this project to take? A: A focused DIYer working weekends should budget 2–3x the time a pro would take. Factor in supply runs, learning curves, and the inevitable re-dos. Better to plan generously than rush.",idea,Daniel Ware
192,2026-08-27,power-tools,how to install home ac compressor,50,37.06,1,informational,How to Install Home Ac Compressor: Step-by-Step Guide,how-to-install-home-ac-compressor-step-by-step-guide,Honest picks for how to install home ac compressor — what's worth the money and what's marketing hype. Tested in real projects.,Tools & Materials,tools; building materials; installation,installing-240v-breaker-what-to-know-first; how-to-install-compression-fitting-the-right-way; how-to-install-psql-step-by-step-guide; smart-home-system-installation-guide-diy-or-hire-out; flooded-home-repair-diy-or-call-a-pro,https://www.osha.gov/; https://www.cpsc.gov/; https://www.ul.com/,"A photorealistic photograph of a well-organized garage workshop with a pegboard full of labeled tools, a clean workbench with a vise, overhead LED lighting, and material storage shelves. The scene is set in a well-lit suburban home. natural lighting, shot on a Canon EOS R5 with a 35mm lens, shallow depth of field, editorial photography style. No text overlays, no watermarks, no logos, no artificial lighting artifacts. The image looks like it was taken by a professional home renovation photographer for an editorial magazine feature.","Q: Is it worth buying premium tools? A: For tools you'll use often (drill, circular saw), buy mid-range or better. For specialty tools you'll use once or twice, rent or buy budget versions. | Q: What tools do I need for this project? A: The exact tools depend on your approach, but most how to install home ac compressor projects need basic measuring and marking tools, safety gear, and the category-specific tools covered in the article above. | Q: How long should I expect this project to take? A: A focused DIYer working weekends should budget 2–3x the time a pro would take. Factor in supply runs, learning curves, and the inevitable re-dos. Better to plan generously than rush.",idea,Daniel Ware
193,2026-08-28,power-tools,how to install team,170,45.51,17,informational,How to Install Team: Step-by-Step Guide,how-to-install-team-step-by-step-guide,Honest picks for how to install team — what's worth the money and what's marketing hype. Tested in real projects. Practical tips from real projects.,Tools & Materials,tools; building materials; installation,how-to-install-compression-fitting-the-right-way; how-to-install-psql-step-by-step-guide; smart-home-system-installation-guide-diy-or-hire-out; how-to-install-home-ac-compressor-step-by-step-guide; flooded-home-repair-diy-or-call-a-pro,https://www.ul.com/; https://www.ansi.org/,"A photorealistic photograph of a well-organized garage workshop with a pegboard full of labeled tools, a clean workbench with a vise, overhead LED lighting, and material storage shelves. The scene is set in a well-lit suburban home. natural lighting, shot on a Canon EOS R5 with a 35mm lens, shallow depth of field, editorial photography style. No text overlays, no watermarks, no logos, no artificial lighting artifacts. The image looks like it was taken by a professional home renovation photographer for an editorial magazine feature.","Q: What should I buy first on a limited budget? A: Start with a quality cordless drill/driver, a good tape measure, a level, safety glasses, and a utility knife. These five tools cover 80% of basic home projects. | Q: What tools do I need for this project? A: The exact tools depend on your approach, but most how to install team projects need basic measuring and marking tools, safety gear, and the category-specific tools covered in the article above. | Q: What's the most common mistake to avoid? A: Skipping proper preparation is the number-one mistake. Whether it's surface prep, measuring twice, or reading the full instructions first — rushing the setup phase causes most DIY failures.",idea,Daniel Ware
194,2026-08-28,power-tools,how to install smoke detectors,170,41.33,21,informational,How to Install Smoke Detectors the Right Way,how-to-install-smoke-detectors-the-right-way,"A no-nonsense guide to how to install smoke detectors: what to buy, what to skip, and what actually matters for home projects.",Tools & Materials,tools; building materials; installation,how-to-install-psql-step-by-step-guide; smart-home-system-installation-guide-diy-or-hire-out; how-to-install-home-ac-compressor-step-by-step-guide; how-to-install-team-step-by-step-guide; flooded-home-repair-diy-or-call-a-pro,https://www.epa.gov/lead; https://www.osha.gov/,"A photorealistic photograph of a collection of essential home improvement tools arranged neatly on a workshop table — cordless drill, circular saw, level, speed square, utility knife, and safety glasses. The scene is set in a well-lit suburban home. natural lighting, shot on a Canon EOS R5 with a 35mm lens, shallow depth of field, editorial photography style. No text overlays, no watermarks, no logos, no artificial lighting artifacts. The image looks like it was taken by a professional home renovation photographer for an editorial magazine feature.","Q: What should I buy first on a limited budget? A: Start with a quality cordless drill/driver, a good tape measure, a level, safety glasses, and a utility knife. These five tools cover 80% of basic home projects. | Q: What tools do I need for this project? A: The exact tools depend on your approach, but most how to install smoke detectors projects need basic measuring and marking tools, safety gear, and the category-specific tools covered in the article above. | Q: What's the most common mistake to avoid? A: Skipping proper preparation is the number-one mistake. Whether it's surface prep, measuring twice, or reading the full instructions first — rushing the setup phase causes most DIY failures.",idea,Daniel Ware
195,2026-08-29,power-tools,interior installation services,70,72.91,,commercial,Interior Services Installation Guide: DIY or Hire Out?,interior-services-installation-guide-diy-or-hire-out,Cut through the noise on interior installation services. Real reviews and recommendations from hundreds of hours of project work.,Tools & Materials,tools; building materials; installation,how-to-install-psql-step-by-step-guide; smart-home-system-installation-guide-diy-or-hire-out; how-to-install-home-ac-compressor-step-by-step-guide; how-to-install-team-step-by-step-guide; how-to-install-smoke-detectors-the-right-way,https://www.osha.gov/; https://www.cpsc.gov/; https://www.ul.com/,"A photorealistic photograph of a homeowner's tool belt and safety gear laid out on a workbench including safety glasses, ear protection, work gloves, a dust mask, and a loaded tool belt. The scene is set in a well-lit suburban home. natural lighting, shot on a Canon EOS R5 with a 35mm lens, shallow depth of field, editorial photography style. No text overlays, no watermarks, no logos, no artificial lighting artifacts. The image looks like it was taken by a professional home renovation photographer for an editorial magazine feature.","Q: Is it worth buying premium tools? A: For tools you'll use often (drill, circular saw), buy mid-range or better. For specialty tools you'll use once or twice, rent or buy budget versions. | Q: What tools do I need for this project? A: The exact tools depend on your approach, but most interior installation services projects need basic measuring and marking tools, safety gear, and the category-specific tools covered in the article above. | Q: How long should I expect this project to take? A: A focused DIYer working weekends should budget 2–3x the time a pro would take. Factor in supply runs, learning curves, and the inevitable re-dos. Better to plan generously than rush.",idea,Daniel Ware
196,2026-08-29,countertop,cost of granite countertop installation,5400,4.74,,informational,Granite Countertop Installation Pricing Guide for Homeowners,granite-countertop-installation-pricing-guide-for-homeowners,"Considering cost of granite countertop installation? Here are the actual numbers, common pitfalls, and what most guides leave out.",Kitchen & Bath Remodeling,countertops; bathroom remodel; kitchen remodel; installation; cost guide,painting-kitchen-cabinets-cost-what-to-expect-in-2026; home-additions-and-renovations-what-homeowners-should-know; the-real-deal-on-kitchen-renovation-services; sustainable-home-renovation-what-homeowners-should-know; bathroom-remodeling-salem-what-homeowners-should-know,https://www.epa.gov/watersense; https://www.tcnatile.com/; https://www.iccsafe.org/products-and-services/i-codes/2024-i-codes/irc/,"A photorealistic photograph of a bright kitchen mid-renovation showing progress with new shaker cabinets on one wall and bare studs on the other, a level and drill on the counter, blue painter's tape along trim. The scene is set in a well-lit suburban home. natural lighting, shot on a Canon EOS R5 with a 35mm lens, shallow depth of field, editorial photography style. No text overlays, no watermarks, no logos, no artificial lighting artifacts. The image looks like it was taken by a professional home renovation photographer for an editorial magazine feature.","Q: Is cost of granite countertop installation worth the investment? A: Most homeowners recoup 60–70% of cost of granite countertop installation costs at resale, and the daily comfort improvement is significant. Focus on quality basics over luxury upgrades for the best return. | Q: What tools do I need for this project? A: The exact tools depend on your approach, but most cost of granite countertop installation projects need basic measuring and marking tools, safety gear, and the category-specific tools covered in the article above. | Q: How long should I expect this project to take? A: A focused DIYer working weekends should budget 2–3x the time a pro would take. Factor in supply runs, learning curves, and the inevitable re-dos. Better to plan generously than rush.",idea,Daniel Ware
197,2026-08-30,countertop,granite countertop install cost,5400,4.74,,informational,Granite Countertop Install Cost Breakdown: Real Numbers,granite-countertop-install-cost-breakdown-real-numbers,"Real costs, realistic timelines, and practical steps for granite countertop install cost. Written by a homeowner who's been through it.",Kitchen & Bath Remodeling,countertops; bathroom remodel; kitchen remodel; installation; cost guide,painting-kitchen-cabinets-cost-what-to-expect-in-2026; home-additions-and-renovations-what-homeowners-should-know; the-real-deal-on-kitchen-renovation-services; sustainable-home-renovation-what-homeowners-should-know; bathroom-remodeling-salem-what-homeowners-should-know,https://www.tcnatile.com/; https://www.iccsafe.org/products-and-services/i-codes/2024-i-codes/irc/,"A photorealistic photograph of a homeowner measuring cabinet dimensions in a kitchen with a tape measure and notepad, new cabinet samples on the counter, morning light through a window above the sink. The scene is set in a well-lit suburban home. natural lighting, shot on a Canon EOS R5 with a 35mm lens, shallow depth of field, editorial photography style. No text overlays, no watermarks, no logos, no artificial lighting artifacts. The image looks like it was taken by a professional home renovation photographer for an editorial magazine feature.","Q: How much does granite countertop install cost cost on average? A: A mid-range granite countertop install cost project typically runs $5,000–$15,000 depending on materials and whether you hire a contractor. Get three local quotes for the best estimate. | Q: What tools do I need for this project? A: The exact tools depend on your approach, but most granite countertop install cost projects need basic measuring and marking tools, safety gear, and the category-specific tools covered in the article above. | Q: What's the most common mistake to avoid? A: Skipping proper preparation is the number-one mistake. Whether it's surface prep, measuring twice, or reading the full instructions first — rushing the setup phase causes most DIY failures.",idea,Daniel Ware
198,2026-08-30,countertop,cost to replace granite countertop,5400,4.74,,informational,Replace Granite Countertop Cost: What to Expect in 2026,replace-granite-countertop-cost-what-to-expect-in-2026,"A no-fluff guide to cost to replace granite countertop with real material costs, labor estimates, and the mistakes to skip.",Kitchen & Bath Remodeling,bathroom remodel; countertops; kitchen remodel; cost guide,painting-kitchen-cabinets-cost-what-to-expect-in-2026; home-additions-and-renovations-what-homeowners-should-know; the-real-deal-on-kitchen-renovation-services; sustainable-home-renovation-what-homeowners-should-know; bathroom-remodeling-salem-what-homeowners-should-know,https://www.epa.gov/lead; https://www.epa.gov/watersense,"A photorealistic photograph of bathroom fixtures laid out on a clean countertop including a brushed nickel faucet, handles, a towel bar, and mounting hardware, with installation instructions visible. The scene is set in a well-lit suburban home. natural lighting, shot on a Canon EOS R5 with a 35mm lens, shallow depth of field, editorial photography style. No text overlays, no watermarks, no logos, no artificial lighting artifacts. The image looks like it was taken by a professional home renovation photographer for an editorial magazine feature.","Q: How much does cost to replace granite countertop cost on average? A: A mid-range cost to replace granite countertop project typically runs $5,000–$15,000 depending on materials and whether you hire a contractor. Get three local quotes for the best estimate. | Q: What tools do I need for this project? A: The exact tools depend on your approach, but most cost to replace granite countertop projects need basic measuring and marking tools, safety gear, and the category-specific tools covered in the article above. | Q: What's the most common mistake to avoid? A: Skipping proper preparation is the number-one mistake. Whether it's surface prep, measuring twice, or reading the full instructions first — rushing the setup phase causes most DIY failures.",idea,Daniel Ware
199,2026-08-31,countertop,granite countertop installed cost,5400,4.74,,commercial,How Much Does Granite Countertop Installed Really Cost?,how-much-does-granite-countertop-installed-really-cost,"Real costs, realistic timelines, and practical steps for granite countertop installed cost. Written by a homeowner who's been through it.",Kitchen & Bath Remodeling,countertops; bathroom remodel; kitchen remodel; installation; cost guide,painting-kitchen-cabinets-cost-what-to-expect-in-2026; home-additions-and-renovations-what-homeowners-should-know; the-real-deal-on-kitchen-renovation-services; sustainable-home-renovation-what-homeowners-should-know; bathroom-remodeling-salem-what-homeowners-should-know,https://www.nfpa.org/codes-and-standards/nfpa-70-standard-development/70; https://www.epa.gov/lead; https://www.epa.gov/watersense,"A photorealistic photograph of a homeowner measuring cabinet dimensions in a kitchen with a tape measure and notepad, new cabinet samples on the counter, morning light through a window above the sink. The scene is set in a well-lit suburban home. natural lighting, shot on a Canon EOS R5 with a 35mm lens, shallow depth of field, editorial photography style. No text overlays, no watermarks, no logos, no artificial lighting artifacts. The image looks like it was taken by a professional home renovation photographer for an editorial magazine feature.","Q: Is granite countertop installed cost worth the investment? A: Most homeowners recoup 60–70% of granite countertop installed cost costs at resale, and the daily comfort improvement is significant. Focus on quality basics over luxury upgrades for the best return. | Q: What tools do I need for this project? A: The exact tools depend on your approach, but most granite countertop installed cost projects need basic measuring and marking tools, safety gear, and the category-specific tools covered in the article above. | Q: How long should I expect this project to take? A: A focused DIYer working weekends should budget 2–3x the time a pro would take. Factor in supply runs, learning curves, and the inevitable re-dos. Better to plan generously than rush.",idea,Daniel Ware
200,2026-08-31,countertop,cost to install quartz countertop,3600,5.09,,informational,How Much Does Install Quartz Countertop Really Cost?,how-much-does-install-quartz-countertop-really-cost,"A no-fluff guide to cost to install quartz countertop with real material costs, labor estimates, and the mistakes to skip.",Kitchen & Bath Remodeling,countertops; bathroom remodel; kitchen remodel; installation; cost guide,painting-kitchen-cabinets-cost-what-to-expect-in-2026; home-additions-and-renovations-what-homeowners-should-know; the-real-deal-on-kitchen-renovation-services; sustainable-home-renovation-what-homeowners-should-know; bathroom-remodeling-salem-what-homeowners-should-know,https://www.tcnatile.com/; https://www.iccsafe.org/products-and-services/i-codes/2024-i-codes/irc/; https://www.nfpa.org/codes-and-standards/nfpa-70-standard-development/70,"A photorealistic photograph of bathroom fixtures laid out on a clean countertop including a brushed nickel faucet, handles, a towel bar, and mounting hardware, with installation instructions visible. The scene is set in a well-lit suburban home. natural lighting, shot on a Canon EOS R5 with a 35mm lens, shallow depth of field, editorial photography style. No text overlays, no watermarks, no logos, no artificial lighting artifacts. The image looks like it was taken by a professional home renovation photographer for an editorial magazine feature.","Q: Is cost to install quartz countertop worth the investment? A: Most homeowners recoup 60–70% of cost to install quartz countertop costs at resale, and the daily comfort improvement is significant. Focus on quality basics over luxury upgrades for the best return. | Q: What tools do I need for this project? A: The exact tools depend on your approach, but most cost to install quartz countertop projects need basic measuring and marking tools, safety gear, and the category-specific tools covered in the article above. | Q: How long should I expect this project to take? A: A focused DIYer working weekends should budget 2–3x the time a pro would take. Factor in supply runs, learning curves, and the inevitable re-dos. Better to plan generously than rush.",idea,Daniel Ware
201,2026-09-01,countertop,quartz countertop installation cost,3600,5.09,,commercial,Quartz Countertop Installation Pricing Guide for Homeowners,quartz-countertop-installation-pricing-guide-for-homeowners,"Considering quartz countertop installation cost? Here are the actual numbers, common pitfalls, and what most guides leave out.",Kitchen & Bath Remodeling,countertops; bathroom remodel; kitchen remodel; installation; cost guide,painting-kitchen-cabinets-cost-what-to-expect-in-2026; home-additions-and-renovations-what-homeowners-should-know; the-real-deal-on-kitchen-renovation-services; sustainable-home-renovation-what-homeowners-should-know; bathroom-remodeling-salem-what-homeowners-should-know,https://www.iccsafe.org/products-and-services/i-codes/2024-i-codes/irc/; https://www.nfpa.org/codes-and-standards/nfpa-70-standard-development/70; https://www.epa.gov/lead,"A photorealistic photograph of a bright kitchen mid-renovation showing progress with new shaker cabinets on one wall and bare studs on the other, a level and drill on the counter, blue painter's tape along trim. The scene is set in a well-lit suburban home. natural lighting, shot on a Canon EOS R5 with a 35mm lens, shallow depth of field, editorial photography style. No text overlays, no watermarks, no logos, no artificial lighting artifacts. The image looks like it was taken by a professional home renovation photographer for an editorial magazine feature.","Q: Is quartz countertop installation cost worth the investment? A: Most homeowners recoup 60–70% of quartz countertop installation cost costs at resale, and the daily comfort improvement is significant. Focus on quality basics over luxury upgrades for the best return. | Q: What tools do I need for this project? A: The exact tools depend on your approach, but most quartz countertop installation cost projects need basic measuring and marking tools, safety gear, and the category-specific tools covered in the article above. | Q: How long should I expect this project to take? A: A focused DIYer working weekends should budget 2–3x the time a pro would take. Factor in supply runs, learning curves, and the inevitable re-dos. Better to plan generously than rush.",idea,Daniel Ware
202,2026-09-01,countertop,quartz countertop cost installed,3600,5.09,,commercial,How Much Does Quartz Countertop Installed Really Cost?,how-much-does-quartz-countertop-installed-really-cost,"A no-fluff guide to quartz countertop cost installed with real material costs, labor estimates, and the mistakes to skip.",Kitchen & Bath Remodeling,countertops; bathroom remodel; kitchen remodel; installation; cost guide,painting-kitchen-cabinets-cost-what-to-expect-in-2026; home-additions-and-renovations-what-homeowners-should-know; the-real-deal-on-kitchen-renovation-services; sustainable-home-renovation-what-homeowners-should-know; bathroom-remodeling-salem-what-homeowners-should-know,https://www.epa.gov/lead; https://www.epa.gov/watersense; https://www.tcnatile.com/,"A photorealistic photograph of bathroom fixtures laid out on a clean countertop including a brushed nickel faucet, handles, a towel bar, and mounting hardware, with installation instructions visible. The scene is set in a well-lit suburban home. natural lighting, shot on a Canon EOS R5 with a 35mm lens, shallow depth of field, editorial photography style. No text overlays, no watermarks, no logos, no artificial lighting artifacts. The image looks like it was taken by a professional home renovation photographer for an editorial magazine feature.","Q: Is quartz countertop cost installed worth the investment? A: Most homeowners recoup 60–70% of quartz countertop cost installed costs at resale, and the daily comfort improvement is significant. Focus on quality basics over luxury upgrades for the best return. | Q: What tools do I need for this project? A: The exact tools depend on your approach, but most quartz countertop cost installed projects need basic measuring and marking tools, safety gear, and the category-specific tools covered in the article above. | Q: How long should I expect this project to take? A: A focused DIYer working weekends should budget 2–3x the time a pro would take. Factor in supply runs, learning curves, and the inevitable re-dos. Better to plan generously than rush.",idea,Daniel Ware
203,2026-09-02,countertop,kitchen countertop install cost,1300,11.3,,informational,Kitchen Countertop Install Cost: What to Expect in 2026,kitchen-countertop-install-cost-what-to-expect-in-2026,"A no-fluff guide to kitchen countertop install cost with real material costs, labor estimates, and the mistakes to skip.",Kitchen & Bath Remodeling,countertops; bathroom remodel; kitchen remodel; kitchen; installation; cost guide,painting-kitchen-cabinets-cost-what-to-expect-in-2026; home-additions-and-renovations-what-homeowners-should-know; the-real-deal-on-kitchen-renovation-services; sustainable-home-renovation-what-homeowners-should-know; bathroom-remodeling-salem-what-homeowners-should-know,https://www.iccsafe.org/products-and-services/i-codes/2024-i-codes/irc/; https://www.nfpa.org/codes-and-standards/nfpa-70-standard-development/70,"A photorealistic photograph of a stone countertop being templated in a mid-renovation kitchen with a fabricator measuring a granite slab against new white cabinets, blue tape marking the cut lines. The scene is set in a well-lit suburban home. natural lighting, shot on a Canon EOS R5 with a 35mm lens, shallow depth of field, editorial photography style. No text overlays, no watermarks, no logos, no artificial lighting artifacts. The image looks like it was taken by a professional home renovation photographer for an editorial magazine feature.","Q: How much does kitchen countertop install cost cost on average? A: A mid-range kitchen countertop install cost project typically runs $5,000–$15,000 depending on materials and whether you hire a contractor. Get three local quotes for the best estimate. | Q: What tools do I need for this project? A: The exact tools depend on your approach, but most kitchen countertop install cost projects need basic measuring and marking tools, safety gear, and the category-specific tools covered in the article above. | Q: What's the most common mistake to avoid? A: Skipping proper preparation is the number-one mistake. Whether it's surface prep, measuring twice, or reading the full instructions first — rushing the setup phase causes most DIY failures.",idea,Daniel Ware
204,2026-09-02,countertop,cost of kitchen countertop installation,1300,11.3,,informational,Kitchen Countertop Installation Pricing Guide for Homeowners,kitchen-countertop-installation-pricing-guide-for-homeowners,"A no-fluff guide to cost of kitchen countertop installation with real material costs, labor estimates, and the mistakes to skip.",Kitchen & Bath Remodeling,countertops; bathroom remodel; kitchen remodel; kitchen; installation; cost guide,how-much-does-granite-countertop-installed-really-cost; how-much-does-install-quartz-countertop-really-cost; quartz-countertop-installation-pricing-guide-for-homeowners; how-much-does-quartz-countertop-installed-really-cost; kitchen-countertop-install-cost-what-to-expect-in-2026,https://www.tcnatile.com/; https://www.iccsafe.org/products-and-services/i-codes/2024-i-codes/irc/; https://www.nfpa.org/codes-and-standards/nfpa-70-standard-development/70,"A photorealistic photograph of a stone countertop being templated in a mid-renovation kitchen with a fabricator measuring a granite slab against new white cabinets, blue tape marking the cut lines. The scene is set in a well-lit suburban home. natural lighting, shot on a Canon EOS R5 with a 35mm lens, shallow depth of field, editorial photography style. No text overlays, no watermarks, no logos, no artificial lighting artifacts. The image looks like it was taken by a professional home renovation photographer for an editorial magazine feature.","Q: Is cost of kitchen countertop installation worth the investment? A: Most homeowners recoup 60–70% of cost of kitchen countertop installation costs at resale, and the daily comfort improvement is significant. Focus on quality basics over luxury upgrades for the best return. | Q: What tools do I need for this project? A: The exact tools depend on your approach, but most cost of kitchen countertop installation projects need basic measuring and marking tools, safety gear, and the category-specific tools covered in the article above. | Q: How long should I expect this project to take? A: A focused DIYer working weekends should budget 2–3x the time a pro would take. Factor in supply runs, learning curves, and the inevitable re-dos. Better to plan generously than rush.",idea,Daniel Ware
205,2026-09-03,countertop,countertop installation cost,1600,4.39,,commercial,How Much Does Countertop Installation Really Cost?,how-much-does-countertop-installation-really-cost,"A no-fluff guide to countertop installation cost with real material costs, labor estimates, and the mistakes to skip. Practical tips from real projects.",Kitchen & Bath Remodeling,countertops; bathroom remodel; kitchen remodel; installation; cost guide,how-much-does-install-quartz-countertop-really-cost; quartz-countertop-installation-pricing-guide-for-homeowners; how-much-does-quartz-countertop-installed-really-cost; kitchen-countertop-install-cost-what-to-expect-in-2026; kitchen-countertop-installation-pricing-guide-for-homeowners,https://www.tcnatile.com/; https://www.iccsafe.org/products-and-services/i-codes/2024-i-codes/irc/; https://www.nfpa.org/codes-and-standards/nfpa-70-standard-development/70,"A photorealistic photograph of bathroom fixtures laid out on a clean countertop including a brushed nickel faucet, handles, a towel bar, and mounting hardware, with installation instructions visible. The scene is set in a well-lit suburban home. natural lighting, shot on a Canon EOS R5 with a 35mm lens, shallow depth of field, editorial photography style. No text overlays, no watermarks, no logos, no artificial lighting artifacts. The image looks like it was taken by a professional home renovation photographer for an editorial magazine feature.","Q: Is countertop installation cost worth the investment? A: Most homeowners recoup 60–70% of countertop installation cost costs at resale, and the daily comfort improvement is significant. Focus on quality basics over luxury upgrades for the best return. | Q: What tools do I need for this project? A: The exact tools depend on your approach, but most countertop installation cost projects need basic measuring and marking tools, safety gear, and the category-specific tools covered in the article above. | Q: How long should I expect this project to take? A: A focused DIYer working weekends should budget 2–3x the time a pro would take. Factor in supply runs, learning curves, and the inevitable re-dos. Better to plan generously than rush.",idea,Daniel Ware
206,2026-09-03,kitchen-remodel,kitchen remodel service,2900,38.76,43,commercial,Finding Good Kitchen Remodel Contractors Near You,finding-good-kitchen-remodel-contractors-near-you,"A no-fluff guide to kitchen remodel service with real material costs, labor estimates, and the mistakes to skip. Practical tips from real projects.",Kitchen & Bath Remodeling,kitchen; bathroom remodel; kitchen remodel,quartz-countertop-installation-pricing-guide-for-homeowners; how-much-does-quartz-countertop-installed-really-cost; kitchen-countertop-install-cost-what-to-expect-in-2026; kitchen-countertop-installation-pricing-guide-for-homeowners; how-much-does-countertop-installation-really-cost,https://www.tcnatile.com/; https://www.iccsafe.org/products-and-services/i-codes/2024-i-codes/irc/,"A photorealistic photograph of a kitchen mid-renovation with new cabinets partially installed, exposed plumbing visible, a miter saw on the floor, and natural light from a window over the sink area. The scene is set in a well-lit suburban home. natural lighting, shot on a Canon EOS R5 with a 35mm lens, shallow depth of field, editorial photography style. No text overlays, no watermarks, no logos, no artificial lighting artifacts. The image looks like it was taken by a professional home renovation photographer for an editorial magazine feature.","Q: How much does kitchen remodel service cost on average? A: A mid-range kitchen remodel service project typically runs $5,000–$15,000 depending on materials and whether you hire a contractor. Get three local quotes for the best estimate. | Q: What tools do I need for this project? A: The exact tools depend on your approach, but most kitchen remodel service projects need basic measuring and marking tools, safety gear, and the category-specific tools covered in the article above. | Q: What's the most common mistake to avoid? A: Skipping proper preparation is the number-one mistake. Whether it's surface prep, measuring twice, or reading the full instructions first — rushing the setup phase causes most DIY failures.",idea,Daniel Ware
207,2026-09-04,kitchen-remodel,kitchen remodel services,2900,38.76,46,commercial,Kitchen Remodel Services: A Practical Guide,kitchen-remodel-services-a-practical-guide,"A no-fluff guide to kitchen remodel services with real material costs, labor estimates, and the mistakes to skip. Practical tips from real projects.",Kitchen & Bath Remodeling,kitchen; bathroom remodel; kitchen remodel,quartz-countertop-installation-pricing-guide-for-homeowners; how-much-does-quartz-countertop-installed-really-cost; kitchen-countertop-install-cost-what-to-expect-in-2026; kitchen-countertop-installation-pricing-guide-for-homeowners; how-much-does-countertop-installation-really-cost,https://www.iccsafe.org/products-and-services/i-codes/2024-i-codes/irc/; https://www.nfpa.org/codes-and-standards/nfpa-70-standard-development/70; https://www.epa.gov/lead,"A photorealistic photograph of a kitchen mid-renovation with new cabinets partially installed, exposed plumbing visible, a miter saw on the floor, and natural light from a window over the sink area. The scene is set in a well-lit suburban home. natural lighting, shot on a Canon EOS R5 with a 35mm lens, shallow depth of field, editorial photography style. No text overlays, no watermarks, no logos, no artificial lighting artifacts. The image looks like it was taken by a professional home renovation photographer for an editorial magazine feature.","Q: Is kitchen remodel services worth the investment? A: Most homeowners recoup 60–70% of kitchen remodel services costs at resale, and the daily comfort improvement is significant. Focus on quality basics over luxury upgrades for the best return. | Q: What tools do I need for this project? A: The exact tools depend on your approach, but most kitchen remodel services projects need basic measuring and marking tools, safety gear, and the category-specific tools covered in the article above. | Q: How long should I expect this project to take? A: A focused DIYer working weekends should budget 2–3x the time a pro would take. Factor in supply runs, learning curves, and the inevitable re-dos. Better to plan generously than rush.",idea,Daniel Ware
208,2026-09-04,kitchen-remodel,kitchen remodel expert,170,23.91,6,commercial,Kitchen Remodel Expert: A Practical Guide,kitchen-remodel-expert-a-practical-guide,"Considering kitchen remodel expert? Here are the actual numbers, common pitfalls, and what most guides leave out. Practical tips from real projects.",Kitchen & Bath Remodeling,kitchen; bathroom remodel; kitchen remodel,quartz-countertop-installation-pricing-guide-for-homeowners; how-much-does-quartz-countertop-installed-really-cost; kitchen-countertop-install-cost-what-to-expect-in-2026; kitchen-countertop-installation-pricing-guide-for-homeowners; how-much-does-countertop-installation-really-cost,https://www.iccsafe.org/products-and-services/i-codes/2024-i-codes/irc/; https://www.nfpa.org/codes-and-standards/nfpa-70-standard-development/70; https://www.epa.gov/lead,"A photorealistic photograph of a kitchen mid-renovation with new cabinets partially installed, exposed plumbing visible, a miter saw on the floor, and natural light from a window over the sink area. The scene is set in a well-lit suburban home. natural lighting, shot on a Canon EOS R5 with a 35mm lens, shallow depth of field, editorial photography style. No text overlays, no watermarks, no logos, no artificial lighting artifacts. The image looks like it was taken by a professional home renovation photographer for an editorial magazine feature.","Q: Is kitchen remodel expert worth the investment? A: Most homeowners recoup 60–70% of kitchen remodel expert costs at resale, and the daily comfort improvement is significant. Focus on quality basics over luxury upgrades for the best return. | Q: What tools do I need for this project? A: The exact tools depend on your approach, but most kitchen remodel expert projects need basic measuring and marking tools, safety gear, and the category-specific tools covered in the article above. | Q: How long should I expect this project to take? A: A focused DIYer working weekends should budget 2–3x the time a pro would take. Factor in supply runs, learning curves, and the inevitable re-dos. Better to plan generously than rush.",idea,Daniel Ware
209,2026-09-05,kitchen-remodel,kitchen remodel experts,170,23.91,8,commercial,Kitchen Remodel Experts: Honest Advice for Your Home,kitchen-remodel-experts-honest-advice-for-your-home,"A no-fluff guide to kitchen remodel experts with real material costs, labor estimates, and the mistakes to skip. Practical tips from real projects.",Kitchen & Bath Remodeling,kitchen; bathroom remodel; kitchen remodel,quartz-countertop-installation-pricing-guide-for-homeowners; how-much-does-quartz-countertop-installed-really-cost; kitchen-countertop-install-cost-what-to-expect-in-2026; kitchen-countertop-installation-pricing-guide-for-homeowners; how-much-does-countertop-installation-really-cost,https://www.epa.gov/lead; https://www.epa.gov/watersense; https://www.tcnatile.com/,"A photorealistic photograph of a kitchen mid-renovation with new cabinets partially installed, exposed plumbing visible, a miter saw on the floor, and natural light from a window over the sink area. The scene is set in a well-lit suburban home. natural lighting, shot on a Canon EOS R5 with a 35mm lens, shallow depth of field, editorial photography style. No text overlays, no watermarks, no logos, no artificial lighting artifacts. The image looks like it was taken by a professional home renovation photographer for an editorial magazine feature.","Q: Is kitchen remodel experts worth the investment? A: Most homeowners recoup 60–70% of kitchen remodel experts costs at resale, and the daily comfort improvement is significant. Focus on quality basics over luxury upgrades for the best return. | Q: What tools do I need for this project? A: The exact tools depend on your approach, but most kitchen remodel experts projects need basic measuring and marking tools, safety gear, and the category-specific tools covered in the article above. | Q: How long should I expect this project to take? A: A focused DIYer working weekends should budget 2–3x the time a pro would take. Factor in supply runs, learning curves, and the inevitable re-dos. Better to plan generously than rush.",idea,Daniel Ware
210,2026-09-05,kitchen-remodel,federal way kitchen remodel,70,122.82,,informational,Federal Way Kitchen Remodel: What Homeowners Should Know,federal-way-kitchen-remodel-what-homeowners-should-know,"A no-fluff guide to federal way kitchen remodel with real material costs, labor estimates, and the mistakes to skip. Practical tips from real projects.",Kitchen & Bath Remodeling,kitchen; bathroom remodel; kitchen remodel,quartz-countertop-installation-pricing-guide-for-homeowners; how-much-does-quartz-countertop-installed-really-cost; kitchen-countertop-install-cost-what-to-expect-in-2026; kitchen-countertop-installation-pricing-guide-for-homeowners; how-much-does-countertop-installation-really-cost,https://www.tcnatile.com/; https://www.iccsafe.org/products-and-services/i-codes/2024-i-codes/irc/; https://www.nfpa.org/codes-and-standards/nfpa-70-standard-development/70,"A photorealistic photograph of a kitchen mid-renovation with new cabinets partially installed, exposed plumbing visible, a miter saw on the floor, and natural light from a window over the sink area. The scene is set in a well-lit suburban home. natural lighting, shot on a Canon EOS R5 with a 35mm lens, shallow depth of field, editorial photography style. No text overlays, no watermarks, no logos, no artificial lighting artifacts. The image looks like it was taken by a professional home renovation photographer for an editorial magazine feature.","Q: Is federal way kitchen remodel worth the investment? A: Most homeowners recoup 60–70% of federal way kitchen remodel costs at resale, and the daily comfort improvement is significant. Focus on quality basics over luxury upgrades for the best return. | Q: What tools do I need for this project? A: The exact tools depend on your approach, but most federal way kitchen remodel projects need basic measuring and marking tools, safety gear, and the category-specific tools covered in the article above. | Q: How long should I expect this project to take? A: A focused DIYer working weekends should budget 2–3x the time a pro would take. Factor in supply runs, learning curves, and the inevitable re-dos. Better to plan generously than rush.",idea,Daniel Ware
211,2026-09-06,kitchen-remodel,general contractor for kitchen remodel,210,22.29,20,commercial,Hiring a General Kitchen Remodel Contractor: Red Flags and Tips,hiring-a-general-kitchen-remodel-contractor-red-flags-and-tips,"A no-fluff guide to general contractor for kitchen remodel with real material costs, labor estimates, and the mistakes to skip.",Kitchen & Bath Remodeling,kitchen; bathroom remodel; kitchen remodel,quartz-countertop-installation-pricing-guide-for-homeowners; how-much-does-quartz-countertop-installed-really-cost; kitchen-countertop-install-cost-what-to-expect-in-2026; kitchen-countertop-installation-pricing-guide-for-homeowners; how-much-does-countertop-installation-really-cost,https://www.nfpa.org/codes-and-standards/nfpa-70-standard-development/70; https://www.epa.gov/lead,"A photorealistic photograph of a kitchen mid-renovation with new cabinets partially installed, exposed plumbing visible, a miter saw on the floor, and natural light from a window over the sink area. The scene is set in a well-lit suburban home. natural lighting, shot on a Canon EOS R5 with a 35mm lens, shallow depth of field, editorial photography style. No text overlays, no watermarks, no logos, no artificial lighting artifacts. The image looks like it was taken by a professional home renovation photographer for an editorial magazine feature.","Q: How much does general contractor for kitchen remodel cost on average? A: A mid-range general contractor for kitchen remodel project typically runs $5,000–$15,000 depending on materials and whether you hire a contractor. Get three local quotes for the best estimate. | Q: What tools do I need for this project? A: The exact tools depend on your approach, but most general contractor for kitchen remodel projects need basic measuring and marking tools, safety gear, and the category-specific tools covered in the article above. | Q: What's the most common mistake to avoid? A: Skipping proper preparation is the number-one mistake. Whether it's surface prep, measuring twice, or reading the full instructions first — rushing the setup phase causes most DIY failures.",idea,Daniel Ware
212,2026-09-06,kitchen-remodel,kitchen plumbing remodel,70,28.81,,informational,Kitchen Plumbing Remodel: A DIYer's Honest Take,kitchen-plumbing-remodel-a-diyers-honest-take,"Real costs, realistic timelines, and practical steps for kitchen plumbing remodel. Written by a homeowner who's been through it.",Kitchen & Bath Remodeling,kitchen; bathroom remodel; kitchen remodel; plumbing,quartz-countertop-installation-pricing-guide-for-homeowners; how-much-does-quartz-countertop-installed-really-cost; kitchen-countertop-install-cost-what-to-expect-in-2026; kitchen-countertop-installation-pricing-guide-for-homeowners; how-much-does-countertop-installation-really-cost,https://www.epa.gov/watersense; https://www.tcnatile.com/; https://www.iccsafe.org/products-and-services/i-codes/2024-i-codes/irc/,"A photorealistic photograph of a kitchen mid-renovation with new cabinets partially installed, exposed plumbing visible, a miter saw on the floor, and natural light from a window over the sink area. The scene is set in a well-lit suburban home. natural lighting, shot on a Canon EOS R5 with a 35mm lens, shallow depth of field, editorial photography style. No text overlays, no watermarks, no logos, no artificial lighting artifacts. The image looks like it was taken by a professional home renovation photographer for an editorial magazine feature.","Q: Is kitchen plumbing remodel worth the investment? A: Most homeowners recoup 60–70% of kitchen plumbing remodel costs at resale, and the daily comfort improvement is significant. Focus on quality basics over luxury upgrades for the best return. | Q: What tools do I need for this project? A: The exact tools depend on your approach, but most kitchen plumbing remodel projects need basic measuring and marking tools, safety gear, and the category-specific tools covered in the article above. | Q: How long should I expect this project to take? A: A focused DIYer working weekends should budget 2–3x the time a pro would take. Factor in supply runs, learning curves, and the inevitable re-dos. Better to plan generously than rush.",idea,Daniel Ware
213,2026-09-07,kitchen-remodel,80s kitchen remodel,70,28.21,,informational,80s Kitchen Remodel: Honest Advice for Your Home,80s-kitchen-remodel-honest-advice-for-your-home,"Considering 80s kitchen remodel? Here are the actual numbers, common pitfalls, and what most guides leave out. Practical tips from real projects.",Kitchen & Bath Remodeling,kitchen; bathroom remodel; kitchen remodel,quartz-countertop-installation-pricing-guide-for-homeowners; how-much-does-quartz-countertop-installed-really-cost; kitchen-countertop-install-cost-what-to-expect-in-2026; kitchen-countertop-installation-pricing-guide-for-homeowners; how-much-does-countertop-installation-really-cost,https://www.epa.gov/lead; https://www.epa.gov/watersense; https://www.tcnatile.com/,"A photorealistic photograph of a kitchen mid-renovation with new cabinets partially installed, exposed plumbing visible, a miter saw on the floor, and natural light from a window over the sink area. The scene is set in a well-lit suburban home. natural lighting, shot on a Canon EOS R5 with a 35mm lens, shallow depth of field, editorial photography style. No text overlays, no watermarks, no logos, no artificial lighting artifacts. The image looks like it was taken by a professional home renovation photographer for an editorial magazine feature.","Q: Is 80s kitchen remodel worth the investment? A: Most homeowners recoup 60–70% of 80s kitchen remodel costs at resale, and the daily comfort improvement is significant. Focus on quality basics over luxury upgrades for the best return. | Q: What tools do I need for this project? A: The exact tools depend on your approach, but most 80s kitchen remodel projects need basic measuring and marking tools, safety gear, and the category-specific tools covered in the article above. | Q: How long should I expect this project to take? A: A focused DIYer working weekends should budget 2–3x the time a pro would take. Factor in supply runs, learning curves, and the inevitable re-dos. Better to plan generously than rush.",idea,Daniel Ware
214,2026-09-07,kitchen-remodel,80's kitchen remodel,70,28.21,,informational,80's Kitchen Remodel: A Practical Guide,80s-kitchen-remodel-a-practical-guide,"Considering 80's kitchen remodel? Here are the actual numbers, common pitfalls, and what most guides leave out. Practical tips from real projects.",Kitchen & Bath Remodeling,kitchen; bathroom remodel; kitchen remodel,kitchen-remodel-experts-honest-advice-for-your-home; federal-way-kitchen-remodel-what-homeowners-should-know; hiring-a-general-kitchen-remodel-contractor-red-flags-and-tips; kitchen-plumbing-remodel-a-diyers-honest-take; 80s-kitchen-remodel-honest-advice-for-your-home,https://www.iccsafe.org/products-and-services/i-codes/2024-i-codes/irc/; https://www.nfpa.org/codes-and-standards/nfpa-70-standard-development/70; https://www.epa.gov/lead,"A photorealistic photograph of a kitchen mid-renovation with new cabinets partially installed, exposed plumbing visible, a miter saw on the floor, and natural light from a window over the sink area. The scene is set in a well-lit suburban home. natural lighting, shot on a Canon EOS R5 with a 35mm lens, shallow depth of field, editorial photography style. No text overlays, no watermarks, no logos, no artificial lighting artifacts. The image looks like it was taken by a professional home renovation photographer for an editorial magazine feature.","Q: Is 80's kitchen remodel worth the investment? A: Most homeowners recoup 60–70% of 80's kitchen remodel costs at resale, and the daily comfort improvement is significant. Focus on quality basics over luxury upgrades for the best return. | Q: What tools do I need for this project? A: The exact tools depend on your approach, but most 80's kitchen remodel projects need basic measuring and marking tools, safety gear, and the category-specific tools covered in the article above. | Q: How long should I expect this project to take? A: A focused DIYer working weekends should budget 2–3x the time a pro would take. Factor in supply runs, learning curves, and the inevitable re-dos. Better to plan generously than rush.",idea,Daniel Ware
215,2026-09-08,electrical-wiring,active electrical cables,140,319.53,,transactional,The Real Deal on Active Electrical Cables,the-real-deal-on-active-electrical-cables,A straightforward guide to active electrical cables: what you can handle yourself and when to pick up the phone. Practical tips from real projects.,Plumbing & Electrical,electrical; plumbing; home improvement,finding-good-water-damage-remediation-contractors-near-you; water-damage-ceiling-tiles-honest-advice-for-your-home; the-real-deal-on-water-damaged-cabinets; heat-pump-air-conditioner-repairs-a-homeowners-guide; heat-pump-ac-repair-guide-what-to-know,https://www.epa.gov/watersense; https://www.osha.gov/,"A photorealistic photograph of an electrician installing a new outlet in a residential wall with exposed wiring visible in the open junction box, wire strippers and a voltage tester on a nearby step ladder. The scene is set in a well-lit suburban home. natural lighting, shot on a Canon EOS R5 with a 35mm lens, shallow depth of field, editorial photography style. No text overlays, no watermarks, no logos, no artificial lighting artifacts. The image looks like it was taken by a professional home renovation photographer for an editorial magazine feature.","Q: Should I DIY this or hire a licensed professional? A: Basic tasks like replacing a faucet or outlet cover are DIY-friendly. Anything involving main lines, gas, load-bearing walls, or your electrical panel should go to a licensed pro — it's a safety and code issue. | Q: Can a beginner handle this project? A: With proper research, the right tools, and realistic expectations about timeline, many first-timers succeed. Start with a small area to build confidence before tackling the main project. | Q: What's the most common mistake to avoid? A: Skipping proper preparation is the number-one mistake. Whether it's surface prep, measuring twice, or reading the full instructions first — rushing the setup phase causes most DIY failures.",idea,Daniel Ware
216,2026-09-08,electrical-wiring,electrical burning smell in house,210,128.39,,informational,Electrical Burning Smell in House: A Practical Guide,electrical-burning-smell-in-house-a-practical-guide,A straightforward guide to electrical burning smell in house: what you can handle yourself and when to pick up the phone.,Plumbing & Electrical,electrical; plumbing; home improvement,finding-good-water-damage-remediation-contractors-near-you; water-damage-ceiling-tiles-honest-advice-for-your-home; the-real-deal-on-water-damaged-cabinets; heat-pump-air-conditioner-repairs-a-homeowners-guide; heat-pump-ac-repair-guide-what-to-know,https://www.iccsafe.org/products-and-services/i-codes/2024-i-codes/irc/; https://www.epa.gov/watersense,"A photorealistic photograph of an electrician installing a new outlet in a residential wall with exposed wiring visible in the open junction box, wire strippers and a voltage tester on a nearby step ladder. The scene is set in a well-lit suburban home. natural lighting, shot on a Canon EOS R5 with a 35mm lens, shallow depth of field, editorial photography style. No text overlays, no watermarks, no logos, no artificial lighting artifacts. The image looks like it was taken by a professional home renovation photographer for an editorial magazine feature.","Q: Should I DIY this or hire a licensed professional? A: Basic tasks like replacing a faucet or outlet cover are DIY-friendly. Anything involving main lines, gas, load-bearing walls, or your electrical panel should go to a licensed pro — it's a safety and code issue. | Q: Can a beginner handle this project? A: With proper research, the right tools, and realistic expectations about timeline, many first-timers succeed. Start with a small area to build confidence before tackling the main project. | Q: What's the most common mistake to avoid? A: Skipping proper preparation is the number-one mistake. Whether it's surface prep, measuring twice, or reading the full instructions first — rushing the setup phase causes most DIY failures.",idea,Daniel Ware
217,2026-09-09,electrical-wiring,electric boiler repairs,70,208.54,,commercial,The Real Deal on Electric Boiler Repairs,the-real-deal-on-electric-boiler-repairs,"Know what you're getting into with electric boiler repairs. Costs, code requirements, and the honest DIY difficulty level.",Plumbing & Electrical,home repair; electrical; plumbing,finding-good-water-damage-remediation-contractors-near-you; water-damage-ceiling-tiles-honest-advice-for-your-home; the-real-deal-on-water-damaged-cabinets; heat-pump-air-conditioner-repairs-a-homeowners-guide; heat-pump-ac-repair-guide-what-to-know,https://www.epa.gov/watersense; https://www.osha.gov/; https://www.ul.com/,"A photorealistic photograph of an electrician installing a new outlet in a residential wall with exposed wiring visible in the open junction box, wire strippers and a voltage tester on a nearby step ladder. The scene is set in a well-lit suburban home. natural lighting, shot on a Canon EOS R5 with a 35mm lens, shallow depth of field, editorial photography style. No text overlays, no watermarks, no logos, no artificial lighting artifacts. The image looks like it was taken by a professional home renovation photographer for an editorial magazine feature.","Q: How do I find a reliable plumber or electrician? A: Ask neighbors for referrals, check reviews on multiple platforms, verify their license and insurance, and always get at least three written quotes before deciding. | Q: What tools do I need for this project? A: The exact tools depend on your approach, but most electric boiler repairs projects need basic measuring and marking tools, safety gear, and the category-specific tools covered in the article above. | Q: How long should I expect this project to take? A: A focused DIYer working weekends should budget 2–3x the time a pro would take. Factor in supply runs, learning curves, and the inevitable re-dos. Better to plan generously than rush.",idea,Daniel Ware
218,2026-09-09,electrical-wiring,electric boiler repair,70,208.54,,commercial,Electric Boiler Repair Guide: What to Know,electric-boiler-repair-guide-what-to-know,"Know what you're getting into with electric boiler repair. Costs, code requirements, and the honest DIY difficulty level.",Plumbing & Electrical,home repair; electrical; plumbing,finding-good-water-damage-remediation-contractors-near-you; water-damage-ceiling-tiles-honest-advice-for-your-home; the-real-deal-on-water-damaged-cabinets; heat-pump-air-conditioner-repairs-a-homeowners-guide; heat-pump-ac-repair-guide-what-to-know,https://www.iccsafe.org/products-and-services/i-codes/2024-i-codes/irc/; https://www.epa.gov/watersense; https://www.osha.gov/,"A photorealistic photograph of an electrician installing a new outlet in a residential wall with exposed wiring visible in the open junction box, wire strippers and a voltage tester on a nearby step ladder. The scene is set in a well-lit suburban home. natural lighting, shot on a Canon EOS R5 with a 35mm lens, shallow depth of field, editorial photography style. No text overlays, no watermarks, no logos, no artificial lighting artifacts. The image looks like it was taken by a professional home renovation photographer for an editorial magazine feature.","Q: How do I find a reliable plumber or electrician? A: Ask neighbors for referrals, check reviews on multiple platforms, verify their license and insurance, and always get at least three written quotes before deciding. | Q: What tools do I need for this project? A: The exact tools depend on your approach, but most electric boiler repair projects need basic measuring and marking tools, safety gear, and the category-specific tools covered in the article above. | Q: How long should I expect this project to take? A: A focused DIYer working weekends should budget 2–3x the time a pro would take. Factor in supply runs, learning curves, and the inevitable re-dos. Better to plan generously than rush.",idea,Daniel Ware
219,2026-09-10,electrical-wiring,how to install dryer outlet 3 prong,210,44.12,,informational,How to Install Dryer Outlet 3 Prong: Step-by-Step Guide,how-to-install-dryer-outlet-3-prong-step-by-step-guide,"Should you DIY how to install dryer outlet 3 prong or call a pro? Real costs, skill requirements, and safety considerations.",Plumbing & Electrical,installation; electrical; plumbing,finding-good-water-damage-remediation-contractors-near-you; water-damage-ceiling-tiles-honest-advice-for-your-home; the-real-deal-on-water-damaged-cabinets; heat-pump-air-conditioner-repairs-a-homeowners-guide; heat-pump-ac-repair-guide-what-to-know,https://www.osha.gov/; https://www.ul.com/; https://www.nfpa.org/codes-and-standards/nfpa-70-standard-development/70,"A photorealistic photograph of an electrician installing a new outlet in a residential wall with exposed wiring visible in the open junction box, wire strippers and a voltage tester on a nearby step ladder. The scene is set in a well-lit suburban home. natural lighting, shot on a Canon EOS R5 with a 35mm lens, shallow depth of field, editorial photography style. No text overlays, no watermarks, no logos, no artificial lighting artifacts. The image looks like it was taken by a professional home renovation photographer for an editorial magazine feature.","Q: How do I find a reliable plumber or electrician? A: Ask neighbors for referrals, check reviews on multiple platforms, verify their license and insurance, and always get at least three written quotes before deciding. | Q: What tools do I need for this project? A: The exact tools depend on your approach, but most how to install dryer outlet 3 prong projects need basic measuring and marking tools, safety gear, and the category-specific tools covered in the article above. | Q: How long should I expect this project to take? A: A focused DIYer working weekends should budget 2–3x the time a pro would take. Factor in supply runs, learning curves, and the inevitable re-dos. Better to plan generously than rush.",idea,Daniel Ware
220,2026-09-10,crawlspace-foundation,underpinning foundation repair,260,66.46,,informational,Underpinning Foundation Repairs: A Homeowner's Guide,underpinning-foundation-repairs-a-homeowners-guide,"Considering underpinning foundation repair? Here's what it actually takes — costs, permits, and the decisions that matter most.",Basement & Attic,attic renovation; basement finishing; home repair,blown-insulation-per-square-foot-cost-breakdown-real-numbers; how-much-does-blow-in-insulation-per-square-foot-really-cost; how-much-does-attic-insulation-install-really-cost; replacing-insulation-in-attic-cost-what-to-expect-in-2026; how-much-does-attic-insulation-replacement-really-cost,https://www.iccsafe.org/products-and-services/i-codes/2024-i-codes/irc/; https://www.energy.gov/energysaver/insulation; https://www.fema.gov/,"A photorealistic photograph of a partially finished basement showing different construction stages with framing complete on one wall, insulation installed on another, and bare concrete on the third, recessed light cans in the ceiling. The scene is set in a well-lit suburban home. natural lighting, shot on a Canon EOS R5 with a 35mm lens, shallow depth of field, editorial photography style. No text overlays, no watermarks, no logos, no artificial lighting artifacts. The image looks like it was taken by a professional home renovation photographer for an editorial magazine feature.","Q: What about moisture problems? A: Address any moisture issues before finishing. This means proper exterior grading, waterproofing, a sump pump if needed, and a good dehumidifier. Finishing over a wet problem guarantees mold. | Q: What tools do I need for this project? A: The exact tools depend on your approach, but most underpinning foundation repair projects need basic measuring and marking tools, safety gear, and the category-specific tools covered in the article above. | Q: How long should I expect this project to take? A: A focused DIYer working weekends should budget 2–3x the time a pro would take. Factor in supply runs, learning curves, and the inevitable re-dos. Better to plan generously than rush.",idea,Daniel Ware
221,2026-09-11,crawlspace-foundation,cost to dig out crawl space,110,143.94,,informational,How Much Does Dig Out Crawl Space Really Cost?,how-much-does-dig-out-crawl-space-really-cost,"Considering cost to dig out crawl space? Here's what it actually takes — costs, permits, and the decisions that matter most.",Basement & Attic,attic renovation; basement finishing; cost guide,blown-insulation-per-square-foot-cost-breakdown-real-numbers; how-much-does-blow-in-insulation-per-square-foot-really-cost; how-much-does-attic-insulation-install-really-cost; replacing-insulation-in-attic-cost-what-to-expect-in-2026; how-much-does-attic-insulation-replacement-really-cost,https://www.epa.gov/radon; https://www.epa.gov/mold; https://www.iccsafe.org/products-and-services/i-codes/2024-i-codes/irc/,"A photorealistic photograph of a crawl space being encapsulated with thick white vapor barrier being installed over the dirt floor and up the foundation walls, a dehumidifier in place, and sealed vent covers visible. The scene is set in a well-lit suburban home. natural lighting, shot on a Canon EOS R5 with a 35mm lens, shallow depth of field, editorial photography style. No text overlays, no watermarks, no logos, no artificial lighting artifacts. The image looks like it was taken by a professional home renovation photographer for an editorial magazine feature.","Q: What about moisture problems? A: Address any moisture issues before finishing. This means proper exterior grading, waterproofing, a sump pump if needed, and a good dehumidifier. Finishing over a wet problem guarantees mold. | Q: Can a beginner handle this project? A: With proper research, the right tools, and realistic expectations about timeline, many first-timers succeed. Start with a small area to build confidence before tackling the main project. | Q: How long should I expect this project to take? A: A focused DIYer working weekends should budget 2–3x the time a pro would take. Factor in supply runs, learning curves, and the inevitable re-dos. Better to plan generously than rush.",idea,Daniel Ware
222,2026-09-11,crawlspace-foundation,concrete foundation installation,90,108.34,,transactional,Concrete Foundation Installation Guide: DIY or Hire Out?,concrete-foundation-installation-guide-diy-or-hire-out,Turn unused space into livable rooms. A real-world guide to concrete foundation installation with honest costs and timelines.,Basement & Attic,attic renovation; installation; basement finishing,blown-insulation-per-square-foot-cost-breakdown-real-numbers; how-much-does-blow-in-insulation-per-square-foot-really-cost; how-much-does-attic-insulation-install-really-cost; replacing-insulation-in-attic-cost-what-to-expect-in-2026; how-much-does-attic-insulation-replacement-really-cost,https://www.epa.gov/radon; https://www.epa.gov/mold,"A photorealistic photograph of a concrete surface being refinished with a worker using a concrete grinder on a patio slab, dust collection hose attached, and freshly ground smooth sections contrasting with the rough original. The scene is set in a well-lit suburban home. natural lighting, shot on a Canon EOS R5 with a 35mm lens, shallow depth of field, editorial photography style. No text overlays, no watermarks, no logos, no artificial lighting artifacts. The image looks like it was taken by a professional home renovation photographer for an editorial magazine feature.","Q: Do I need a permit to finish this space? A: Almost certainly yes. Finishing a basement or attic into livable space requires permits for framing, electrical, plumbing, and egress. Skipping permits creates problems at resale. | Q: What tools do I need for this project? A: The exact tools depend on your approach, but most concrete foundation installation projects need basic measuring and marking tools, safety gear, and the category-specific tools covered in the article above. | Q: What's the most common mistake to avoid? A: Skipping proper preparation is the number-one mistake. Whether it's surface prep, measuring twice, or reading the full instructions first — rushing the setup phase causes most DIY failures.",idea,Daniel Ware
223,2026-09-12,crawlspace-foundation,concrete pier foundation cost,70,116.7,,informational,Concrete Pier Foundation Cost Breakdown: Real Numbers,concrete-pier-foundation-cost-breakdown-real-numbers,"Considering concrete pier foundation cost? Here's what it actually takes — costs, permits, and the decisions that matter most.",Basement & Attic,attic renovation; basement finishing; cost guide,blown-insulation-per-square-foot-cost-breakdown-real-numbers; how-much-does-blow-in-insulation-per-square-foot-really-cost; how-much-does-attic-insulation-install-really-cost; replacing-insulation-in-attic-cost-what-to-expect-in-2026; how-much-does-attic-insulation-replacement-really-cost,https://www.fema.gov/; https://www.epa.gov/radon,"A photorealistic photograph of a concrete surface being refinished with a worker using a concrete grinder on a patio slab, dust collection hose attached, and freshly ground smooth sections contrasting with the rough original. The scene is set in a well-lit suburban home. natural lighting, shot on a Canon EOS R5 with a 35mm lens, shallow depth of field, editorial photography style. No text overlays, no watermarks, no logos, no artificial lighting artifacts. The image looks like it was taken by a professional home renovation photographer for an editorial magazine feature.","Q: Do I need a permit to finish this space? A: Almost certainly yes. Finishing a basement or attic into livable space requires permits for framing, electrical, plumbing, and egress. Skipping permits creates problems at resale. | Q: Can a beginner handle this project? A: With proper research, the right tools, and realistic expectations about timeline, many first-timers succeed. Start with a small area to build confidence before tackling the main project. | Q: What's the most common mistake to avoid? A: Skipping proper preparation is the number-one mistake. Whether it's surface prep, measuring twice, or reading the full instructions first — rushing the setup phase causes most DIY failures.",idea,Daniel Ware
224,2026-09-12,vanity-cabinet,kitchen cabinet painting cost,2400,8.96,,informational,Kitchen Cabinet Painting Cost Breakdown: Real Numbers,kitchen-cabinet-painting-cost-breakdown-real-numbers,"Considering kitchen cabinet painting cost? Here are the actual numbers, common pitfalls, and what most guides leave out.",Kitchen & Bath Remodeling,cabinets; painting; bathroom remodel; kitchen remodel; kitchen; cost guide,federal-way-kitchen-remodel-what-homeowners-should-know; hiring-a-general-kitchen-remodel-contractor-red-flags-and-tips; kitchen-plumbing-remodel-a-diyers-honest-take; 80s-kitchen-remodel-honest-advice-for-your-home; 80s-kitchen-remodel-a-practical-guide,https://www.epa.gov/lead; https://www.epa.gov/watersense,"A photorealistic photograph of kitchen cabinets being installed with a carpenter using a level to align white shaker-style upper cabinets, clamps holding them in place, and a drill on the countertop. The scene is set in a well-lit suburban home. natural lighting, shot on a Canon EOS R5 with a 35mm lens, shallow depth of field, editorial photography style. No text overlays, no watermarks, no logos, no artificial lighting artifacts. The image looks like it was taken by a professional home renovation photographer for an editorial magazine feature.","Q: How much does kitchen cabinet painting cost cost on average? A: A mid-range kitchen cabinet painting cost project typically runs $5,000–$15,000 depending on materials and whether you hire a contractor. Get three local quotes for the best estimate. | Q: Can a beginner handle this project? A: With proper research, the right tools, and realistic expectations about timeline, many first-timers succeed. Start with a small area to build confidence before tackling the main project. | Q: What's the most common mistake to avoid? A: Skipping proper preparation is the number-one mistake. Whether it's surface prep, measuring twice, or reading the full instructions first — rushing the setup phase causes most DIY failures.",idea,Daniel Ware
225,2026-09-13,vanity-cabinet,install bathroom vanity countertop,210,67.01,,transactional,Bathroom Vanity Countertop Installation: Costs and Tips,bathroom-vanity-countertop-installation-costs-and-tips,"Real costs, realistic timelines, and practical steps for install bathroom vanity countertop. Written by a homeowner who's been through it.",Kitchen & Bath Remodeling,countertops; bathroom remodel; bathroom; kitchen remodel; installation,federal-way-kitchen-remodel-what-homeowners-should-know; hiring-a-general-kitchen-remodel-contractor-red-flags-and-tips; kitchen-plumbing-remodel-a-diyers-honest-take; 80s-kitchen-remodel-honest-advice-for-your-home; 80s-kitchen-remodel-a-practical-guide,https://www.epa.gov/watersense; https://www.tcnatile.com/; https://www.iccsafe.org/products-and-services/i-codes/2024-i-codes/irc/,"A photorealistic photograph of a freshly installed floating bathroom vanity with a white quartz countertop, undermount sink, polished chrome faucet, and the tools used for installation still visible on the floor nearby. The scene is set in a well-lit suburban home. natural lighting, shot on a Canon EOS R5 with a 35mm lens, shallow depth of field, editorial photography style. No text overlays, no watermarks, no logos, no artificial lighting artifacts. The image looks like it was taken by a professional home renovation photographer for an editorial magazine feature.","Q: Is install bathroom vanity countertop worth the investment? A: Most homeowners recoup 60–70% of install bathroom vanity countertop costs at resale, and the daily comfort improvement is significant. Focus on quality basics over luxury upgrades for the best return. | Q: What tools do I need for this project? A: The exact tools depend on your approach, but most install bathroom vanity countertop projects need basic measuring and marking tools, safety gear, and the category-specific tools covered in the article above. | Q: How long should I expect this project to take? A: A focused DIYer working weekends should budget 2–3x the time a pro would take. Factor in supply runs, learning curves, and the inevitable re-dos. Better to plan generously than rush.",idea,Daniel Ware
226,2026-09-13,vanity-cabinet,average cost of cabinet painting,170,8.98,,informational,Cabinet Painting Pricing Guide for Homeowners,cabinet-painting-pricing-guide-for-homeowners,"Real costs, realistic timelines, and practical steps for average cost of cabinet painting. Written by a homeowner who's been through it.",Kitchen & Bath Remodeling,cabinets; painting; bathroom remodel; kitchen remodel; cost guide,federal-way-kitchen-remodel-what-homeowners-should-know; hiring-a-general-kitchen-remodel-contractor-red-flags-and-tips; kitchen-plumbing-remodel-a-diyers-honest-take; 80s-kitchen-remodel-honest-advice-for-your-home; 80s-kitchen-remodel-a-practical-guide,https://www.nfpa.org/codes-and-standards/nfpa-70-standard-development/70; https://www.epa.gov/lead; https://www.epa.gov/watersense,"A photorealistic photograph of kitchen cabinet doors being painted laid flat on sawhorses in a garage, with a HVLP sprayer applying smooth white paint, some doors drying on a rack in the background. The scene is set in a well-lit suburban home. natural lighting, shot on a Canon EOS R5 with a 35mm lens, shallow depth of field, editorial photography style. No text overlays, no watermarks, no logos, no artificial lighting artifacts. The image looks like it was taken by a professional home renovation photographer for an editorial magazine feature.","Q: Is average cost of cabinet painting worth the investment? A: Most homeowners recoup 60–70% of average cost of cabinet painting costs at resale, and the daily comfort improvement is significant. Focus on quality basics over luxury upgrades for the best return. | Q: Can a beginner handle this project? A: With proper research, the right tools, and realistic expectations about timeline, many first-timers succeed. Start with a small area to build confidence before tackling the main project. | Q: How long should I expect this project to take? A: A focused DIYer working weekends should budget 2–3x the time a pro would take. Factor in supply runs, learning curves, and the inevitable re-dos. Better to plan generously than rush.",idea,Daniel Ware
227,2026-09-14,vanity-cabinet,cost of professional cabinet painting,90,11.51,,commercial,Professional Cabinet Painting Cost Breakdown: Real Numbers,professional-cabinet-painting-cost-breakdown-real-numbers,"Considering cost of professional cabinet painting? Here are the actual numbers, common pitfalls, and what most guides leave out.",Kitchen & Bath Remodeling,cabinets; painting; bathroom remodel; kitchen remodel; cost guide,federal-way-kitchen-remodel-what-homeowners-should-know; hiring-a-general-kitchen-remodel-contractor-red-flags-and-tips; kitchen-plumbing-remodel-a-diyers-honest-take; 80s-kitchen-remodel-honest-advice-for-your-home; 80s-kitchen-remodel-a-practical-guide,https://www.epa.gov/watersense; https://www.tcnatile.com/,"A photorealistic photograph of kitchen cabinet doors being painted laid flat on sawhorses in a garage, with a HVLP sprayer applying smooth white paint, some doors drying on a rack in the background. The scene is set in a well-lit suburban home. natural lighting, shot on a Canon EOS R5 with a 35mm lens, shallow depth of field, editorial photography style. No text overlays, no watermarks, no logos, no artificial lighting artifacts. The image looks like it was taken by a professional home renovation photographer for an editorial magazine feature.","Q: How much does cost of professional cabinet painting cost on average? A: A mid-range cost of professional cabinet painting project typically runs $5,000–$15,000 depending on materials and whether you hire a contractor. Get three local quotes for the best estimate. | Q: Can a beginner handle this project? A: With proper research, the right tools, and realistic expectations about timeline, many first-timers succeed. Start with a small area to build confidence before tackling the main project. | Q: What's the most common mistake to avoid? A: Skipping proper preparation is the number-one mistake. Whether it's surface prep, measuring twice, or reading the full instructions first — rushing the setup phase causes most DIY failures.",idea,Daniel Ware
228,2026-09-14,landscape-garden,sprinkler valve repair cost,110,91.04,7,commercial,Sprinkler Valve Repair Cost: What to Expect in 2026,sprinkler-valve-repair-cost-what-to-expect-in-2026,"A hands-on guide to sprinkler valve repair cost with actual project costs, timelines, and what to watch out for. Practical tips from real projects.",Outdoor & Landscaping,home repair; outdoor projects; landscaping; cost guide,deck-building-cost-what-to-expect-in-2026; hiring-a-deck-building-contractor-red-flags-and-tips; composite-deck-building-a-diyers-honest-take; building-a-deck-with-composite-decking-a-diyers-honest-take; the-real-deal-on-custom-deck-building,https://www.aarp.org/livable-communities/housing/; https://www.awc.org/,"A photorealistic photograph of a lawn irrigation system being installed with trenches dug in a front yard, PVC pipe and sprinkler heads being connected, a pipe cutter and glue nearby, and green grass on either side of the trench. The scene is set in a well-lit suburban home. natural lighting, shot on a Canon EOS R5 with a 35mm lens, shallow depth of field, editorial photography style. No text overlays, no watermarks, no logos, no artificial lighting artifacts. The image looks like it was taken by a professional home renovation photographer for an editorial magazine feature.","Q: Do I need a permit for this project? A: Permit requirements vary by municipality. Generally, structures over a certain height or size, anything near property lines, and electrical/plumbing work require permits. Call your local building department to check. | Q: What tools do I need for this project? A: The exact tools depend on your approach, but most sprinkler valve repair cost projects need basic measuring and marking tools, safety gear, and the category-specific tools covered in the article above. | Q: What's the most common mistake to avoid? A: Skipping proper preparation is the number-one mistake. Whether it's surface prep, measuring twice, or reading the full instructions first — rushing the setup phase causes most DIY failures.",idea,Daniel Ware
229,2026-09-15,driveway-porch,widen driveway with concrete,260,66.03,,transactional,Widen Driveway with Concrete: Honest Advice for Your Home,widen-driveway-with-concrete-honest-advice-for-your-home,"Planning widen driveway with concrete? Real costs, material comparisons, and the steps most DIY guides skip. Practical tips from real projects.",Outdoor & Landscaping,outdoor projects; landscaping; home improvement,hiring-a-deck-building-contractor-red-flags-and-tips; composite-deck-building-a-diyers-honest-take; building-a-deck-with-composite-decking-a-diyers-honest-take; the-real-deal-on-custom-deck-building; sprinkler-valve-repair-cost-what-to-expect-in-2026,https://www.epa.gov/watersense; https://www.aarp.org/livable-communities/housing/; https://www.awc.org/,"A photorealistic photograph of a concrete driveway being poured in front of a suburban home, with workers smoothing wet concrete with a bull float, forms along the edges, and a concrete truck parked in the street. The scene is set in a well-lit suburban home. natural lighting, shot on a Canon EOS R5 with a 35mm lens, shallow depth of field, editorial photography style. No text overlays, no watermarks, no logos, no artificial lighting artifacts. The image looks like it was taken by a professional home renovation photographer for an editorial magazine feature.","Q: What's the best time of year for this project? A: Spring and fall offer the best weather for most outdoor projects. Avoid extreme heat, freezing temperatures, and the rainy season in your area. Many contractors offer off-season discounts. | Q: Can a beginner handle this project? A: With proper research, the right tools, and realistic expectations about timeline, many first-timers succeed. Start with a small area to build confidence before tackling the main project. | Q: How long should I expect this project to take? A: A focused DIYer working weekends should budget 2–3x the time a pro would take. Factor in supply runs, learning curves, and the inevitable re-dos. Better to plan generously than rush.",idea,Daniel Ware
230,2026-09-15,waterproofing,mold damage repair,390,65.51,38,commercial,Mold Damage Repairs: A Homeowner's Guide,mold-damage-repairs-a-homeowners-guide,"Considering mold damage repair? Here's what it actually takes — costs, permits, and the decisions that matter most. Practical tips from real projects.",Basement & Attic,attic renovation; basement finishing; home repair,how-much-does-attic-insulation-replacement-really-cost; underpinning-foundation-repairs-a-homeowners-guide; how-much-does-dig-out-crawl-space-really-cost; concrete-foundation-installation-guide-diy-or-hire-out; concrete-pier-foundation-cost-breakdown-real-numbers,https://www.epa.gov/radon; https://www.iccsafe.org/products-and-services/i-codes/2024-i-codes/irc/; https://www.energy.gov/energysaver/insulation,"A photorealistic photograph of mold being treated in a home with a section of drywall removed revealing mold on the studs, a HEPA air scrubber running, and the worker wearing protective equipment including an N95 respirator. The scene is set in a well-lit suburban home. natural lighting, shot on a Canon EOS R5 with a 35mm lens, shallow depth of field, editorial photography style. No text overlays, no watermarks, no logos, no artificial lighting artifacts. The image looks like it was taken by a professional home renovation photographer for an editorial magazine feature.","Q: What about moisture problems? A: Address any moisture issues before finishing. This means proper exterior grading, waterproofing, a sump pump if needed, and a good dehumidifier. Finishing over a wet problem guarantees mold. | Q: What tools do I need for this project? A: The exact tools depend on your approach, but most mold damage repair projects need basic measuring and marking tools, safety gear, and the category-specific tools covered in the article above. | Q: How long should I expect this project to take? A: A focused DIYer working weekends should budget 2–3x the time a pro would take. Factor in supply runs, learning curves, and the inevitable re-dos. Better to plan generously than rush.",idea,Daniel Ware
231,2026-09-16,patio-paver,patio enclosure builders,110,72.89,13,commercial,Patio Enclosure Builders: Honest Advice for Your Home,patio-enclosure-builders-honest-advice-for-your-home,"A hands-on guide to patio enclosure builders with actual project costs, timelines, and what to watch out for. Practical tips from real projects.",Outdoor & Landscaping,outdoor projects; landscaping; home improvement,composite-deck-building-a-diyers-honest-take; building-a-deck-with-composite-decking-a-diyers-honest-take; the-real-deal-on-custom-deck-building; sprinkler-valve-repair-cost-what-to-expect-in-2026; widen-driveway-with-concrete-honest-advice-for-your-home,https://www.epa.gov/watersense; https://www.aarp.org/livable-communities/housing/; https://www.awc.org/,"A photorealistic photograph of a patio being laid with concrete pavers in a suburban backyard, with a herringbone pattern taking shape on a compacted gravel base, a plate compactor nearby, and polymeric sand being swept into joints. The scene is set in a well-lit suburban home. natural lighting, shot on a Canon EOS R5 with a 35mm lens, shallow depth of field, editorial photography style. No text overlays, no watermarks, no logos, no artificial lighting artifacts. The image looks like it was taken by a professional home renovation photographer for an editorial magazine feature.","Q: What's the best time of year for this project? A: Spring and fall offer the best weather for most outdoor projects. Avoid extreme heat, freezing temperatures, and the rainy season in your area. Many contractors offer off-season discounts. | Q: What tools do I need for this project? A: The exact tools depend on your approach, but most patio enclosure builders projects need basic measuring and marking tools, safety gear, and the category-specific tools covered in the article above. | Q: How long should I expect this project to take? A: A focused DIYer working weekends should budget 2–3x the time a pro would take. Factor in supply runs, learning curves, and the inevitable re-dos. Better to plan generously than rush.",idea,Daniel Ware
232,2026-09-16,laminate-vinyl-floor,installation cost for vinyl flooring,8100,10.88,,informational,Installation Vinyl Flooring Cost: What to Expect in 2026,installation-vinyl-flooring-cost-what-to-expect-in-2026,"Thinking about installation cost for vinyl flooring? Here's what it costs, how long it takes, and whether you should DIY it.",Flooring & Tile,tile installation; flooring; vinyl flooring; installation; cost guide,how-much-does-lay-vinyl-flooring-really-cost; lvp-flooring-installation-pricing-guide-for-homeowners; how-much-does-lvp-flooring-install-really-cost; installing-fence-vinyl-what-to-know-first; install-vinyl-flooring-pricing-guide-for-homeowners,https://www.epa.gov/asbestos; https://www.iccsafe.org/products-and-services/i-codes/2024-i-codes/irc/,"A photorealistic photograph of luxury vinyl plank flooring being installed in a bright living room, with click-lock planks being joined together, a utility knife and straightedge nearby, and the transition between old and new flooring visible. The scene is set in a well-lit suburban home. natural lighting, shot on a Canon EOS R5 with a 35mm lens, shallow depth of field, editorial photography style. No text overlays, no watermarks, no logos, no artificial lighting artifacts. The image looks like it was taken by a professional home renovation photographer for an editorial magazine feature.","Q: What's the most durable option for installation cost for vinyl flooring? A: Porcelain tile and luxury vinyl plank top the durability charts for most rooms. The right choice depends on your room's moisture exposure, traffic level, and subfloor condition. | Q: What tools do I need for this project? A: The exact tools depend on your approach, but most installation cost for vinyl flooring projects need basic measuring and marking tools, safety gear, and the category-specific tools covered in the article above. | Q: What's the most common mistake to avoid? A: Skipping proper preparation is the number-one mistake. Whether it's surface prep, measuring twice, or reading the full instructions first — rushing the setup phase causes most DIY failures.",idea,Daniel Ware
233,2026-09-17,laminate-vinyl-floor,cost for installing vinyl flooring,8100,10.88,,informational,Installing Vinyl Flooring Cost: What to Expect in 2026,installing-vinyl-flooring-cost-what-to-expect-in-2026,"Thinking about cost for installing vinyl flooring? Here's what it costs, how long it takes, and whether you should DIY it.",Flooring & Tile,tile installation; flooring; vinyl flooring; installation; cost guide,lvp-flooring-installation-pricing-guide-for-homeowners; how-much-does-lvp-flooring-install-really-cost; installing-fence-vinyl-what-to-know-first; install-vinyl-flooring-pricing-guide-for-homeowners; installation-vinyl-flooring-cost-what-to-expect-in-2026,https://www.epa.gov/asbestos; https://www.iccsafe.org/products-and-services/i-codes/2024-i-codes/irc/,"A photorealistic photograph of luxury vinyl plank flooring being installed in a bright living room, with click-lock planks being joined together, a utility knife and straightedge nearby, and the transition between old and new flooring visible. The scene is set in a well-lit suburban home. natural lighting, shot on a Canon EOS R5 with a 35mm lens, shallow depth of field, editorial photography style. No text overlays, no watermarks, no logos, no artificial lighting artifacts. The image looks like it was taken by a professional home renovation photographer for an editorial magazine feature.","Q: What's the most durable option for cost for installing vinyl flooring? A: Porcelain tile and luxury vinyl plank top the durability charts for most rooms. The right choice depends on your room's moisture exposure, traffic level, and subfloor condition. | Q: What tools do I need for this project? A: The exact tools depend on your approach, but most cost for installing vinyl flooring projects need basic measuring and marking tools, safety gear, and the category-specific tools covered in the article above. | Q: What's the most common mistake to avoid? A: Skipping proper preparation is the number-one mistake. Whether it's surface prep, measuring twice, or reading the full instructions first — rushing the setup phase causes most DIY failures.",idea,Daniel Ware
234,2026-09-17,laminate-vinyl-floor,cost to install vinyl sheet flooring,1300,12.41,5,informational,Install Vinyl Sheet Flooring Pricing Guide for Homeowners,install-vinyl-sheet-flooring-pricing-guide-for-homeowners,From subfloor prep to final trim — a practical guide to cost to install vinyl sheet flooring with real costs and pro tips.,Flooring & Tile,tile installation; flooring; vinyl flooring; installation; cost guide,how-much-does-lvp-flooring-install-really-cost; installing-fence-vinyl-what-to-know-first; install-vinyl-flooring-pricing-guide-for-homeowners; installation-vinyl-flooring-cost-what-to-expect-in-2026; installing-vinyl-flooring-cost-what-to-expect-in-2026,https://www.epa.gov/asbestos; https://www.iccsafe.org/products-and-services/i-codes/2024-i-codes/irc/; https://www.nwfa.org/,"A photorealistic photograph of luxury vinyl plank flooring being installed in a bright living room, with click-lock planks being joined together, a utility knife and straightedge nearby, and the transition between old and new flooring visible. The scene is set in a well-lit suburban home. natural lighting, shot on a Canon EOS R5 with a 35mm lens, shallow depth of field, editorial photography style. No text overlays, no watermarks, no logos, no artificial lighting artifacts. The image looks like it was taken by a professional home renovation photographer for an editorial magazine feature.","Q: Can I install cost to install vinyl sheet flooring over existing flooring? A: Some flooring goes directly over existing surfaces (LVP, laminate), while others need bare subfloor (tile, hardwood). Check your specific product requirements and subfloor condition first. | Q: What tools do I need for this project? A: The exact tools depend on your approach, but most cost to install vinyl sheet flooring projects need basic measuring and marking tools, safety gear, and the category-specific tools covered in the article above. | Q: How long should I expect this project to take? A: A focused DIYer working weekends should budget 2–3x the time a pro would take. Factor in supply runs, learning curves, and the inevitable re-dos. Better to plan generously than rush.",idea,Daniel Ware
235,2026-09-18,laminate-vinyl-floor,installation cost for sheet vinyl flooring,1300,12.41,,commercial,Installation Sheet Vinyl Flooring Cost: What to Expect in 2026,installation-sheet-vinyl-flooring-cost-what-to-expect-in-2026,"Step-by-step guide to installation cost for sheet vinyl flooring: material options, installation tips, and honest cost expectations.",Flooring & Tile,tile installation; flooring; vinyl flooring; installation; cost guide,installing-fence-vinyl-what-to-know-first; install-vinyl-flooring-pricing-guide-for-homeowners; installation-vinyl-flooring-cost-what-to-expect-in-2026; installing-vinyl-flooring-cost-what-to-expect-in-2026; install-vinyl-sheet-flooring-pricing-guide-for-homeowners,https://www.epa.gov/lead; https://www.epa.gov/asbestos,"A photorealistic photograph of luxury vinyl plank flooring being installed in a bright living room, with click-lock planks being joined together, a utility knife and straightedge nearby, and the transition between old and new flooring visible. The scene is set in a well-lit suburban home. natural lighting, shot on a Canon EOS R5 with a 35mm lens, shallow depth of field, editorial photography style. No text overlays, no watermarks, no logos, no artificial lighting artifacts. The image looks like it was taken by a professional home renovation photographer for an editorial magazine feature.","Q: What's the most durable option for installation cost for sheet vinyl flooring? A: Porcelain tile and luxury vinyl plank top the durability charts for most rooms. The right choice depends on your room's moisture exposure, traffic level, and subfloor condition. | Q: What tools do I need for this project? A: The exact tools depend on your approach, but most installation cost for sheet vinyl flooring projects need basic measuring and marking tools, safety gear, and the category-specific tools covered in the article above. | Q: What's the most common mistake to avoid? A: Skipping proper preparation is the number-one mistake. Whether it's surface prep, measuring twice, or reading the full instructions first — rushing the setup phase causes most DIY failures.",idea,Daniel Ware
236,2026-09-18,laminate-vinyl-floor,moisture damage laminate flooring,90,166.85,,informational,Moisture Damage Laminate Flooring: What Homeowners Should Know,moisture-damage-laminate-flooring-what-homeowners-should-know,"Thinking about moisture damage laminate flooring? Here's what it costs, how long it takes, and whether you should DIY it.",Flooring & Tile,laminate flooring; tile installation; flooring,install-vinyl-flooring-pricing-guide-for-homeowners; installation-vinyl-flooring-cost-what-to-expect-in-2026; installing-vinyl-flooring-cost-what-to-expect-in-2026; install-vinyl-sheet-flooring-pricing-guide-for-homeowners; installation-sheet-vinyl-flooring-cost-what-to-expect-in-2026,https://www.tcnatile.com/; https://www.epa.gov/lead; https://www.epa.gov/asbestos,"A photorealistic photograph of luxury vinyl plank flooring being installed in a bright living room, with click-lock planks being joined together, a utility knife and straightedge nearby, and the transition between old and new flooring visible. The scene is set in a well-lit suburban home. natural lighting, shot on a Canon EOS R5 with a 35mm lens, shallow depth of field, editorial photography style. No text overlays, no watermarks, no logos, no artificial lighting artifacts. The image looks like it was taken by a professional home renovation photographer for an editorial magazine feature.","Q: Can I install moisture damage laminate flooring over existing flooring? A: Some flooring goes directly over existing surfaces (LVP, laminate), while others need bare subfloor (tile, hardwood). Check your specific product requirements and subfloor condition first. | Q: Can a beginner handle this project? A: With proper research, the right tools, and realistic expectations about timeline, many first-timers succeed. Start with a small area to build confidence before tackling the main project. | Q: How long should I expect this project to take? A: A focused DIYer working weekends should budget 2–3x the time a pro would take. Factor in supply runs, learning curves, and the inevitable re-dos. Better to plan generously than rush.",idea,Daniel Ware
237,2026-09-19,laminate-vinyl-floor,vinyl flooring removal cost,110,11.13,2,informational,Vinyl Flooring Removal Pricing Guide for Homeowners,vinyl-flooring-removal-pricing-guide-for-homeowners,"Step-by-step guide to vinyl flooring removal cost: material options, installation tips, and honest cost expectations. Practical tips from real projects.",Flooring & Tile,cost guide; tile installation; flooring; vinyl flooring,installation-vinyl-flooring-cost-what-to-expect-in-2026; installing-vinyl-flooring-cost-what-to-expect-in-2026; install-vinyl-sheet-flooring-pricing-guide-for-homeowners; installation-sheet-vinyl-flooring-cost-what-to-expect-in-2026; moisture-damage-laminate-flooring-what-homeowners-should-know,https://www.epa.gov/asbestos; https://www.iccsafe.org/products-and-services/i-codes/2024-i-codes/irc/; https://www.nwfa.org/,"A photorealistic photograph of luxury vinyl plank flooring being installed in a bright living room, with click-lock planks being joined together, a utility knife and straightedge nearby, and the transition between old and new flooring visible. The scene is set in a well-lit suburban home. natural lighting, shot on a Canon EOS R5 with a 35mm lens, shallow depth of field, editorial photography style. No text overlays, no watermarks, no logos, no artificial lighting artifacts. The image looks like it was taken by a professional home renovation photographer for an editorial magazine feature.","Q: Can I install vinyl flooring removal cost over existing flooring? A: Some flooring goes directly over existing surfaces (LVP, laminate), while others need bare subfloor (tile, hardwood). Check your specific product requirements and subfloor condition first. | Q: Can a beginner handle this project? A: With proper research, the right tools, and realistic expectations about timeline, many first-timers succeed. Start with a small area to build confidence before tackling the main project. | Q: How long should I expect this project to take? A: A focused DIYer working weekends should budget 2–3x the time a pro would take. Factor in supply runs, learning curves, and the inevitable re-dos. Better to plan generously than rush.",idea,Daniel Ware
238,2026-09-19,laminate-vinyl-floor,laminate flooring replacement cost,170,31.64,,informational,Laminate Flooring Replacement Cost Breakdown: Real Numbers,laminate-flooring-replacement-cost-breakdown-real-numbers,"Thinking about laminate flooring replacement cost? Here's what it costs, how long it takes, and whether you should DIY it.",Flooring & Tile,laminate flooring; tile installation; flooring; cost guide,installing-vinyl-flooring-cost-what-to-expect-in-2026; install-vinyl-sheet-flooring-pricing-guide-for-homeowners; installation-sheet-vinyl-flooring-cost-what-to-expect-in-2026; moisture-damage-laminate-flooring-what-homeowners-should-know; vinyl-flooring-removal-pricing-guide-for-homeowners,https://www.nwfa.org/; https://www.tcnatile.com/,"A photorealistic photograph of luxury vinyl plank flooring being installed in a bright living room, with click-lock planks being joined together, a utility knife and straightedge nearby, and the transition between old and new flooring visible. The scene is set in a well-lit suburban home. natural lighting, shot on a Canon EOS R5 with a 35mm lens, shallow depth of field, editorial photography style. No text overlays, no watermarks, no logos, no artificial lighting artifacts. The image looks like it was taken by a professional home renovation photographer for an editorial magazine feature.","Q: What's the most durable option for laminate flooring replacement cost? A: Porcelain tile and luxury vinyl plank top the durability charts for most rooms. The right choice depends on your room's moisture exposure, traffic level, and subfloor condition. | Q: What tools do I need for this project? A: The exact tools depend on your approach, but most laminate flooring replacement cost projects need basic measuring and marking tools, safety gear, and the category-specific tools covered in the article above. | Q: What's the most common mistake to avoid? A: Skipping proper preparation is the number-one mistake. Whether it's surface prep, measuring twice, or reading the full instructions first — rushing the setup phase causes most DIY failures.",idea,Daniel Ware
239,2026-09-20,laminate-vinyl-floor,cost to install laminate wood flooring,260,14.76,14,commercial,Install Laminate Wood Flooring Cost: What to Expect in 2026,install-laminate-wood-flooring-cost-what-to-expect-in-2026,From subfloor prep to final trim — a practical guide to cost to install laminate wood flooring with real costs and pro tips.,Flooring & Tile,laminate flooring; tile installation; flooring; installation; cost guide,install-vinyl-sheet-flooring-pricing-guide-for-homeowners; installation-sheet-vinyl-flooring-cost-what-to-expect-in-2026; moisture-damage-laminate-flooring-what-homeowners-should-know; vinyl-flooring-removal-pricing-guide-for-homeowners; laminate-flooring-replacement-cost-breakdown-real-numbers,https://www.epa.gov/asbestos; https://www.iccsafe.org/products-and-services/i-codes/2024-i-codes/irc/,"A photorealistic photograph of luxury vinyl plank flooring being installed in a bright living room, with click-lock planks being joined together, a utility knife and straightedge nearby, and the transition between old and new flooring visible. The scene is set in a well-lit suburban home. natural lighting, shot on a Canon EOS R5 with a 35mm lens, shallow depth of field, editorial photography style. No text overlays, no watermarks, no logos, no artificial lighting artifacts. The image looks like it was taken by a professional home renovation photographer for an editorial magazine feature.","Q: What's the most durable option for cost to install laminate wood flooring? A: Porcelain tile and luxury vinyl plank top the durability charts for most rooms. The right choice depends on your room's moisture exposure, traffic level, and subfloor condition. | Q: What tools do I need for this project? A: The exact tools depend on your approach, but most cost to install laminate wood flooring projects need basic measuring and marking tools, safety gear, and the category-specific tools covered in the article above. | Q: What's the most common mistake to avoid? A: Skipping proper preparation is the number-one mistake. Whether it's surface prep, measuring twice, or reading the full instructions first — rushing the setup phase causes most DIY failures.",idea,Daniel Ware
240,2026-09-20,laminate-vinyl-floor,laminate wood flooring installation cost,260,14.76,14,commercial,Laminate Wood Flooring Installation Pricing Guide for Homeowners,laminate-wood-flooring-installation-pricing-guide-for-homeowners,"Thinking about laminate wood flooring installation cost? Here's what it costs, how long it takes, and whether you should DIY it.",Flooring & Tile,laminate flooring; tile installation; flooring; installation; cost guide,installation-sheet-vinyl-flooring-cost-what-to-expect-in-2026; moisture-damage-laminate-flooring-what-homeowners-should-know; vinyl-flooring-removal-pricing-guide-for-homeowners; laminate-flooring-replacement-cost-breakdown-real-numbers; install-laminate-wood-flooring-cost-what-to-expect-in-2026,https://www.iccsafe.org/products-and-services/i-codes/2024-i-codes/irc/; https://www.nwfa.org/; https://www.tcnatile.com/,"A photorealistic photograph of luxury vinyl plank flooring being installed in a bright living room, with click-lock planks being joined together, a utility knife and straightedge nearby, and the transition between old and new flooring visible. The scene is set in a well-lit suburban home. natural lighting, shot on a Canon EOS R5 with a 35mm lens, shallow depth of field, editorial photography style. No text overlays, no watermarks, no logos, no artificial lighting artifacts. The image looks like it was taken by a professional home renovation photographer for an editorial magazine feature.","Q: Can I install laminate wood flooring installation cost over existing flooring? A: Some flooring goes directly over existing surfaces (LVP, laminate), while others need bare subfloor (tile, hardwood). Check your specific product requirements and subfloor condition first. | Q: What tools do I need for this project? A: The exact tools depend on your approach, but most laminate wood flooring installation cost projects need basic measuring and marking tools, safety gear, and the category-specific tools covered in the article above. | Q: How long should I expect this project to take? A: A focused DIYer working weekends should budget 2–3x the time a pro would take. Factor in supply runs, learning curves, and the inevitable re-dos. Better to plan generously than rush.",idea,Daniel Ware
241,2026-09-21,laminate-vinyl-floor,laminate wood flooring cost installed,260,14.76,14,commercial,Laminate Wood Flooring Installed Cost Breakdown: Real Numbers,laminate-wood-flooring-installed-cost-breakdown-real-numbers,From subfloor prep to final trim — a practical guide to laminate wood flooring cost installed with real costs and pro tips.,Flooring & Tile,laminate flooring; tile installation; flooring; installation; cost guide,moisture-damage-laminate-flooring-what-homeowners-should-know; vinyl-flooring-removal-pricing-guide-for-homeowners; laminate-flooring-replacement-cost-breakdown-real-numbers; install-laminate-wood-flooring-cost-what-to-expect-in-2026; laminate-wood-flooring-installation-pricing-guide-for-homeowners,https://www.iccsafe.org/products-and-services/i-codes/2024-i-codes/irc/; https://www.nwfa.org/,"A photorealistic photograph of luxury vinyl plank flooring being installed in a bright living room, with click-lock planks being joined together, a utility knife and straightedge nearby, and the transition between old and new flooring visible. The scene is set in a well-lit suburban home. natural lighting, shot on a Canon EOS R5 with a 35mm lens, shallow depth of field, editorial photography style. No text overlays, no watermarks, no logos, no artificial lighting artifacts. The image looks like it was taken by a professional home renovation photographer for an editorial magazine feature.","Q: What's the most durable option for laminate wood flooring cost installed? A: Porcelain tile and luxury vinyl plank top the durability charts for most rooms. The right choice depends on your room's moisture exposure, traffic level, and subfloor condition. | Q: What tools do I need for this project? A: The exact tools depend on your approach, but most laminate wood flooring cost installed projects need basic measuring and marking tools, safety gear, and the category-specific tools covered in the article above. | Q: What's the most common mistake to avoid? A: Skipping proper preparation is the number-one mistake. Whether it's surface prep, measuring twice, or reading the full instructions first — rushing the setup phase causes most DIY failures.",idea,Daniel Ware
242,2026-09-21,plumbing-repair,24 hour plumbing repair,480,98.61,,commercial,24 Hour Plumbing Repair: DIY or Call a Pro?,24-hour-plumbing-repair-diy-or-call-a-pro,"Should you DIY 24 hour plumbing repair or call a pro? Real costs, skill requirements, and safety considerations. Practical tips from real projects.",Plumbing & Electrical,home repair; electrical; plumbing,home-plumbing-repairs-a-homeowners-guide; plumbing-repair-diy-or-call-a-pro; plumbing-companies-repair-diy-or-call-a-pro; vent-leaking-water-a-practical-guide; sewer-plumbing-repair-guide-what-to-know,https://www.osha.gov/; https://www.ul.com/,"A photorealistic photograph of a homeowner working under a kitchen sink with a wrench adjusting PVC drain fittings, a flashlight illuminating the work area, plumber's tape and pipe fittings spread on the cabinet floor. The scene is set in a well-lit suburban home. natural lighting, shot on a Canon EOS R5 with a 35mm lens, shallow depth of field, editorial photography style. No text overlays, no watermarks, no logos, no artificial lighting artifacts. The image looks like it was taken by a professional home renovation photographer for an editorial magazine feature.","Q: Should I DIY this or hire a licensed professional? A: Basic tasks like replacing a faucet or outlet cover are DIY-friendly. Anything involving main lines, gas, load-bearing walls, or your electrical panel should go to a licensed pro — it's a safety and code issue. | Q: What tools do I need for this project? A: The exact tools depend on your approach, but most 24 hour plumbing repair projects need basic measuring and marking tools, safety gear, and the category-specific tools covered in the article above. | Q: What's the most common mistake to avoid? A: Skipping proper preparation is the number-one mistake. Whether it's surface prep, measuring twice, or reading the full instructions first — rushing the setup phase causes most DIY failures.",idea,Daniel Ware
243,2026-09-22,plumbing-repair,plumbing repair services,2900,23.41,35,commercial,Plumbing Services Repairs: A Homeowner's Guide,plumbing-services-repairs-a-homeowners-guide,A straightforward guide to plumbing repair services: what you can handle yourself and when to pick up the phone. Practical tips from real projects.,Plumbing & Electrical,home repair; electrical; plumbing,plumbing-repair-diy-or-call-a-pro; plumbing-companies-repair-diy-or-call-a-pro; vent-leaking-water-a-practical-guide; sewer-plumbing-repair-guide-what-to-know; 24-hour-plumbing-repair-diy-or-call-a-pro,https://www.ul.com/; https://www.nfpa.org/codes-and-standards/nfpa-70-standard-development/70; https://www.iccsafe.org/products-and-services/i-codes/2024-i-codes/irc/,"A photorealistic photograph of a homeowner working under a kitchen sink with a wrench adjusting PVC drain fittings, a flashlight illuminating the work area, plumber's tape and pipe fittings spread on the cabinet floor. The scene is set in a well-lit suburban home. natural lighting, shot on a Canon EOS R5 with a 35mm lens, shallow depth of field, editorial photography style. No text overlays, no watermarks, no logos, no artificial lighting artifacts. The image looks like it was taken by a professional home renovation photographer for an editorial magazine feature.","Q: How do I find a reliable plumber or electrician? A: Ask neighbors for referrals, check reviews on multiple platforms, verify their license and insurance, and always get at least three written quotes before deciding. | Q: What tools do I need for this project? A: The exact tools depend on your approach, but most plumbing repair services projects need basic measuring and marking tools, safety gear, and the category-specific tools covered in the article above. | Q: How long should I expect this project to take? A: A focused DIYer working weekends should budget 2–3x the time a pro would take. Factor in supply runs, learning curves, and the inevitable re-dos. Better to plan generously than rush.",idea,Daniel Ware
244,2026-09-22,plumbing-repair,water leaking from ac vent in ceiling,170,125.71,,informational,The Real Deal on Water Leaking From Ac Vent in Ceiling,the-real-deal-on-water-leaking-from-ac-vent-in-ceiling,"Know what you're getting into with water leaking from ac vent in ceiling. Costs, code requirements, and the honest DIY difficulty level.",Plumbing & Electrical,water damage; electrical; plumbing,plumbing-companies-repair-diy-or-call-a-pro; vent-leaking-water-a-practical-guide; sewer-plumbing-repair-guide-what-to-know; 24-hour-plumbing-repair-diy-or-call-a-pro; plumbing-services-repairs-a-homeowners-guide,https://www.epa.gov/watersense; https://www.osha.gov/; https://www.ul.com/,"A photorealistic photograph of a homeowner working under a kitchen sink with a wrench adjusting PVC drain fittings, a flashlight illuminating the work area, plumber's tape and pipe fittings spread on the cabinet floor. The scene is set in a well-lit suburban home. natural lighting, shot on a Canon EOS R5 with a 35mm lens, shallow depth of field, editorial photography style. No text overlays, no watermarks, no logos, no artificial lighting artifacts. The image looks like it was taken by a professional home renovation photographer for an editorial magazine feature.","Q: How do I find a reliable plumber or electrician? A: Ask neighbors for referrals, check reviews on multiple platforms, verify their license and insurance, and always get at least three written quotes before deciding. | Q: Can a beginner handle this project? A: With proper research, the right tools, and realistic expectations about timeline, many first-timers succeed. Start with a small area to build confidence before tackling the main project. | Q: How long should I expect this project to take? A: A focused DIYer working weekends should budget 2–3x the time a pro would take. Factor in supply runs, learning curves, and the inevitable re-dos. Better to plan generously than rush.",idea,Daniel Ware
245,2026-09-23,plumbing-repair,plumbing drain repair,720,28.65,,commercial,Plumbing Drain Repair: DIY or Call a Pro?,plumbing-drain-repair-diy-or-call-a-pro,"Should you DIY plumbing drain repair or call a pro? Real costs, skill requirements, and safety considerations. Practical tips from real projects.",Plumbing & Electrical,home repair; electrical; plumbing,vent-leaking-water-a-practical-guide; sewer-plumbing-repair-guide-what-to-know; 24-hour-plumbing-repair-diy-or-call-a-pro; plumbing-services-repairs-a-homeowners-guide; the-real-deal-on-water-leaking-from-ac-vent-in-ceiling,https://www.nfpa.org/codes-and-standards/nfpa-70-standard-development/70; https://www.iccsafe.org/products-and-services/i-codes/2024-i-codes/irc/; https://www.epa.gov/watersense,"A photorealistic photograph of a homeowner working under a kitchen sink with a wrench adjusting PVC drain fittings, a flashlight illuminating the work area, plumber's tape and pipe fittings spread on the cabinet floor. The scene is set in a well-lit suburban home. natural lighting, shot on a Canon EOS R5 with a 35mm lens, shallow depth of field, editorial photography style. No text overlays, no watermarks, no logos, no artificial lighting artifacts. The image looks like it was taken by a professional home renovation photographer for an editorial magazine feature.","Q: How do I find a reliable plumber or electrician? A: Ask neighbors for referrals, check reviews on multiple platforms, verify their license and insurance, and always get at least three written quotes before deciding. | Q: What tools do I need for this project? A: The exact tools depend on your approach, but most plumbing drain repair projects need basic measuring and marking tools, safety gear, and the category-specific tools covered in the article above. | Q: How long should I expect this project to take? A: A focused DIYer working weekends should budget 2–3x the time a pro would take. Factor in supply runs, learning curves, and the inevitable re-dos. Better to plan generously than rush.",idea,Daniel Ware
246,2026-09-23,plumbing-repair,how to install xwfe water filter,170,38.62,6,informational,How to Install Xwfe Water Filter the Right Way,how-to-install-xwfe-water-filter-the-right-way,A straightforward guide to how to install xwfe water filter: what you can handle yourself and when to pick up the phone.,Plumbing & Electrical,water damage; installation; electrical; plumbing,sewer-plumbing-repair-guide-what-to-know; 24-hour-plumbing-repair-diy-or-call-a-pro; plumbing-services-repairs-a-homeowners-guide; the-real-deal-on-water-leaking-from-ac-vent-in-ceiling; plumbing-drain-repair-diy-or-call-a-pro,https://www.epa.gov/watersense; https://www.osha.gov/,"A photorealistic photograph of a homeowner reading a how-to guide on a tablet in a utility room with exposed pipes and an electrical panel visible, a flashlight and basic tools nearby. The scene is set in a well-lit suburban home. natural lighting, shot on a Canon EOS R5 with a 35mm lens, shallow depth of field, editorial photography style. No text overlays, no watermarks, no logos, no artificial lighting artifacts. The image looks like it was taken by a professional home renovation photographer for an editorial magazine feature.","Q: Should I DIY this or hire a licensed professional? A: Basic tasks like replacing a faucet or outlet cover are DIY-friendly. Anything involving main lines, gas, load-bearing walls, or your electrical panel should go to a licensed pro — it's a safety and code issue. | Q: What tools do I need for this project? A: The exact tools depend on your approach, but most how to install xwfe water filter projects need basic measuring and marking tools, safety gear, and the category-specific tools covered in the article above. | Q: What's the most common mistake to avoid? A: Skipping proper preparation is the number-one mistake. Whether it's surface prep, measuring twice, or reading the full instructions first — rushing the setup phase causes most DIY failures.",idea,Daniel Ware
247,2026-09-24,plumbing-repair,trenchless plumbing repair,210,49.2,13,commercial,Trenchless Plumbing Repairs: A Homeowner's Guide,trenchless-plumbing-repairs-a-homeowners-guide,A straightforward guide to trenchless plumbing repair: what you can handle yourself and when to pick up the phone. Practical tips from real projects.,Plumbing & Electrical,home repair; electrical; plumbing,24-hour-plumbing-repair-diy-or-call-a-pro; plumbing-services-repairs-a-homeowners-guide; the-real-deal-on-water-leaking-from-ac-vent-in-ceiling; plumbing-drain-repair-diy-or-call-a-pro; how-to-install-xwfe-water-filter-the-right-way,https://www.osha.gov/; https://www.ul.com/,"A photorealistic photograph of a homeowner working under a kitchen sink with a wrench adjusting PVC drain fittings, a flashlight illuminating the work area, plumber's tape and pipe fittings spread on the cabinet floor. The scene is set in a well-lit suburban home. natural lighting, shot on a Canon EOS R5 with a 35mm lens, shallow depth of field, editorial photography style. No text overlays, no watermarks, no logos, no artificial lighting artifacts. The image looks like it was taken by a professional home renovation photographer for an editorial magazine feature.","Q: Should I DIY this or hire a licensed professional? A: Basic tasks like replacing a faucet or outlet cover are DIY-friendly. Anything involving main lines, gas, load-bearing walls, or your electrical panel should go to a licensed pro — it's a safety and code issue. | Q: What tools do I need for this project? A: The exact tools depend on your approach, but most trenchless plumbing repair projects need basic measuring and marking tools, safety gear, and the category-specific tools covered in the article above. | Q: What's the most common mistake to avoid? A: Skipping proper preparation is the number-one mistake. Whether it's surface prep, measuring twice, or reading the full instructions first — rushing the setup phase causes most DIY failures.",idea,Daniel Ware
248,2026-09-24,plumbing-repair,plumbing repair company,260,56.68,20,commercial,Plumbing Company Repair Guide: What to Know,plumbing-company-repair-guide-what-to-know,"Know what you're getting into with plumbing repair company. Costs, code requirements, and the honest DIY difficulty level.",Plumbing & Electrical,home repair; electrical; plumbing,plumbing-services-repairs-a-homeowners-guide; the-real-deal-on-water-leaking-from-ac-vent-in-ceiling; plumbing-drain-repair-diy-or-call-a-pro; how-to-install-xwfe-water-filter-the-right-way; trenchless-plumbing-repairs-a-homeowners-guide,https://www.ul.com/; https://www.nfpa.org/codes-and-standards/nfpa-70-standard-development/70,"A photorealistic photograph of a homeowner working under a kitchen sink with a wrench adjusting PVC drain fittings, a flashlight illuminating the work area, plumber's tape and pipe fittings spread on the cabinet floor. The scene is set in a well-lit suburban home. natural lighting, shot on a Canon EOS R5 with a 35mm lens, shallow depth of field, editorial photography style. No text overlays, no watermarks, no logos, no artificial lighting artifacts. The image looks like it was taken by a professional home renovation photographer for an editorial magazine feature.","Q: Should I DIY this or hire a licensed professional? A: Basic tasks like replacing a faucet or outlet cover are DIY-friendly. Anything involving main lines, gas, load-bearing walls, or your electrical panel should go to a licensed pro — it's a safety and code issue. | Q: What tools do I need for this project? A: The exact tools depend on your approach, but most plumbing repair company projects need basic measuring and marking tools, safety gear, and the category-specific tools covered in the article above. | Q: What's the most common mistake to avoid? A: Skipping proper preparation is the number-one mistake. Whether it's surface prep, measuring twice, or reading the full instructions first — rushing the setup phase causes most DIY failures.",idea,Daniel Ware
249,2026-09-25,plumbing-repair,plumbing water leak repair,70,89.18,8,commercial,Plumbing Water Leak Repair Guide: What to Know,plumbing-water-leak-repair-guide-what-to-know,"Know what you're getting into with plumbing water leak repair. Costs, code requirements, and the honest DIY difficulty level.",Plumbing & Electrical,home repair; water damage; electrical; plumbing,the-real-deal-on-water-leaking-from-ac-vent-in-ceiling; plumbing-drain-repair-diy-or-call-a-pro; how-to-install-xwfe-water-filter-the-right-way; trenchless-plumbing-repairs-a-homeowners-guide; plumbing-company-repair-guide-what-to-know,https://www.osha.gov/; https://www.ul.com/; https://www.nfpa.org/codes-and-standards/nfpa-70-standard-development/70,"A photorealistic photograph of a homeowner working under a kitchen sink with a wrench adjusting PVC drain fittings, a flashlight illuminating the work area, plumber's tape and pipe fittings spread on the cabinet floor. The scene is set in a well-lit suburban home. natural lighting, shot on a Canon EOS R5 with a 35mm lens, shallow depth of field, editorial photography style. No text overlays, no watermarks, no logos, no artificial lighting artifacts. The image looks like it was taken by a professional home renovation photographer for an editorial magazine feature.","Q: How do I find a reliable plumber or electrician? A: Ask neighbors for referrals, check reviews on multiple platforms, verify their license and insurance, and always get at least three written quotes before deciding. | Q: What tools do I need for this project? A: The exact tools depend on your approach, but most plumbing water leak repair projects need basic measuring and marking tools, safety gear, and the category-specific tools covered in the article above. | Q: How long should I expect this project to take? A: A focused DIYer working weekends should budget 2–3x the time a pro would take. Factor in supply runs, learning curves, and the inevitable re-dos. Better to plan generously than rush.",idea,Daniel Ware
250,2026-09-25,plumbing-repair,plumbing snake repair,210,55.2,,commercial,Plumbing Snake Repairs: A Homeowner's Guide,plumbing-snake-repairs-a-homeowners-guide,A straightforward guide to plumbing snake repair: what you can handle yourself and when to pick up the phone. Practical tips from real projects.,Plumbing & Electrical,home repair; electrical; plumbing,plumbing-drain-repair-diy-or-call-a-pro; how-to-install-xwfe-water-filter-the-right-way; trenchless-plumbing-repairs-a-homeowners-guide; plumbing-company-repair-guide-what-to-know; plumbing-water-leak-repair-guide-what-to-know,https://www.ul.com/; https://www.nfpa.org/codes-and-standards/nfpa-70-standard-development/70; https://www.iccsafe.org/products-and-services/i-codes/2024-i-codes/irc/,"A photorealistic photograph of a homeowner working under a kitchen sink with a wrench adjusting PVC drain fittings, a flashlight illuminating the work area, plumber's tape and pipe fittings spread on the cabinet floor. The scene is set in a well-lit suburban home. natural lighting, shot on a Canon EOS R5 with a 35mm lens, shallow depth of field, editorial photography style. No text overlays, no watermarks, no logos, no artificial lighting artifacts. The image looks like it was taken by a professional home renovation photographer for an editorial magazine feature.","Q: How do I find a reliable plumber or electrician? A: Ask neighbors for referrals, check reviews on multiple platforms, verify their license and insurance, and always get at least three written quotes before deciding. | Q: What tools do I need for this project? A: The exact tools depend on your approach, but most plumbing snake repair projects need basic measuring and marking tools, safety gear, and the category-specific tools covered in the article above. | Q: How long should I expect this project to take? A: A focused DIYer working weekends should budget 2–3x the time a pro would take. Factor in supply runs, learning curves, and the inevitable re-dos. Better to plan generously than rush.",idea,Daniel Ware
251,2026-09-26,plumbing-repair,home water pump repair,110,88.38,,commercial,Home Water Pump Repairs: A Homeowner's Guide,home-water-pump-repairs-a-homeowners-guide,A straightforward guide to home water pump repair: what you can handle yourself and when to pick up the phone. Practical tips from real projects.,Plumbing & Electrical,home repair; water damage; electrical; plumbing,how-to-install-xwfe-water-filter-the-right-way; trenchless-plumbing-repairs-a-homeowners-guide; plumbing-company-repair-guide-what-to-know; plumbing-water-leak-repair-guide-what-to-know; plumbing-snake-repairs-a-homeowners-guide,https://www.nfpa.org/codes-and-standards/nfpa-70-standard-development/70; https://www.iccsafe.org/products-and-services/i-codes/2024-i-codes/irc/,"A photorealistic photograph of a homeowner reading a how-to guide on a tablet in a utility room with exposed pipes and an electrical panel visible, a flashlight and basic tools nearby. The scene is set in a well-lit suburban home. natural lighting, shot on a Canon EOS R5 with a 35mm lens, shallow depth of field, editorial photography style. No text overlays, no watermarks, no logos, no artificial lighting artifacts. The image looks like it was taken by a professional home renovation photographer for an editorial magazine feature.","Q: Should I DIY this or hire a licensed professional? A: Basic tasks like replacing a faucet or outlet cover are DIY-friendly. Anything involving main lines, gas, load-bearing walls, or your electrical panel should go to a licensed pro — it's a safety and code issue. | Q: What tools do I need for this project? A: The exact tools depend on your approach, but most home water pump repair projects need basic measuring and marking tools, safety gear, and the category-specific tools covered in the article above. | Q: What's the most common mistake to avoid? A: Skipping proper preparation is the number-one mistake. Whether it's surface prep, measuring twice, or reading the full instructions first — rushing the setup phase causes most DIY failures.",idea,Daniel Ware
252,2026-09-26,basement-finish,basement finishing estimates,210,17.31,1,informational,The Real Deal on Basement Finishing Estimates,the-real-deal-on-basement-finishing-estimates,"Considering basement finishing estimates? Here's what it actually takes — costs, permits, and the decisions that matter most.",Basement & Attic,attic renovation; basement finishing; basement,the-real-deal-on-finishing-basement; flooded-basement-restoration-honest-advice-for-your-home; basement-finishing-costs-what-homeowners-should-know; hiring-basement-finishing-pros-what-to-look-for,https://www.iccsafe.org/products-and-services/i-codes/2024-i-codes/irc/; https://www.energy.gov/energysaver/insulation; https://www.fema.gov/,"A photorealistic photograph of a basement being finished with metal stud framing going up, fiberglass insulation batts between some studs, recessed lighting cans visible in the ceiling joists above, and a level leaning against the wall. The scene is set in a well-lit suburban home. natural lighting, shot on a Canon EOS R5 with a 35mm lens, shallow depth of field, editorial photography style. No text overlays, no watermarks, no logos, no artificial lighting artifacts. The image looks like it was taken by a professional home renovation photographer for an editorial magazine feature.","Q: What about moisture problems? A: Address any moisture issues before finishing. This means proper exterior grading, waterproofing, a sump pump if needed, and a good dehumidifier. Finishing over a wet problem guarantees mold. | Q: Can a beginner handle this project? A: With proper research, the right tools, and realistic expectations about timeline, many first-timers succeed. Start with a small area to build confidence before tackling the main project. | Q: How long should I expect this project to take? A: A focused DIYer working weekends should budget 2–3x the time a pro would take. Factor in supply runs, learning curves, and the inevitable re-dos. Better to plan generously than rush.",idea,Daniel Ware
253,2026-09-27,basement-finish,basic basement finishing,140,16.69,1,informational,Basic Basement Finishing: Honest Advice for Your Home,basic-basement-finishing-honest-advice-for-your-home,"Considering basic basement finishing? Here's what it actually takes — costs, permits, and the decisions that matter most.",Basement & Attic,attic renovation; basement finishing; basement,flooded-basement-restoration-honest-advice-for-your-home; basement-finishing-costs-what-homeowners-should-know; hiring-basement-finishing-pros-what-to-look-for; the-real-deal-on-basement-finishing-estimates,https://www.energy.gov/energysaver/insulation; https://www.fema.gov/; https://www.epa.gov/radon,"A photorealistic photograph of a basement being finished with metal stud framing going up, fiberglass insulation batts between some studs, recessed lighting cans visible in the ceiling joists above, and a level leaning against the wall. The scene is set in a well-lit suburban home. natural lighting, shot on a Canon EOS R5 with a 35mm lens, shallow depth of field, editorial photography style. No text overlays, no watermarks, no logos, no artificial lighting artifacts. The image looks like it was taken by a professional home renovation photographer for an editorial magazine feature.","Q: What about moisture problems? A: Address any moisture issues before finishing. This means proper exterior grading, waterproofing, a sump pump if needed, and a good dehumidifier. Finishing over a wet problem guarantees mold. | Q: Can a beginner handle this project? A: With proper research, the right tools, and realistic expectations about timeline, many first-timers succeed. Start with a small area to build confidence before tackling the main project. | Q: How long should I expect this project to take? A: A focused DIYer working weekends should budget 2–3x the time a pro would take. Factor in supply runs, learning curves, and the inevitable re-dos. Better to plan generously than rush.",idea,Daniel Ware
254,2026-09-27,basement-finish,simple basement finishing,140,16.69,2,informational,Simple Basement Finishing: A DIYer's Honest Take,simple-basement-finishing-a-diyers-honest-take,"Considering simple basement finishing? Here's what it actually takes — costs, permits, and the decisions that matter most.",Basement & Attic,attic renovation; basement finishing; basement,basement-finishing-costs-what-homeowners-should-know; hiring-basement-finishing-pros-what-to-look-for; the-real-deal-on-basement-finishing-estimates; basic-basement-finishing-honest-advice-for-your-home,https://www.fema.gov/; https://www.epa.gov/radon,"A photorealistic photograph of a basement being finished with metal stud framing going up, fiberglass insulation batts between some studs, recessed lighting cans visible in the ceiling joists above, and a level leaning against the wall. The scene is set in a well-lit suburban home. natural lighting, shot on a Canon EOS R5 with a 35mm lens, shallow depth of field, editorial photography style. No text overlays, no watermarks, no logos, no artificial lighting artifacts. The image looks like it was taken by a professional home renovation photographer for an editorial magazine feature.","Q: Do I need a permit to finish this space? A: Almost certainly yes. Finishing a basement or attic into livable space requires permits for framing, electrical, plumbing, and egress. Skipping permits creates problems at resale. | Q: Can a beginner handle this project? A: With proper research, the right tools, and realistic expectations about timeline, many first-timers succeed. Start with a small area to build confidence before tackling the main project. | Q: What's the most common mistake to avoid? A: Skipping proper preparation is the number-one mistake. Whether it's surface prep, measuring twice, or reading the full instructions first — rushing the setup phase causes most DIY failures.",idea,Daniel Ware
255,2026-09-28,basement-finish,basement finishing specialist,90,24.25,2,commercial,Basement Finishing Specialist: A Practical Guide,basement-finishing-specialist-a-practical-guide,"Considering basement finishing specialist? Here's what it actually takes — costs, permits, and the decisions that matter most.",Basement & Attic,attic renovation; basement finishing; basement,basement-finishing-costs-what-homeowners-should-know; hiring-basement-finishing-pros-what-to-look-for; the-real-deal-on-basement-finishing-estimates; basic-basement-finishing-honest-advice-for-your-home; simple-basement-finishing-a-diyers-honest-take,https://www.epa.gov/mold; https://www.iccsafe.org/products-and-services/i-codes/2024-i-codes/irc/; https://www.energy.gov/energysaver/insulation,"A photorealistic photograph of a basement being finished with metal stud framing going up, fiberglass insulation batts between some studs, recessed lighting cans visible in the ceiling joists above, and a level leaning against the wall. The scene is set in a well-lit suburban home. natural lighting, shot on a Canon EOS R5 with a 35mm lens, shallow depth of field, editorial photography style. No text overlays, no watermarks, no logos, no artificial lighting artifacts. The image looks like it was taken by a professional home renovation photographer for an editorial magazine feature.","Q: What about moisture problems? A: Address any moisture issues before finishing. This means proper exterior grading, waterproofing, a sump pump if needed, and a good dehumidifier. Finishing over a wet problem guarantees mold. | Q: Can a beginner handle this project? A: With proper research, the right tools, and realistic expectations about timeline, many first-timers succeed. Start with a small area to build confidence before tackling the main project. | Q: How long should I expect this project to take? A: A focused DIYer working weekends should budget 2–3x the time a pro would take. Factor in supply runs, learning curves, and the inevitable re-dos. Better to plan generously than rush.",idea,Daniel Ware
256,2026-09-28,basement-finish,basement finishing services,320,30.09,15,commercial,Basement Finishing Services: A DIYer's Honest Take,basement-finishing-services-a-diyers-honest-take,"Practical guide to basement finishing services: real costs per square foot, timelines, and the gotchas nobody warns about.",Basement & Attic,attic renovation; basement finishing; basement,hiring-basement-finishing-pros-what-to-look-for; the-real-deal-on-basement-finishing-estimates; basic-basement-finishing-honest-advice-for-your-home; simple-basement-finishing-a-diyers-honest-take; basement-finishing-specialist-a-practical-guide,https://www.fema.gov/; https://www.epa.gov/radon,"A photorealistic photograph of a basement being finished with metal stud framing going up, fiberglass insulation batts between some studs, recessed lighting cans visible in the ceiling joists above, and a level leaning against the wall. The scene is set in a well-lit suburban home. natural lighting, shot on a Canon EOS R5 with a 35mm lens, shallow depth of field, editorial photography style. No text overlays, no watermarks, no logos, no artificial lighting artifacts. The image looks like it was taken by a professional home renovation photographer for an editorial magazine feature.","Q: Do I need a permit to finish this space? A: Almost certainly yes. Finishing a basement or attic into livable space requires permits for framing, electrical, plumbing, and egress. Skipping permits creates problems at resale. | Q: Can a beginner handle this project? A: With proper research, the right tools, and realistic expectations about timeline, many first-timers succeed. Start with a small area to build confidence before tackling the main project. | Q: What's the most common mistake to avoid? A: Skipping proper preparation is the number-one mistake. Whether it's surface prep, measuring twice, or reading the full instructions first — rushing the setup phase causes most DIY failures.",idea,Daniel Ware
257,2026-09-29,basement-finish,basement finishing service,320,30.09,21,commercial,Finding Good Basement Finishing Contractors Near You,finding-good-basement-finishing-contractors-near-you,Turn unused space into livable rooms. A real-world guide to basement finishing service with honest costs and timelines. Practical tips from real projects.,Basement & Attic,attic renovation; basement finishing; basement,the-real-deal-on-basement-finishing-estimates; basic-basement-finishing-honest-advice-for-your-home; simple-basement-finishing-a-diyers-honest-take; basement-finishing-specialist-a-practical-guide; basement-finishing-services-a-diyers-honest-take,https://www.epa.gov/mold; https://www.iccsafe.org/products-and-services/i-codes/2024-i-codes/irc/,"A photorealistic photograph of a basement being finished with metal stud framing going up, fiberglass insulation batts between some studs, recessed lighting cans visible in the ceiling joists above, and a level leaning against the wall. The scene is set in a well-lit suburban home. natural lighting, shot on a Canon EOS R5 with a 35mm lens, shallow depth of field, editorial photography style. No text overlays, no watermarks, no logos, no artificial lighting artifacts. The image looks like it was taken by a professional home renovation photographer for an editorial magazine feature.","Q: Do I need a permit to finish this space? A: Almost certainly yes. Finishing a basement or attic into livable space requires permits for framing, electrical, plumbing, and egress. Skipping permits creates problems at resale. | Q: Can a beginner handle this project? A: With proper research, the right tools, and realistic expectations about timeline, many first-timers succeed. Start with a small area to build confidence before tackling the main project. | Q: What's the most common mistake to avoid? A: Skipping proper preparation is the number-one mistake. Whether it's surface prep, measuring twice, or reading the full instructions first — rushing the setup phase causes most DIY failures.",idea,Daniel Ware
258,2026-09-29,basement-finish,basement finishing estimate,210,17.31,8,informational,Basement Finishing Estimate: What Homeowners Should Know,basement-finishing-estimate-what-homeowners-should-know,"Practical guide to basement finishing estimate: real costs per square foot, timelines, and the gotchas nobody warns about.",Basement & Attic,attic renovation; basement finishing; basement,basic-basement-finishing-honest-advice-for-your-home; simple-basement-finishing-a-diyers-honest-take; basement-finishing-specialist-a-practical-guide; basement-finishing-services-a-diyers-honest-take; finding-good-basement-finishing-contractors-near-you,https://www.epa.gov/radon; https://www.epa.gov/mold; https://www.iccsafe.org/products-and-services/i-codes/2024-i-codes/irc/,"A photorealistic photograph of a basement being finished with metal stud framing going up, fiberglass insulation batts between some studs, recessed lighting cans visible in the ceiling joists above, and a level leaning against the wall. The scene is set in a well-lit suburban home. natural lighting, shot on a Canon EOS R5 with a 35mm lens, shallow depth of field, editorial photography style. No text overlays, no watermarks, no logos, no artificial lighting artifacts. The image looks like it was taken by a professional home renovation photographer for an editorial magazine feature.","Q: What about moisture problems? A: Address any moisture issues before finishing. This means proper exterior grading, waterproofing, a sump pump if needed, and a good dehumidifier. Finishing over a wet problem guarantees mold. | Q: Can a beginner handle this project? A: With proper research, the right tools, and realistic expectations about timeline, many first-timers succeed. Start with a small area to build confidence before tackling the main project. | Q: How long should I expect this project to take? A: A focused DIYer working weekends should budget 2–3x the time a pro would take. Factor in supply runs, learning curves, and the inevitable re-dos. Better to plan generously than rush.",idea,Daniel Ware
259,2026-09-30,basement-finish,finishing basement cost estimator,170,11.39,6,informational,Finishing Basement Cost Breakdown: Real Numbers,finishing-basement-cost-breakdown-real-numbers,Turn unused space into livable rooms. A real-world guide to finishing basement cost estimator with honest costs and timelines.,Basement & Attic,attic renovation; basement; basement finishing; cost guide,simple-basement-finishing-a-diyers-honest-take; basement-finishing-specialist-a-practical-guide; basement-finishing-services-a-diyers-honest-take; finding-good-basement-finishing-contractors-near-you; basement-finishing-estimate-what-homeowners-should-know,https://www.iccsafe.org/products-and-services/i-codes/2024-i-codes/irc/; https://www.energy.gov/energysaver/insulation,"A photorealistic photograph of a basement being finished with metal stud framing going up, fiberglass insulation batts between some studs, recessed lighting cans visible in the ceiling joists above, and a level leaning against the wall. The scene is set in a well-lit suburban home. natural lighting, shot on a Canon EOS R5 with a 35mm lens, shallow depth of field, editorial photography style. No text overlays, no watermarks, no logos, no artificial lighting artifacts. The image looks like it was taken by a professional home renovation photographer for an editorial magazine feature.","Q: Do I need a permit to finish this space? A: Almost certainly yes. Finishing a basement or attic into livable space requires permits for framing, electrical, plumbing, and egress. Skipping permits creates problems at resale. | Q: Can a beginner handle this project? A: With proper research, the right tools, and realistic expectations about timeline, many first-timers succeed. Start with a small area to build confidence before tackling the main project. | Q: What's the most common mistake to avoid? A: Skipping proper preparation is the number-one mistake. Whether it's surface prep, measuring twice, or reading the full instructions first — rushing the setup phase causes most DIY failures.",idea,Daniel Ware
260,2026-09-30,window-door,window replacement naperville,590,39.67,,commercial,When to Replace Window Naperville: Signs and Costs,when-to-replace-window-naperville-signs-and-costs,"Planning window replacement naperville? Real costs, material comparisons, and the steps most DIY guides skip. Practical tips from real projects.",Outdoor & Landscaping,windows; outdoor projects; landscaping,window-deltona-replacement-full-planning-guide; window-contract-replacement-full-planning-guide; when-to-replace-signature-window-signs-and-costs; replacing-signature-window-and-door-what-it-costs-and-takes; professional-window-replacement-full-planning-guide,https://www.aarp.org/livable-communities/housing/; https://www.awc.org/,"A photorealistic photograph of a replacement window being installed in a residential home, with the old window removed showing the rough opening, foam insulation being sprayed around the frame, and the new vinyl double-hung window ready to be set. The scene is set in a well-lit suburban home. natural lighting, shot on a Canon EOS R5 with a 35mm lens, shallow depth of field, editorial photography style. No text overlays, no watermarks, no logos, no artificial lighting artifacts. The image looks like it was taken by a professional home renovation photographer for an editorial magazine feature.","Q: Do I need a permit for this project? A: Permit requirements vary by municipality. Generally, structures over a certain height or size, anything near property lines, and electrical/plumbing work require permits. Call your local building department to check. | Q: What tools do I need for this project? A: The exact tools depend on your approach, but most window replacement naperville projects need basic measuring and marking tools, safety gear, and the category-specific tools covered in the article above. | Q: What's the most common mistake to avoid? A: Skipping proper preparation is the number-one mistake. Whether it's surface prep, measuring twice, or reading the full instructions first — rushing the setup phase causes most DIY failures.",idea,Daniel Ware
261,2026-10-01,window-door,local contractors for window replacement,320,52.15,14,commercial,Replacing Local Contractors Window: What It Costs and Takes,replacing-local-contractors-window-what-it-costs-and-takes,"Everything you need for local contractors for window replacement: materials, costs, permits, and lessons from actual backyard projects.",Outdoor & Landscaping,windows; outdoor projects; landscaping,window-contract-replacement-full-planning-guide; when-to-replace-signature-window-signs-and-costs; replacing-signature-window-and-door-what-it-costs-and-takes; professional-window-replacement-full-planning-guide; when-to-replace-window-naperville-signs-and-costs,https://www.aarp.org/livable-communities/housing/; https://www.awc.org/,"A photorealistic photograph of a replacement window being installed in a residential home, with the old window removed showing the rough opening, foam insulation being sprayed around the frame, and the new vinyl double-hung window ready to be set. The scene is set in a well-lit suburban home. natural lighting, shot on a Canon EOS R5 with a 35mm lens, shallow depth of field, editorial photography style. No text overlays, no watermarks, no logos, no artificial lighting artifacts. The image looks like it was taken by a professional home renovation photographer for an editorial magazine feature.","Q: Do I need a permit for this project? A: Permit requirements vary by municipality. Generally, structures over a certain height or size, anything near property lines, and electrical/plumbing work require permits. Call your local building department to check. | Q: What tools do I need for this project? A: The exact tools depend on your approach, but most local contractors for window replacement projects need basic measuring and marking tools, safety gear, and the category-specific tools covered in the article above. | Q: What's the most common mistake to avoid? A: Skipping proper preparation is the number-one mistake. Whether it's surface prep, measuring twice, or reading the full instructions first — rushing the setup phase causes most DIY failures.",idea,Daniel Ware
262,2026-10-01,window-door,window replacement ames,390,48.8,,commercial,Replacing Window Ames: What It Costs and Takes,replacing-window-ames-what-it-costs-and-takes,"Everything you need for window replacement ames: materials, costs, permits, and lessons from actual backyard projects. Practical tips from real projects.",Outdoor & Landscaping,windows; outdoor projects; landscaping,when-to-replace-signature-window-signs-and-costs; replacing-signature-window-and-door-what-it-costs-and-takes; professional-window-replacement-full-planning-guide; when-to-replace-window-naperville-signs-and-costs; replacing-local-contractors-window-what-it-costs-and-takes,https://www.iccsafe.org/products-and-services/i-codes/2024-i-codes/irc/; https://www.strongtie.com/; https://www.epa.gov/watersense,"A photorealistic photograph of a replacement window being installed in a residential home, with the old window removed showing the rough opening, foam insulation being sprayed around the frame, and the new vinyl double-hung window ready to be set. The scene is set in a well-lit suburban home. natural lighting, shot on a Canon EOS R5 with a 35mm lens, shallow depth of field, editorial photography style. No text overlays, no watermarks, no logos, no artificial lighting artifacts. The image looks like it was taken by a professional home renovation photographer for an editorial magazine feature.","Q: What's the best time of year for this project? A: Spring and fall offer the best weather for most outdoor projects. Avoid extreme heat, freezing temperatures, and the rainy season in your area. Many contractors offer off-season discounts. | Q: What tools do I need for this project? A: The exact tools depend on your approach, but most window replacement ames projects need basic measuring and marking tools, safety gear, and the category-specific tools covered in the article above. | Q: How long should I expect this project to take? A: A focused DIYer working weekends should budget 2–3x the time a pro would take. Factor in supply runs, learning curves, and the inevitable re-dos. Better to plan generously than rush.",idea,Daniel Ware
263,2026-10-02,window-door,contractor for window replacement,1000,30.7,33,commercial,When to Replace Contractor Window: Signs and Costs,when-to-replace-contractor-window-signs-and-costs,"Planning contractor for window replacement? Real costs, material comparisons, and the steps most DIY guides skip. Practical tips from real projects.",Outdoor & Landscaping,windows; outdoor projects; landscaping,replacing-signature-window-and-door-what-it-costs-and-takes; professional-window-replacement-full-planning-guide; when-to-replace-window-naperville-signs-and-costs; replacing-local-contractors-window-what-it-costs-and-takes; replacing-window-ames-what-it-costs-and-takes,https://www.aarp.org/livable-communities/housing/; https://www.awc.org/; https://www.iccsafe.org/products-and-services/i-codes/2024-i-codes/irc/,"A photorealistic photograph of a replacement window being installed in a residential home, with the old window removed showing the rough opening, foam insulation being sprayed around the frame, and the new vinyl double-hung window ready to be set. The scene is set in a well-lit suburban home. natural lighting, shot on a Canon EOS R5 with a 35mm lens, shallow depth of field, editorial photography style. No text overlays, no watermarks, no logos, no artificial lighting artifacts. The image looks like it was taken by a professional home renovation photographer for an editorial magazine feature.","Q: What's the best time of year for this project? A: Spring and fall offer the best weather for most outdoor projects. Avoid extreme heat, freezing temperatures, and the rainy season in your area. Many contractors offer off-season discounts. | Q: What tools do I need for this project? A: The exact tools depend on your approach, but most contractor for window replacement projects need basic measuring and marking tools, safety gear, and the category-specific tools covered in the article above. | Q: How long should I expect this project to take? A: A focused DIYer working weekends should budget 2–3x the time a pro would take. Factor in supply runs, learning curves, and the inevitable re-dos. Better to plan generously than rush.",idea,Daniel Ware
264,2026-10-02,window-door,window replacement elgin,90,78.17,,commercial,When to Replace Window Elgin: Signs and Costs,when-to-replace-window-elgin-signs-and-costs,"Planning window replacement elgin? Real costs, material comparisons, and the steps most DIY guides skip. Practical tips from real projects.",Outdoor & Landscaping,windows; outdoor projects; landscaping,professional-window-replacement-full-planning-guide; when-to-replace-window-naperville-signs-and-costs; replacing-local-contractors-window-what-it-costs-and-takes; replacing-window-ames-what-it-costs-and-takes; when-to-replace-contractor-window-signs-and-costs,https://www.iccsafe.org/products-and-services/i-codes/2024-i-codes/irc/; https://www.strongtie.com/,"A photorealistic photograph of a replacement window being installed in a residential home, with the old window removed showing the rough opening, foam insulation being sprayed around the frame, and the new vinyl double-hung window ready to be set. The scene is set in a well-lit suburban home. natural lighting, shot on a Canon EOS R5 with a 35mm lens, shallow depth of field, editorial photography style. No text overlays, no watermarks, no logos, no artificial lighting artifacts. The image looks like it was taken by a professional home renovation photographer for an editorial magazine feature.","Q: Do I need a permit for this project? A: Permit requirements vary by municipality. Generally, structures over a certain height or size, anything near property lines, and electrical/plumbing work require permits. Call your local building department to check. | Q: What tools do I need for this project? A: The exact tools depend on your approach, but most window replacement elgin projects need basic measuring and marking tools, safety gear, and the category-specific tools covered in the article above. | Q: What's the most common mistake to avoid? A: Skipping proper preparation is the number-one mistake. Whether it's surface prep, measuring twice, or reading the full instructions first — rushing the setup phase causes most DIY failures.",idea,Daniel Ware
265,2026-10-03,window-door,full service window replacement,260,73.53,61,commercial,Replacing Full Service Window: What It Costs and Takes,replacing-full-service-window-what-it-costs-and-takes,"Everything you need for full service window replacement: materials, costs, permits, and lessons from actual backyard projects.",Outdoor & Landscaping,windows; outdoor projects; landscaping,when-to-replace-window-naperville-signs-and-costs; replacing-local-contractors-window-what-it-costs-and-takes; replacing-window-ames-what-it-costs-and-takes; when-to-replace-contractor-window-signs-and-costs; when-to-replace-window-elgin-signs-and-costs,https://www.awc.org/; https://www.iccsafe.org/products-and-services/i-codes/2024-i-codes/irc/; https://www.strongtie.com/,"A photorealistic photograph of a replacement window being installed in a residential home, with the old window removed showing the rough opening, foam insulation being sprayed around the frame, and the new vinyl double-hung window ready to be set. The scene is set in a well-lit suburban home. natural lighting, shot on a Canon EOS R5 with a 35mm lens, shallow depth of field, editorial photography style. No text overlays, no watermarks, no logos, no artificial lighting artifacts. The image looks like it was taken by a professional home renovation photographer for an editorial magazine feature.","Q: What's the best time of year for this project? A: Spring and fall offer the best weather for most outdoor projects. Avoid extreme heat, freezing temperatures, and the rainy season in your area. Many contractors offer off-season discounts. | Q: What tools do I need for this project? A: The exact tools depend on your approach, but most full service window replacement projects need basic measuring and marking tools, safety gear, and the category-specific tools covered in the article above. | Q: How long should I expect this project to take? A: A focused DIYer working weekends should budget 2–3x the time a pro would take. Factor in supply runs, learning curves, and the inevitable re-dos. Better to plan generously than rush.",idea,Daniel Ware
266,2026-10-03,water-heater,water heater smells like gas but no leak,210,83.76,,informational,Water Heater Smells Like Gas but No Leak: Honest Guide,water-heater-smells-like-gas-but-no-leak-honest-guide,"Know what you're getting into with water heater smells like gas but no leak. Costs, code requirements, and the honest DIY difficulty level.",Plumbing & Electrical,water damage; electrical; plumbing,honeywell-hot-water-heater-no-status-light-a-practical-guide; water-heater-constantly-running-a-diyers-honest-take; the-real-deal-on-water-heater-keeps-running; is-it-normal-for-water-heater-to-leak-honest-guide; water-heater-plano-repair-diy-or-call-a-pro,https://www.iccsafe.org/products-and-services/i-codes/2024-i-codes/irc/; https://www.osha.gov/; https://www.energy.gov/energysaver/water-heating,"A photorealistic photograph of a homeowner working under a kitchen sink with a wrench adjusting PVC drain fittings, a flashlight illuminating the work area, plumber's tape and pipe fittings spread on the cabinet floor. The scene is set in a well-lit suburban home. natural lighting, shot on a Canon EOS R5 with a 35mm lens, shallow depth of field, editorial photography style. No text overlays, no watermarks, no logos, no artificial lighting artifacts. The image looks like it was taken by a professional home renovation photographer for an editorial magazine feature.","Q: How do I find a reliable plumber or electrician? A: Ask neighbors for referrals, check reviews on multiple platforms, verify their license and insurance, and always get at least three written quotes before deciding. | Q: Can a beginner handle this project? A: With proper research, the right tools, and realistic expectations about timeline, many first-timers succeed. Start with a small area to build confidence before tackling the main project. | Q: How long should I expect this project to take? A: A focused DIYer working weekends should budget 2–3x the time a pro would take. Factor in supply runs, learning curves, and the inevitable re-dos. Better to plan generously than rush.",idea,Daniel Ware
267,2026-10-04,water-heater,turn on gas water heater,140,98.36,,informational,Turn on Gas Water Heater: Honest Advice for Your Home,turn-on-gas-water-heater-honest-advice-for-your-home,A straightforward guide to turn on gas water heater: what you can handle yourself and when to pick up the phone. Practical tips from real projects.,Plumbing & Electrical,water damage; electrical; plumbing,water-heater-constantly-running-a-diyers-honest-take; the-real-deal-on-water-heater-keeps-running; is-it-normal-for-water-heater-to-leak-honest-guide; water-heater-plano-repair-diy-or-call-a-pro; water-heater-smells-like-gas-but-no-leak-honest-guide,https://www.iccsafe.org/products-and-services/i-codes/2024-i-codes/irc/; https://www.osha.gov/; https://www.energy.gov/energysaver/water-heating,"A photorealistic photograph of a new tank water heater being installed in a utility closet, with copper supply lines being connected, a pipe wrench in use, and the old unit visible nearby waiting for removal. The scene is set in a well-lit suburban home. natural lighting, shot on a Canon EOS R5 with a 35mm lens, shallow depth of field, editorial photography style. No text overlays, no watermarks, no logos, no artificial lighting artifacts. The image looks like it was taken by a professional home renovation photographer for an editorial magazine feature.","Q: How do I find a reliable plumber or electrician? A: Ask neighbors for referrals, check reviews on multiple platforms, verify their license and insurance, and always get at least three written quotes before deciding. | Q: Can a beginner handle this project? A: With proper research, the right tools, and realistic expectations about timeline, many first-timers succeed. Start with a small area to build confidence before tackling the main project. | Q: How long should I expect this project to take? A: A focused DIYer working weekends should budget 2–3x the time a pro would take. Factor in supply runs, learning curves, and the inevitable re-dos. Better to plan generously than rush.",idea,Daniel Ware
268,2026-10-04,water-heater,water heater blow off valve leaking,140,78.15,,informational,Water Heater Blow Off Valve Leaking: A Practical Guide,water-heater-blow-off-valve-leaking-a-practical-guide,"Know what you're getting into with water heater blow off valve leaking. Costs, code requirements, and the honest DIY difficulty level.",Plumbing & Electrical,water damage; electrical; plumbing,the-real-deal-on-water-heater-keeps-running; is-it-normal-for-water-heater-to-leak-honest-guide; water-heater-plano-repair-diy-or-call-a-pro; water-heater-smells-like-gas-but-no-leak-honest-guide; turn-on-gas-water-heater-honest-advice-for-your-home,https://www.epa.gov/watersense; https://www.nfpa.org/codes-and-standards/nfpa-70-standard-development/70,"A photorealistic photograph of a homeowner working under a kitchen sink with a wrench adjusting PVC drain fittings, a flashlight illuminating the work area, plumber's tape and pipe fittings spread on the cabinet floor. The scene is set in a well-lit suburban home. natural lighting, shot on a Canon EOS R5 with a 35mm lens, shallow depth of field, editorial photography style. No text overlays, no watermarks, no logos, no artificial lighting artifacts. The image looks like it was taken by a professional home renovation photographer for an editorial magazine feature.","Q: Should I DIY this or hire a licensed professional? A: Basic tasks like replacing a faucet or outlet cover are DIY-friendly. Anything involving main lines, gas, load-bearing walls, or your electrical panel should go to a licensed pro — it's a safety and code issue. | Q: Can a beginner handle this project? A: With proper research, the right tools, and realistic expectations about timeline, many first-timers succeed. Start with a small area to build confidence before tackling the main project. | Q: What's the most common mistake to avoid? A: Skipping proper preparation is the number-one mistake. Whether it's surface prep, measuring twice, or reading the full instructions first — rushing the setup phase causes most DIY failures.",idea,Daniel Ware
269,2026-10-05,water-heater,pop off valve water heater leaking,140,78.15,,informational,Pop Off Valve Water Heater Leaking: Honest Advice for Your Home,pop-off-valve-water-heater-leaking-honest-advice-for-your-home,A straightforward guide to pop off valve water heater leaking: what you can handle yourself and when to pick up the phone.,Plumbing & Electrical,water damage; electrical; plumbing,is-it-normal-for-water-heater-to-leak-honest-guide; water-heater-plano-repair-diy-or-call-a-pro; water-heater-smells-like-gas-but-no-leak-honest-guide; turn-on-gas-water-heater-honest-advice-for-your-home; water-heater-blow-off-valve-leaking-a-practical-guide,https://www.iccsafe.org/products-and-services/i-codes/2024-i-codes/irc/; https://www.osha.gov/,"A photorealistic photograph of a homeowner working under a kitchen sink with a wrench adjusting PVC drain fittings, a flashlight illuminating the work area, plumber's tape and pipe fittings spread on the cabinet floor. The scene is set in a well-lit suburban home. natural lighting, shot on a Canon EOS R5 with a 35mm lens, shallow depth of field, editorial photography style. No text overlays, no watermarks, no logos, no artificial lighting artifacts. The image looks like it was taken by a professional home renovation photographer for an editorial magazine feature.","Q: Should I DIY this or hire a licensed professional? A: Basic tasks like replacing a faucet or outlet cover are DIY-friendly. Anything involving main lines, gas, load-bearing walls, or your electrical panel should go to a licensed pro — it's a safety and code issue. | Q: Can a beginner handle this project? A: With proper research, the right tools, and realistic expectations about timeline, many first-timers succeed. Start with a small area to build confidence before tackling the main project. | Q: What's the most common mistake to avoid? A: Skipping proper preparation is the number-one mistake. Whether it's surface prep, measuring twice, or reading the full instructions first — rushing the setup phase causes most DIY failures.",idea,Daniel Ware
270,2026-10-05,water-heater,how often to flush hot water heater,140,76.67,,informational,How Often to Flush Hot Water Heater: A DIYer's Honest Take,how-often-to-flush-hot-water-heater-a-diyers-honest-take,A straightforward guide to how often to flush hot water heater: what you can handle yourself and when to pick up the phone.,Plumbing & Electrical,water damage; electrical; plumbing,water-heater-plano-repair-diy-or-call-a-pro; water-heater-smells-like-gas-but-no-leak-honest-guide; turn-on-gas-water-heater-honest-advice-for-your-home; water-heater-blow-off-valve-leaking-a-practical-guide; pop-off-valve-water-heater-leaking-honest-advice-for-your-home,https://www.osha.gov/; https://www.energy.gov/energysaver/water-heating; https://www.epa.gov/watersense,"A photorealistic photograph of a new tank water heater being installed in a utility closet, with copper supply lines being connected, a pipe wrench in use, and the old unit visible nearby waiting for removal. The scene is set in a well-lit suburban home. natural lighting, shot on a Canon EOS R5 with a 35mm lens, shallow depth of field, editorial photography style. No text overlays, no watermarks, no logos, no artificial lighting artifacts. The image looks like it was taken by a professional home renovation photographer for an editorial magazine feature.","Q: How do I find a reliable plumber or electrician? A: Ask neighbors for referrals, check reviews on multiple platforms, verify their license and insurance, and always get at least three written quotes before deciding. | Q: Can a beginner handle this project? A: With proper research, the right tools, and realistic expectations about timeline, many first-timers succeed. Start with a small area to build confidence before tackling the main project. | Q: How long should I expect this project to take? A: A focused DIYer working weekends should budget 2–3x the time a pro would take. Factor in supply runs, learning curves, and the inevitable re-dos. Better to plan generously than rush.",idea,Daniel Ware
271,2026-10-06,water-heater,24 hour water heater repair,110,77.97,16,informational,24 Hour Water Heater Repair: DIY or Call a Pro?,24-hour-water-heater-repair-diy-or-call-a-pro,"Should you DIY 24 hour water heater repair or call a pro? Real costs, skill requirements, and safety considerations. Practical tips from real projects.",Plumbing & Electrical,home repair; water damage; electrical; plumbing,water-heater-smells-like-gas-but-no-leak-honest-guide; turn-on-gas-water-heater-honest-advice-for-your-home; water-heater-blow-off-valve-leaking-a-practical-guide; pop-off-valve-water-heater-leaking-honest-advice-for-your-home; how-often-to-flush-hot-water-heater-a-diyers-honest-take,https://www.energy.gov/energysaver/water-heating; https://www.epa.gov/watersense; https://www.nfpa.org/codes-and-standards/nfpa-70-standard-development/70,"A photorealistic photograph of a new tank water heater being installed in a utility closet, with copper supply lines being connected, a pipe wrench in use, and the old unit visible nearby waiting for removal. The scene is set in a well-lit suburban home. natural lighting, shot on a Canon EOS R5 with a 35mm lens, shallow depth of field, editorial photography style. No text overlays, no watermarks, no logos, no artificial lighting artifacts. The image looks like it was taken by a professional home renovation photographer for an editorial magazine feature.","Q: How do I find a reliable plumber or electrician? A: Ask neighbors for referrals, check reviews on multiple platforms, verify their license and insurance, and always get at least three written quotes before deciding. | Q: What tools do I need for this project? A: The exact tools depend on your approach, but most 24 hour water heater repair projects need basic measuring and marking tools, safety gear, and the category-specific tools covered in the article above. | Q: How long should I expect this project to take? A: A focused DIYer working weekends should budget 2–3x the time a pro would take. Factor in supply runs, learning curves, and the inevitable re-dos. Better to plan generously than rush.",idea,Daniel Ware
272,2026-10-06,water-heater,24-hour water heater repair,110,77.97,16,commercial,24-hour Water Heater Repair Guide: What to Know,24-hour-water-heater-repair-guide-what-to-know,"Know what you're getting into with 24-hour water heater repair. Costs, code requirements, and the honest DIY difficulty level.",Plumbing & Electrical,home repair; water damage; electrical; plumbing,turn-on-gas-water-heater-honest-advice-for-your-home; water-heater-blow-off-valve-leaking-a-practical-guide; pop-off-valve-water-heater-leaking-honest-advice-for-your-home; how-often-to-flush-hot-water-heater-a-diyers-honest-take; 24-hour-water-heater-repair-diy-or-call-a-pro,https://www.energy.gov/energysaver/water-heating; https://www.epa.gov/watersense; https://www.nfpa.org/codes-and-standards/nfpa-70-standard-development/70,"A photorealistic photograph of a new tank water heater being installed in a utility closet, with copper supply lines being connected, a pipe wrench in use, and the old unit visible nearby waiting for removal. The scene is set in a well-lit suburban home. natural lighting, shot on a Canon EOS R5 with a 35mm lens, shallow depth of field, editorial photography style. No text overlays, no watermarks, no logos, no artificial lighting artifacts. The image looks like it was taken by a professional home renovation photographer for an editorial magazine feature.","Q: How do I find a reliable plumber or electrician? A: Ask neighbors for referrals, check reviews on multiple platforms, verify their license and insurance, and always get at least three written quotes before deciding. | Q: What tools do I need for this project? A: The exact tools depend on your approach, but most 24-hour water heater repair projects need basic measuring and marking tools, safety gear, and the category-specific tools covered in the article above. | Q: How long should I expect this project to take? A: A focused DIYer working weekends should budget 2–3x the time a pro would take. Factor in supply runs, learning curves, and the inevitable re-dos. Better to plan generously than rush.",idea,Daniel Ware
273,2026-10-07,water-heater,water heater pipe size,140,73.41,,transactional,Water Heater Pipe Size: What Homeowners Should Know,water-heater-pipe-size-what-homeowners-should-know,"Know what you're getting into with water heater pipe size. Costs, code requirements, and the honest DIY difficulty level.",Plumbing & Electrical,water damage; electrical; plumbing,water-heater-blow-off-valve-leaking-a-practical-guide; pop-off-valve-water-heater-leaking-honest-advice-for-your-home; how-often-to-flush-hot-water-heater-a-diyers-honest-take; 24-hour-water-heater-repair-diy-or-call-a-pro; 24-hour-water-heater-repair-guide-what-to-know,https://www.energy.gov/energysaver/water-heating; https://www.epa.gov/watersense,"A photorealistic photograph of a homeowner working under a kitchen sink with a wrench adjusting PVC drain fittings, a flashlight illuminating the work area, plumber's tape and pipe fittings spread on the cabinet floor. The scene is set in a well-lit suburban home. natural lighting, shot on a Canon EOS R5 with a 35mm lens, shallow depth of field, editorial photography style. No text overlays, no watermarks, no logos, no artificial lighting artifacts. The image looks like it was taken by a professional home renovation photographer for an editorial magazine feature.","Q: Should I DIY this or hire a licensed professional? A: Basic tasks like replacing a faucet or outlet cover are DIY-friendly. Anything involving main lines, gas, load-bearing walls, or your electrical panel should go to a licensed pro — it's a safety and code issue. | Q: Can a beginner handle this project? A: With proper research, the right tools, and realistic expectations about timeline, many first-timers succeed. Start with a small area to build confidence before tackling the main project. | Q: What's the most common mistake to avoid? A: Skipping proper preparation is the number-one mistake. Whether it's surface prep, measuring twice, or reading the full instructions first — rushing the setup phase causes most DIY failures.",idea,Daniel Ware
274,2026-10-07,water-heater,why is water heater making noise,110,79.68,,informational,The Real Deal on Why is Water Heater Making Noise,the-real-deal-on-why-is-water-heater-making-noise,"Should you DIY why is water heater making noise or call a pro? Real costs, skill requirements, and safety considerations.",Plumbing & Electrical,water damage; electrical; plumbing,pop-off-valve-water-heater-leaking-honest-advice-for-your-home; how-often-to-flush-hot-water-heater-a-diyers-honest-take; 24-hour-water-heater-repair-diy-or-call-a-pro; 24-hour-water-heater-repair-guide-what-to-know; water-heater-pipe-size-what-homeowners-should-know,https://www.nfpa.org/codes-and-standards/nfpa-70-standard-development/70; https://www.iccsafe.org/products-and-services/i-codes/2024-i-codes/irc/,"A photorealistic photograph of a new tank water heater being installed in a utility closet, with copper supply lines being connected, a pipe wrench in use, and the old unit visible nearby waiting for removal. The scene is set in a well-lit suburban home. natural lighting, shot on a Canon EOS R5 with a 35mm lens, shallow depth of field, editorial photography style. No text overlays, no watermarks, no logos, no artificial lighting artifacts. The image looks like it was taken by a professional home renovation photographer for an editorial magazine feature.","Q: Should I DIY this or hire a licensed professional? A: Basic tasks like replacing a faucet or outlet cover are DIY-friendly. Anything involving main lines, gas, load-bearing walls, or your electrical panel should go to a licensed pro — it's a safety and code issue. | Q: Can a beginner handle this project? A: With proper research, the right tools, and realistic expectations about timeline, many first-timers succeed. Start with a small area to build confidence before tackling the main project. | Q: What's the most common mistake to avoid? A: Skipping proper preparation is the number-one mistake. Whether it's surface prep, measuring twice, or reading the full instructions first — rushing the setup phase causes most DIY failures.",idea,Daniel Ware
275,2026-10-08,fence-build,invisible fence installation cost,1600,9.74,,commercial,Invisible Fence Installation Pricing Guide for Homeowners,invisible-fence-installation-pricing-guide-for-homeowners,"A hands-on guide to invisible fence installation cost with actual project costs, timelines, and what to watch out for. Practical tips from real projects.",Outdoor & Landscaping,outdoor projects; fencing; landscaping; installation; cost guide,chain-wire-fence-installation-guide-diy-or-hire-out; installing-chain-fence-what-to-know-first; chain-link-fence-installation-costs-and-tips; cedar-fence-installation-guide-diy-or-hire-out; wrought-iron-fence-installation-costs-and-tips,https://www.iccsafe.org/products-and-services/i-codes/2024-i-codes/irc/; https://www.strongtie.com/; https://www.epa.gov/watersense,"A photorealistic photograph of a cedar privacy fence being built in a suburban backyard, with a post hole digger next to a freshly set post, horizontal rails being nailed, and stacks of pickets leaning against the partially completed fence. The scene is set in a well-lit suburban home. natural lighting, shot on a Canon EOS R5 with a 35mm lens, shallow depth of field, editorial photography style. No text overlays, no watermarks, no logos, no artificial lighting artifacts. The image looks like it was taken by a professional home renovation photographer for an editorial magazine feature.","Q: What's the best time of year for this project? A: Spring and fall offer the best weather for most outdoor projects. Avoid extreme heat, freezing temperatures, and the rainy season in your area. Many contractors offer off-season discounts. | Q: What tools do I need for this project? A: The exact tools depend on your approach, but most invisible fence installation cost projects need basic measuring and marking tools, safety gear, and the category-specific tools covered in the article above. | Q: How long should I expect this project to take? A: A focused DIYer working weekends should budget 2–3x the time a pro would take. Factor in supply runs, learning curves, and the inevitable re-dos. Better to plan generously than rush.",idea,Daniel Ware
276,2026-10-08,fence-build,underground fence installation cost,1600,9.74,,commercial,Underground Fence Installation Pricing Guide for Homeowners,underground-fence-installation-pricing-guide-for-homeowners,"Everything you need for underground fence installation cost: materials, costs, permits, and lessons from actual backyard projects.",Outdoor & Landscaping,outdoor projects; fencing; landscaping; installation; cost guide,installing-chain-fence-what-to-know-first; chain-link-fence-installation-costs-and-tips; cedar-fence-installation-guide-diy-or-hire-out; wrought-iron-fence-installation-costs-and-tips; invisible-fence-installation-pricing-guide-for-homeowners,https://www.iccsafe.org/products-and-services/i-codes/2024-i-codes/irc/; https://www.strongtie.com/; https://www.epa.gov/watersense,"A photorealistic photograph of a cedar privacy fence being built in a suburban backyard, with a post hole digger next to a freshly set post, horizontal rails being nailed, and stacks of pickets leaning against the partially completed fence. The scene is set in a well-lit suburban home. natural lighting, shot on a Canon EOS R5 with a 35mm lens, shallow depth of field, editorial photography style. No text overlays, no watermarks, no logos, no artificial lighting artifacts. The image looks like it was taken by a professional home renovation photographer for an editorial magazine feature.","Q: What's the best time of year for this project? A: Spring and fall offer the best weather for most outdoor projects. Avoid extreme heat, freezing temperatures, and the rainy season in your area. Many contractors offer off-season discounts. | Q: What tools do I need for this project? A: The exact tools depend on your approach, but most underground fence installation cost projects need basic measuring and marking tools, safety gear, and the category-specific tools covered in the article above. | Q: How long should I expect this project to take? A: A focused DIYer working weekends should budget 2–3x the time a pro would take. Factor in supply runs, learning curves, and the inevitable re-dos. Better to plan generously than rush.",idea,Daniel Ware
277,2026-10-09,fence-build,invisible dog fence installation cost,1600,9.74,,commercial,How Much Does Invisible Dog Fence Installation Really Cost?,how-much-does-invisible-dog-fence-installation-really-cost,"A hands-on guide to invisible dog fence installation cost with actual project costs, timelines, and what to watch out for.",Outdoor & Landscaping,outdoor projects; fencing; landscaping; installation; cost guide,chain-link-fence-installation-costs-and-tips; cedar-fence-installation-guide-diy-or-hire-out; wrought-iron-fence-installation-costs-and-tips; invisible-fence-installation-pricing-guide-for-homeowners; underground-fence-installation-pricing-guide-for-homeowners,https://www.awc.org/; https://www.iccsafe.org/products-and-services/i-codes/2024-i-codes/irc/; https://www.strongtie.com/,"A photorealistic photograph of a cedar privacy fence being built in a suburban backyard, with a post hole digger next to a freshly set post, horizontal rails being nailed, and stacks of pickets leaning against the partially completed fence. The scene is set in a well-lit suburban home. natural lighting, shot on a Canon EOS R5 with a 35mm lens, shallow depth of field, editorial photography style. No text overlays, no watermarks, no logos, no artificial lighting artifacts. The image looks like it was taken by a professional home renovation photographer for an editorial magazine feature.","Q: What's the best time of year for this project? A: Spring and fall offer the best weather for most outdoor projects. Avoid extreme heat, freezing temperatures, and the rainy season in your area. Many contractors offer off-season discounts. | Q: What tools do I need for this project? A: The exact tools depend on your approach, but most invisible dog fence installation cost projects need basic measuring and marking tools, safety gear, and the category-specific tools covered in the article above. | Q: How long should I expect this project to take? A: A focused DIYer working weekends should budget 2–3x the time a pro would take. Factor in supply runs, learning curves, and the inevitable re-dos. Better to plan generously than rush.",idea,Daniel Ware
278,2026-10-09,fence-build,pet fence installation cost,1600,9.74,,commercial,Pet Fence Installation Cost: What to Expect in 2026,pet-fence-installation-cost-what-to-expect-in-2026,"Everything you need for pet fence installation cost: materials, costs, permits, and lessons from actual backyard projects.",Outdoor & Landscaping,outdoor projects; fencing; landscaping; installation; cost guide,cedar-fence-installation-guide-diy-or-hire-out; wrought-iron-fence-installation-costs-and-tips; invisible-fence-installation-pricing-guide-for-homeowners; underground-fence-installation-pricing-guide-for-homeowners; how-much-does-invisible-dog-fence-installation-really-cost,https://www.strongtie.com/; https://www.epa.gov/watersense,"A photorealistic photograph of a cedar privacy fence being built in a suburban backyard, with a post hole digger next to a freshly set post, horizontal rails being nailed, and stacks of pickets leaning against the partially completed fence. The scene is set in a well-lit suburban home. natural lighting, shot on a Canon EOS R5 with a 35mm lens, shallow depth of field, editorial photography style. No text overlays, no watermarks, no logos, no artificial lighting artifacts. The image looks like it was taken by a professional home renovation photographer for an editorial magazine feature.","Q: Do I need a permit for this project? A: Permit requirements vary by municipality. Generally, structures over a certain height or size, anything near property lines, and electrical/plumbing work require permits. Call your local building department to check. | Q: What tools do I need for this project? A: The exact tools depend on your approach, but most pet fence installation cost projects need basic measuring and marking tools, safety gear, and the category-specific tools covered in the article above. | Q: What's the most common mistake to avoid? A: Skipping proper preparation is the number-one mistake. Whether it's surface prep, measuring twice, or reading the full instructions first — rushing the setup phase causes most DIY failures.",idea,Daniel Ware
279,2026-10-10,fence-build,cost of dog fence installation,1600,9.74,,commercial,Dog Fence Installation Cost Breakdown: Real Numbers,dog-fence-installation-cost-breakdown-real-numbers,"A hands-on guide to cost of dog fence installation with actual project costs, timelines, and what to watch out for. Practical tips from real projects.",Outdoor & Landscaping,outdoor projects; fencing; landscaping; installation; cost guide,wrought-iron-fence-installation-costs-and-tips; invisible-fence-installation-pricing-guide-for-homeowners; underground-fence-installation-pricing-guide-for-homeowners; how-much-does-invisible-dog-fence-installation-really-cost; pet-fence-installation-cost-what-to-expect-in-2026,https://www.strongtie.com/; https://www.epa.gov/watersense,"A photorealistic photograph of a cedar privacy fence being built in a suburban backyard, with a post hole digger next to a freshly set post, horizontal rails being nailed, and stacks of pickets leaning against the partially completed fence. The scene is set in a well-lit suburban home. natural lighting, shot on a Canon EOS R5 with a 35mm lens, shallow depth of field, editorial photography style. No text overlays, no watermarks, no logos, no artificial lighting artifacts. The image looks like it was taken by a professional home renovation photographer for an editorial magazine feature.","Q: Do I need a permit for this project? A: Permit requirements vary by municipality. Generally, structures over a certain height or size, anything near property lines, and electrical/plumbing work require permits. Call your local building department to check. | Q: What tools do I need for this project? A: The exact tools depend on your approach, but most cost of dog fence installation projects need basic measuring and marking tools, safety gear, and the category-specific tools covered in the article above. | Q: What's the most common mistake to avoid? A: Skipping proper preparation is the number-one mistake. Whether it's surface prep, measuring twice, or reading the full instructions first — rushing the setup phase causes most DIY failures.",idea,Daniel Ware
280,2026-10-10,fence-build,fence installation company,2400,10.38,34,commercial,Fence Company Installation Guide: DIY or Hire Out?,fence-company-installation-guide-diy-or-hire-out,"Everything you need for fence installation company: materials, costs, permits, and lessons from actual backyard projects.",Outdoor & Landscaping,fencing; installation; outdoor projects; landscaping,invisible-fence-installation-pricing-guide-for-homeowners; underground-fence-installation-pricing-guide-for-homeowners; how-much-does-invisible-dog-fence-installation-really-cost; pet-fence-installation-cost-what-to-expect-in-2026; dog-fence-installation-cost-breakdown-real-numbers,https://www.strongtie.com/; https://www.epa.gov/watersense; https://www.aarp.org/livable-communities/housing/,"A photorealistic photograph of a cedar privacy fence being built in a suburban backyard, with a post hole digger next to a freshly set post, horizontal rails being nailed, and stacks of pickets leaning against the partially completed fence. The scene is set in a well-lit suburban home. natural lighting, shot on a Canon EOS R5 with a 35mm lens, shallow depth of field, editorial photography style. No text overlays, no watermarks, no logos, no artificial lighting artifacts. The image looks like it was taken by a professional home renovation photographer for an editorial magazine feature.","Q: What's the best time of year for this project? A: Spring and fall offer the best weather for most outdoor projects. Avoid extreme heat, freezing temperatures, and the rainy season in your area. Many contractors offer off-season discounts. | Q: What tools do I need for this project? A: The exact tools depend on your approach, but most fence installation company projects need basic measuring and marking tools, safety gear, and the category-specific tools covered in the article above. | Q: How long should I expect this project to take? A: A focused DIYer working weekends should budget 2–3x the time a pro would take. Factor in supply runs, learning curves, and the inevitable re-dos. Better to plan generously than rush.",idea,Daniel Ware
281,2026-10-11,fence-build,fence installation companies,2400,10.38,34,commercial,Installing Fence Companies: What to Know First,installing-fence-companies-what-to-know-first,"A hands-on guide to fence installation companies with actual project costs, timelines, and what to watch out for. Practical tips from real projects.",Outdoor & Landscaping,fencing; installation; outdoor projects; landscaping,underground-fence-installation-pricing-guide-for-homeowners; how-much-does-invisible-dog-fence-installation-really-cost; pet-fence-installation-cost-what-to-expect-in-2026; dog-fence-installation-cost-breakdown-real-numbers; fence-company-installation-guide-diy-or-hire-out,https://www.aarp.org/livable-communities/housing/; https://www.awc.org/; https://www.iccsafe.org/products-and-services/i-codes/2024-i-codes/irc/,"A photorealistic photograph of a cedar privacy fence being built in a suburban backyard, with a post hole digger next to a freshly set post, horizontal rails being nailed, and stacks of pickets leaning against the partially completed fence. The scene is set in a well-lit suburban home. natural lighting, shot on a Canon EOS R5 with a 35mm lens, shallow depth of field, editorial photography style. No text overlays, no watermarks, no logos, no artificial lighting artifacts. The image looks like it was taken by a professional home renovation photographer for an editorial magazine feature.","Q: What's the best time of year for this project? A: Spring and fall offer the best weather for most outdoor projects. Avoid extreme heat, freezing temperatures, and the rainy season in your area. Many contractors offer off-season discounts. | Q: What tools do I need for this project? A: The exact tools depend on your approach, but most fence installation companies projects need basic measuring and marking tools, safety gear, and the category-specific tools covered in the article above. | Q: How long should I expect this project to take? A: A focused DIYer working weekends should budget 2–3x the time a pro would take. Factor in supply runs, learning curves, and the inevitable re-dos. Better to plan generously than rush.",idea,Daniel Ware
282,2026-10-11,fence-build,residential fence installation,390,9.3,5,commercial,Residential Fence Installation Guide: DIY or Hire Out?,residential-fence-installation-guide-diy-or-hire-out,"Everything you need for residential fence installation: materials, costs, permits, and lessons from actual backyard projects.",Outdoor & Landscaping,fencing; outdoor projects; landscaping; installation,how-much-does-invisible-dog-fence-installation-really-cost; pet-fence-installation-cost-what-to-expect-in-2026; dog-fence-installation-cost-breakdown-real-numbers; fence-company-installation-guide-diy-or-hire-out; installing-fence-companies-what-to-know-first,https://www.aarp.org/livable-communities/housing/; https://www.awc.org/,"A photorealistic photograph of a cedar privacy fence being built in a suburban backyard, with a post hole digger next to a freshly set post, horizontal rails being nailed, and stacks of pickets leaning against the partially completed fence. The scene is set in a well-lit suburban home. natural lighting, shot on a Canon EOS R5 with a 35mm lens, shallow depth of field, editorial photography style. No text overlays, no watermarks, no logos, no artificial lighting artifacts. The image looks like it was taken by a professional home renovation photographer for an editorial magazine feature.","Q: Do I need a permit for this project? A: Permit requirements vary by municipality. Generally, structures over a certain height or size, anything near property lines, and electrical/plumbing work require permits. Call your local building department to check. | Q: What tools do I need for this project? A: The exact tools depend on your approach, but most residential fence installation projects need basic measuring and marking tools, safety gear, and the category-specific tools covered in the article above. | Q: What's the most common mistake to avoid? A: Skipping proper preparation is the number-one mistake. Whether it's surface prep, measuring twice, or reading the full instructions first — rushing the setup phase causes most DIY failures.",idea,Daniel Ware
283,2026-10-12,fence-build,quotes for fence installation,480,17.09,13,commercial,Quotes Fence Installation: Costs and Tips,quotes-fence-installation-costs-and-tips,"Planning quotes for fence installation? Real costs, material comparisons, and the steps most DIY guides skip. Practical tips from real projects.",Outdoor & Landscaping,fencing; outdoor projects; landscaping; installation,pet-fence-installation-cost-what-to-expect-in-2026; dog-fence-installation-cost-breakdown-real-numbers; fence-company-installation-guide-diy-or-hire-out; installing-fence-companies-what-to-know-first; residential-fence-installation-guide-diy-or-hire-out,https://www.awc.org/; https://www.iccsafe.org/products-and-services/i-codes/2024-i-codes/irc/,"A photorealistic photograph of a cedar privacy fence being built in a suburban backyard, with a post hole digger next to a freshly set post, horizontal rails being nailed, and stacks of pickets leaning against the partially completed fence. The scene is set in a well-lit suburban home. natural lighting, shot on a Canon EOS R5 with a 35mm lens, shallow depth of field, editorial photography style. No text overlays, no watermarks, no logos, no artificial lighting artifacts. The image looks like it was taken by a professional home renovation photographer for an editorial magazine feature.","Q: Do I need a permit for this project? A: Permit requirements vary by municipality. Generally, structures over a certain height or size, anything near property lines, and electrical/plumbing work require permits. Call your local building department to check. | Q: What tools do I need for this project? A: The exact tools depend on your approach, but most quotes for fence installation projects need basic measuring and marking tools, safety gear, and the category-specific tools covered in the article above. | Q: What's the most common mistake to avoid? A: Skipping proper preparation is the number-one mistake. Whether it's surface prep, measuring twice, or reading the full instructions first — rushing the setup phase causes most DIY failures.",idea,Daniel Ware
284,2026-10-12,fence-build,quote fence installation,480,17.09,13,commercial,Installing Quote Fence: What to Know First,installing-quote-fence-what-to-know-first,"A hands-on guide to quote fence installation with actual project costs, timelines, and what to watch out for. Practical tips from real projects.",Outdoor & Landscaping,fencing; installation; outdoor projects; landscaping,dog-fence-installation-cost-breakdown-real-numbers; fence-company-installation-guide-diy-or-hire-out; installing-fence-companies-what-to-know-first; residential-fence-installation-guide-diy-or-hire-out; quotes-fence-installation-costs-and-tips,https://www.epa.gov/watersense; https://www.aarp.org/livable-communities/housing/; https://www.awc.org/,"A photorealistic photograph of a cedar privacy fence being built in a suburban backyard, with a post hole digger next to a freshly set post, horizontal rails being nailed, and stacks of pickets leaning against the partially completed fence. The scene is set in a well-lit suburban home. natural lighting, shot on a Canon EOS R5 with a 35mm lens, shallow depth of field, editorial photography style. No text overlays, no watermarks, no logos, no artificial lighting artifacts. The image looks like it was taken by a professional home renovation photographer for an editorial magazine feature.","Q: What's the best time of year for this project? A: Spring and fall offer the best weather for most outdoor projects. Avoid extreme heat, freezing temperatures, and the rainy season in your area. Many contractors offer off-season discounts. | Q: What tools do I need for this project? A: The exact tools depend on your approach, but most quote fence installation projects need basic measuring and marking tools, safety gear, and the category-specific tools covered in the article above. | Q: How long should I expect this project to take? A: A focused DIYer working weekends should budget 2–3x the time a pro would take. Factor in supply runs, learning curves, and the inevitable re-dos. Better to plan generously than rush.",idea,Daniel Ware
285,2026-10-13,interior-paint,cost of labour for painting,390,9.97,1,informational,Labour Painting Pricing Guide for Homeowners,labour-painting-pricing-guide-for-homeowners,"How to get pro-level results with cost of labour for painting. Prep tips, product picks, and honest time estimates. Practical tips from real projects.",Painting & Walls,wall repair; cost guide; painting,professional-painting-cost-what-to-expect-in-2026; painting-interior-pricing-guide-for-homeowners; inside-painting-cost-breakdown-real-numbers; how-much-does-exterior-home-painting-really-cost; outside-painting-cost-what-to-expect-in-2026,https://www.epa.gov/lead; https://www.epa.gov/indoor-air-quality-iaq/volatile-organic-compounds-impact-indoor-air-quality; https://www.osha.gov/,"A photorealistic photograph of a bright bedroom being freshly painted with a roller applying warm gray paint to one wall, crisp blue painter's tape along the trim, a drop cloth on the hardwood floor, and a paint tray nearby. The scene is set in a well-lit suburban home. natural lighting, shot on a Canon EOS R5 with a 35mm lens, shallow depth of field, editorial photography style. No text overlays, no watermarks, no logos, no artificial lighting artifacts. The image looks like it was taken by a professional home renovation photographer for an editorial magazine feature.","Q: How many coats of paint do I actually need? A: Two coats is the standard for good coverage and durability. One coat rarely looks right, and three is only needed over dark colors or with very light-colored paint. | Q: Can a beginner handle this project? A: With proper research, the right tools, and realistic expectations about timeline, many first-timers succeed. Start with a small area to build confidence before tackling the main project. | Q: How long should I expect this project to take? A: A focused DIYer working weekends should budget 2–3x the time a pro would take. Factor in supply runs, learning curves, and the inevitable re-dos. Better to plan generously than rush.",idea,Daniel Ware
286,2026-10-13,interior-paint,outdoor painting cost,2900,10.05,19,commercial,Outdoor Painting Cost Breakdown: Real Numbers,outdoor-painting-cost-breakdown-real-numbers,"Skip the rookie mistakes on outdoor painting cost. Prep, products, and techniques from someone who's painted 30+ rooms. Practical tips from real projects.",Painting & Walls,wall repair; cost guide; doors; painting,painting-interior-pricing-guide-for-homeowners; inside-painting-cost-breakdown-real-numbers; how-much-does-exterior-home-painting-really-cost; outside-painting-cost-what-to-expect-in-2026; labour-painting-pricing-guide-for-homeowners,https://www.epa.gov/lead; https://www.epa.gov/indoor-air-quality-iaq/volatile-organic-compounds-impact-indoor-air-quality,"A photorealistic photograph of a bright bedroom being freshly painted with a roller applying warm gray paint to one wall, crisp blue painter's tape along the trim, a drop cloth on the hardwood floor, and a paint tray nearby. The scene is set in a well-lit suburban home. natural lighting, shot on a Canon EOS R5 with a 35mm lens, shallow depth of field, editorial photography style. No text overlays, no watermarks, no logos, no artificial lighting artifacts. The image looks like it was taken by a professional home renovation photographer for an editorial magazine feature.","Q: Do I need to prime before painting? A: Yes, if you're covering dark colors, stains, or new drywall. For repaints in similar colors on clean, intact surfaces, a quality paint-and-primer combo usually works fine. | Q: Can a beginner handle this project? A: With proper research, the right tools, and realistic expectations about timeline, many first-timers succeed. Start with a small area to build confidence before tackling the main project. | Q: What's the most common mistake to avoid? A: Skipping proper preparation is the number-one mistake. Whether it's surface prep, measuring twice, or reading the full instructions first — rushing the setup phase causes most DIY failures.",idea,Daniel Ware
287,2026-10-14,interior-paint,cost of painting exterior,2900,10.05,,informational,Painting Exterior Cost Breakdown: Real Numbers,painting-exterior-cost-breakdown-real-numbers,A practical guide to cost of painting exterior — from surface prep to final coat. Real techniques that work. Practical tips from real projects.,Painting & Walls,wall repair; cost guide; painting,inside-painting-cost-breakdown-real-numbers; how-much-does-exterior-home-painting-really-cost; outside-painting-cost-what-to-expect-in-2026; labour-painting-pricing-guide-for-homeowners; outdoor-painting-cost-breakdown-real-numbers,https://www.epa.gov/lead/renovation-repair-and-painting-program; https://www.cpsc.gov/,"A photorealistic photograph of the exterior of a two-story suburban home being painted with a painter on a ladder applying fresh white paint to wood siding, drop cloths protecting the foundation plantings, and a paint sprayer on the ground. The scene is set in a well-lit suburban home. natural lighting, shot on a Canon EOS R5 with a 35mm lens, shallow depth of field, editorial photography style. No text overlays, no watermarks, no logos, no artificial lighting artifacts. The image looks like it was taken by a professional home renovation photographer for an editorial magazine feature.","Q: Do I need to prime before painting? A: Yes, if you're covering dark colors, stains, or new drywall. For repaints in similar colors on clean, intact surfaces, a quality paint-and-primer combo usually works fine. | Q: Can a beginner handle this project? A: With proper research, the right tools, and realistic expectations about timeline, many first-timers succeed. Start with a small area to build confidence before tackling the main project. | Q: What's the most common mistake to avoid? A: Skipping proper preparation is the number-one mistake. Whether it's surface prep, measuring twice, or reading the full instructions first — rushing the setup phase causes most DIY failures.",idea,Daniel Ware
288,2026-10-14,interior-paint,average painting cost,320,11.44,2,informational,Painting Pricing Guide for Homeowners,painting-pricing-guide-for-homeowners,"How to get pro-level results with average painting cost. Prep tips, product picks, and honest time estimates. Practical tips from real projects.",Painting & Walls,wall repair; cost guide; painting,how-much-does-exterior-home-painting-really-cost; outside-painting-cost-what-to-expect-in-2026; labour-painting-pricing-guide-for-homeowners; outdoor-painting-cost-breakdown-real-numbers; painting-exterior-cost-breakdown-real-numbers,https://www.epa.gov/lead/renovation-repair-and-painting-program; https://www.cpsc.gov/; https://www.epa.gov/lead,"A photorealistic photograph of a bright bedroom being freshly painted with a roller applying warm gray paint to one wall, crisp blue painter's tape along the trim, a drop cloth on the hardwood floor, and a paint tray nearby. The scene is set in a well-lit suburban home. natural lighting, shot on a Canon EOS R5 with a 35mm lens, shallow depth of field, editorial photography style. No text overlays, no watermarks, no logos, no artificial lighting artifacts. The image looks like it was taken by a professional home renovation photographer for an editorial magazine feature.","Q: How many coats of paint do I actually need? A: Two coats is the standard for good coverage and durability. One coat rarely looks right, and three is only needed over dark colors or with very light-colored paint. | Q: Can a beginner handle this project? A: With proper research, the right tools, and realistic expectations about timeline, many first-timers succeed. Start with a small area to build confidence before tackling the main project. | Q: How long should I expect this project to take? A: A focused DIYer working weekends should budget 2–3x the time a pro would take. Factor in supply runs, learning curves, and the inevitable re-dos. Better to plan generously than rush.",idea,Daniel Ware
289,2026-10-15,interior-paint,painting house cost interior,1600,13.19,25,informational,How Much Does Painting House Interior Really Cost?,how-much-does-painting-house-interior-really-cost,"Skip the rookie mistakes on painting house cost interior. Prep, products, and techniques from someone who's painted 30+ rooms.",Painting & Walls,wall repair; cost guide; painting,outside-painting-cost-what-to-expect-in-2026; labour-painting-pricing-guide-for-homeowners; outdoor-painting-cost-breakdown-real-numbers; painting-exterior-cost-breakdown-real-numbers; painting-pricing-guide-for-homeowners,https://www.epa.gov/indoor-air-quality-iaq/volatile-organic-compounds-impact-indoor-air-quality; https://www.osha.gov/; https://www.epa.gov/lead/renovation-repair-and-painting-program,"A photorealistic photograph of the exterior of a two-story suburban home being painted with a painter on a ladder applying fresh white paint to wood siding, drop cloths protecting the foundation plantings, and a paint sprayer on the ground. The scene is set in a well-lit suburban home. natural lighting, shot on a Canon EOS R5 with a 35mm lens, shallow depth of field, editorial photography style. No text overlays, no watermarks, no logos, no artificial lighting artifacts. The image looks like it was taken by a professional home renovation photographer for an editorial magazine feature.","Q: How many coats of paint do I actually need? A: Two coats is the standard for good coverage and durability. One coat rarely looks right, and three is only needed over dark colors or with very light-colored paint. | Q: Can a beginner handle this project? A: With proper research, the right tools, and realistic expectations about timeline, many first-timers succeed. Start with a small area to build confidence before tackling the main project. | Q: How long should I expect this project to take? A: A focused DIYer working weekends should budget 2–3x the time a pro would take. Factor in supply runs, learning curves, and the inevitable re-dos. Better to plan generously than rush.",idea,Daniel Ware
290,2026-10-15,interior-paint,labor painting cost,390,9.97,4,informational,Labor Painting Cost Breakdown: Real Numbers,labor-painting-cost-breakdown-real-numbers,A practical guide to labor painting cost — from surface prep to final coat. Real techniques that work. Practical tips from real projects.,Painting & Walls,wall repair; cost guide; painting,labour-painting-pricing-guide-for-homeowners; outdoor-painting-cost-breakdown-real-numbers; painting-exterior-cost-breakdown-real-numbers; painting-pricing-guide-for-homeowners; how-much-does-painting-house-interior-really-cost,https://www.epa.gov/lead/renovation-repair-and-painting-program; https://www.cpsc.gov/,"A photorealistic photograph of a bright bedroom being freshly painted with a roller applying warm gray paint to one wall, crisp blue painter's tape along the trim, a drop cloth on the hardwood floor, and a paint tray nearby. The scene is set in a well-lit suburban home. natural lighting, shot on a Canon EOS R5 with a 35mm lens, shallow depth of field, editorial photography style. No text overlays, no watermarks, no logos, no artificial lighting artifacts. The image looks like it was taken by a professional home renovation photographer for an editorial magazine feature.","Q: Do I need to prime before painting? A: Yes, if you're covering dark colors, stains, or new drywall. For repaints in similar colors on clean, intact surfaces, a quality paint-and-primer combo usually works fine. | Q: Can a beginner handle this project? A: With proper research, the right tools, and realistic expectations about timeline, many first-timers succeed. Start with a small area to build confidence before tackling the main project. | Q: What's the most common mistake to avoid? A: Skipping proper preparation is the number-one mistake. Whether it's surface prep, measuring twice, or reading the full instructions first — rushing the setup phase causes most DIY failures.",idea,Daniel Ware
291,2026-10-16,interior-paint,cost for poured concrete walls,140,82.45,,informational,Poured Concrete Walls Pricing Guide for Homeowners,poured-concrete-walls-pricing-guide-for-homeowners,"Skip the rookie mistakes on cost for poured concrete walls. Prep, products, and techniques from someone who's painted 30+ rooms.",Painting & Walls,wall repair; cost guide; painting,outdoor-painting-cost-breakdown-real-numbers; painting-exterior-cost-breakdown-real-numbers; painting-pricing-guide-for-homeowners; how-much-does-painting-house-interior-really-cost; labor-painting-cost-breakdown-real-numbers,https://www.epa.gov/lead/renovation-repair-and-painting-program; https://www.cpsc.gov/; https://www.epa.gov/lead,"A photorealistic photograph of a concrete surface being refinished with a worker using a concrete grinder on a patio slab, dust collection hose attached, and freshly ground smooth sections contrasting with the rough original. The scene is set in a well-lit suburban home. natural lighting, shot on a Canon EOS R5 with a 35mm lens, shallow depth of field, editorial photography style. No text overlays, no watermarks, no logos, no artificial lighting artifacts. The image looks like it was taken by a professional home renovation photographer for an editorial magazine feature.","Q: How many coats of paint do I actually need? A: Two coats is the standard for good coverage and durability. One coat rarely looks right, and three is only needed over dark colors or with very light-colored paint. | Q: Can a beginner handle this project? A: With proper research, the right tools, and realistic expectations about timeline, many first-timers succeed. Start with a small area to build confidence before tackling the main project. | Q: How long should I expect this project to take? A: A focused DIYer working weekends should budget 2–3x the time a pro would take. Factor in supply runs, learning curves, and the inevitable re-dos. Better to plan generously than rush.",idea,Daniel Ware
292,2026-10-16,interior-paint,ceiling painting services,110,86.88,,commercial,Ceiling Painting Services: A Practical Guide,ceiling-painting-services-a-practical-guide,"Skip the rookie mistakes on ceiling painting services. Prep, products, and techniques from someone who's painted 30+ rooms.",Painting & Walls,wall repair; painting; home improvement,painting-exterior-cost-breakdown-real-numbers; painting-pricing-guide-for-homeowners; how-much-does-painting-house-interior-really-cost; labor-painting-cost-breakdown-real-numbers; poured-concrete-walls-pricing-guide-for-homeowners,https://www.epa.gov/indoor-air-quality-iaq/volatile-organic-compounds-impact-indoor-air-quality; https://www.osha.gov/,"A photorealistic photograph of a bright bedroom being freshly painted with a roller applying warm gray paint to one wall, crisp blue painter's tape along the trim, a drop cloth on the hardwood floor, and a paint tray nearby. The scene is set in a well-lit suburban home. natural lighting, shot on a Canon EOS R5 with a 35mm lens, shallow depth of field, editorial photography style. No text overlays, no watermarks, no logos, no artificial lighting artifacts. The image looks like it was taken by a professional home renovation photographer for an editorial magazine feature.","Q: Do I need to prime before painting? A: Yes, if you're covering dark colors, stains, or new drywall. For repaints in similar colors on clean, intact surfaces, a quality paint-and-primer combo usually works fine. | Q: Can a beginner handle this project? A: With proper research, the right tools, and realistic expectations about timeline, many first-timers succeed. Start with a small area to build confidence before tackling the main project. | Q: What's the most common mistake to avoid? A: Skipping proper preparation is the number-one mistake. Whether it's surface prep, measuring twice, or reading the full instructions first — rushing the setup phase causes most DIY failures.",idea,Daniel Ware
293,2026-10-17,interior-paint,cost of painting bedroom,480,11.47,,informational,Painting Bedroom Pricing Guide for Homeowners,painting-bedroom-pricing-guide-for-homeowners,"Skip the rookie mistakes on cost of painting bedroom. Prep, products, and techniques from someone who's painted 30+ rooms.",Painting & Walls,wall repair; cost guide; painting,painting-pricing-guide-for-homeowners; how-much-does-painting-house-interior-really-cost; labor-painting-cost-breakdown-real-numbers; poured-concrete-walls-pricing-guide-for-homeowners; ceiling-painting-services-a-practical-guide,https://www.epa.gov/lead/renovation-repair-and-painting-program; https://www.cpsc.gov/; https://www.epa.gov/lead,"A photorealistic photograph of a bright bedroom being freshly painted with a roller applying warm gray paint to one wall, crisp blue painter's tape along the trim, a drop cloth on the hardwood floor, and a paint tray nearby. The scene is set in a well-lit suburban home. natural lighting, shot on a Canon EOS R5 with a 35mm lens, shallow depth of field, editorial photography style. No text overlays, no watermarks, no logos, no artificial lighting artifacts. The image looks like it was taken by a professional home renovation photographer for an editorial magazine feature.","Q: How many coats of paint do I actually need? A: Two coats is the standard for good coverage and durability. One coat rarely looks right, and three is only needed over dark colors or with very light-colored paint. | Q: Can a beginner handle this project? A: With proper research, the right tools, and realistic expectations about timeline, many first-timers succeed. Start with a small area to build confidence before tackling the main project. | Q: How long should I expect this project to take? A: A focused DIYer working weekends should budget 2–3x the time a pro would take. Factor in supply runs, learning curves, and the inevitable re-dos. Better to plan generously than rush.",idea,Daniel Ware
294,2026-10-17,water-damage,water damage in bathroom walls,110,78.18,,informational,The Real Deal on Water Damage in Bathroom Walls,the-real-deal-on-water-damage-in-bathroom-walls,"Real costs, realistic timelines, and practical steps for water damage in bathroom walls. Written by a homeowner who's been through it.",Kitchen & Bath Remodeling,water damage; bathroom remodel; bathroom; kitchen remodel,finding-good-water-damage-remediation-contractors-near-you; flooded-home-repair-diy-or-call-a-pro; water-damage-ceiling-tiles-honest-advice-for-your-home; the-real-deal-on-water-damaged-cabinets; water-proofing-services-a-diyers-honest-take,https://www.nfpa.org/codes-and-standards/nfpa-70-standard-development/70; https://www.epa.gov/lead; https://www.epa.gov/watersense,"A photorealistic photograph of a clean, updated bathroom with white subway tile, a floating vanity with a vessel sink, brushed nickel fixtures, and natural light streaming through a frosted window. The scene is set in a well-lit suburban home. natural lighting, shot on a Canon EOS R5 with a 35mm lens, shallow depth of field, editorial photography style. No text overlays, no watermarks, no logos, no artificial lighting artifacts. The image looks like it was taken by a professional home renovation photographer for an editorial magazine feature.","Q: Is water damage in bathroom walls worth the investment? A: Most homeowners recoup 60–70% of water damage in bathroom walls costs at resale, and the daily comfort improvement is significant. Focus on quality basics over luxury upgrades for the best return. | Q: Can a beginner handle this project? A: With proper research, the right tools, and realistic expectations about timeline, many first-timers succeed. Start with a small area to build confidence before tackling the main project. | Q: How long should I expect this project to take? A: A focused DIYer working weekends should budget 2–3x the time a pro would take. Factor in supply runs, learning curves, and the inevitable re-dos. Better to plan generously than rush.",idea,Daniel Ware
295,2026-10-18,water-damage,water damage in attic,110,61.1,,informational,Water Damage in Attic: A DIYer's Honest Take,water-damage-in-attic-a-diyers-honest-take,A straightforward guide to water damage in attic: what you can handle yourself and when to pick up the phone. Practical tips from real projects.,Plumbing & Electrical,water damage; attic; electrical; plumbing,flooded-home-repair-diy-or-call-a-pro; water-damage-ceiling-tiles-honest-advice-for-your-home; the-real-deal-on-water-damaged-cabinets; water-proofing-services-a-diyers-honest-take; the-real-deal-on-water-damage-in-bathroom-walls,https://www.ul.com/; https://www.nfpa.org/codes-and-standards/nfpa-70-standard-development/70,"A photorealistic photograph of an attic being insulated with blown-in cellulose insulation being applied between ceiling joists using a hose, the worker wearing a respirator and safety goggles, with kraft-faced batts visible on the walls. The scene is set in a well-lit suburban home. natural lighting, shot on a Canon EOS R5 with a 35mm lens, shallow depth of field, editorial photography style. No text overlays, no watermarks, no logos, no artificial lighting artifacts. The image looks like it was taken by a professional home renovation photographer for an editorial magazine feature.","Q: Should I DIY this or hire a licensed professional? A: Basic tasks like replacing a faucet or outlet cover are DIY-friendly. Anything involving main lines, gas, load-bearing walls, or your electrical panel should go to a licensed pro — it's a safety and code issue. | Q: Can a beginner handle this project? A: With proper research, the right tools, and realistic expectations about timeline, many first-timers succeed. Start with a small area to build confidence before tackling the main project. | Q: What's the most common mistake to avoid? A: Skipping proper preparation is the number-one mistake. Whether it's surface prep, measuring twice, or reading the full instructions first — rushing the setup phase causes most DIY failures.",idea,Daniel Ware
296,2026-10-18,drywall-plaster,drywall ceiling repair cost,1300,13.15,,informational,Drywall Ceiling Repair Cost Breakdown: Real Numbers,drywall-ceiling-repair-cost-breakdown-real-numbers,"How to get pro-level results with drywall ceiling repair cost. Prep tips, product picks, and honest time estimates. Practical tips from real projects.",Painting & Walls,drywall; wall repair; home repair; painting; cost guide,drywall-repair-diy-or-call-a-pro; drywall-repairs-a-homeowners-guide; drywall-contractors-repair-guide-what-to-know; drywall-professionals-repairs-a-homeowners-guide; drywall-specialist-repair-guide-what-to-know,https://www.epa.gov/indoor-air-quality-iaq/volatile-organic-compounds-impact-indoor-air-quality; https://www.osha.gov/,"A photorealistic photograph of a homeowner mudding drywall seams using a wide taping knife to smooth joint compound over paper tape, with a hawk in the other hand, bare drywall sheets visible, and sanding dust in the air. The scene is set in a well-lit suburban home. natural lighting, shot on a Canon EOS R5 with a 35mm lens, shallow depth of field, editorial photography style. No text overlays, no watermarks, no logos, no artificial lighting artifacts. The image looks like it was taken by a professional home renovation photographer for an editorial magazine feature.","Q: Do I need to prime before painting? A: Yes, if you're covering dark colors, stains, or new drywall. For repaints in similar colors on clean, intact surfaces, a quality paint-and-primer combo usually works fine. | Q: What tools do I need for this project? A: The exact tools depend on your approach, but most drywall ceiling repair cost projects need basic measuring and marking tools, safety gear, and the category-specific tools covered in the article above. | Q: What's the most common mistake to avoid? A: Skipping proper preparation is the number-one mistake. Whether it's surface prep, measuring twice, or reading the full instructions first — rushing the setup phase causes most DIY failures.",idea,Daniel Ware
297,2026-10-19,drywall-plaster,drywall repair arlington,320,12.13,4,commercial,Drywall Arlington Repair Guide: What to Know,drywall-arlington-repair-guide-what-to-know,"Skip the rookie mistakes on drywall repair arlington. Prep, products, and techniques from someone who's painted 30+ rooms.",Painting & Walls,wall repair; drywall; home repair; painting,drywall-repairs-a-homeowners-guide; drywall-contractors-repair-guide-what-to-know; drywall-professionals-repairs-a-homeowners-guide; drywall-specialist-repair-guide-what-to-know; drywall-ceiling-repair-cost-breakdown-real-numbers,https://www.cpsc.gov/; https://www.epa.gov/lead; https://www.epa.gov/indoor-air-quality-iaq/volatile-organic-compounds-impact-indoor-air-quality,"A photorealistic photograph of a homeowner mudding drywall seams using a wide taping knife to smooth joint compound over paper tape, with a hawk in the other hand, bare drywall sheets visible, and sanding dust in the air. The scene is set in a well-lit suburban home. natural lighting, shot on a Canon EOS R5 with a 35mm lens, shallow depth of field, editorial photography style. No text overlays, no watermarks, no logos, no artificial lighting artifacts. The image looks like it was taken by a professional home renovation photographer for an editorial magazine feature.","Q: How many coats of paint do I actually need? A: Two coats is the standard for good coverage and durability. One coat rarely looks right, and three is only needed over dark colors or with very light-colored paint. | Q: What tools do I need for this project? A: The exact tools depend on your approach, but most drywall repair arlington projects need basic measuring and marking tools, safety gear, and the category-specific tools covered in the article above. | Q: How long should I expect this project to take? A: A focused DIYer working weekends should budget 2–3x the time a pro would take. Factor in supply runs, learning curves, and the inevitable re-dos. Better to plan generously than rush.",idea,Daniel Ware
298,2026-10-19,drywall-plaster,water stains on drywall,320,49.72,,informational,Water Stains on Drywall: Honest Advice for Your Home,water-stains-on-drywall-honest-advice-for-your-home,A practical guide to water stains on drywall — from surface prep to final coat. Real techniques that work. Practical tips from real projects.,Painting & Walls,wall repair; water damage; drywall; painting,drywall-contractors-repair-guide-what-to-know; drywall-professionals-repairs-a-homeowners-guide; drywall-specialist-repair-guide-what-to-know; drywall-ceiling-repair-cost-breakdown-real-numbers; drywall-arlington-repair-guide-what-to-know,https://www.epa.gov/lead/renovation-repair-and-painting-program; https://www.cpsc.gov/; https://www.epa.gov/lead,"A photorealistic photograph of a bright bedroom being freshly painted with a roller applying warm gray paint to one wall, crisp blue painter's tape along the trim, a drop cloth on the hardwood floor, and a paint tray nearby. The scene is set in a well-lit suburban home. natural lighting, shot on a Canon EOS R5 with a 35mm lens, shallow depth of field, editorial photography style. No text overlays, no watermarks, no logos, no artificial lighting artifacts. The image looks like it was taken by a professional home renovation photographer for an editorial magazine feature.","Q: How many coats of paint do I actually need? A: Two coats is the standard for good coverage and durability. One coat rarely looks right, and three is only needed over dark colors or with very light-colored paint. | Q: Can a beginner handle this project? A: With proper research, the right tools, and realistic expectations about timeline, many first-timers succeed. Start with a small area to build confidence before tackling the main project. | Q: How long should I expect this project to take? A: A focused DIYer working weekends should budget 2–3x the time a pro would take. Factor in supply runs, learning curves, and the inevitable re-dos. Better to plan generously than rush.",idea,Daniel Ware
299,2026-10-20,drywall-plaster,water stained drywall,320,49.72,,informational,The Real Deal on Water Stained Drywall,the-real-deal-on-water-stained-drywall,"Skip the rookie mistakes on water stained drywall. Prep, products, and techniques from someone who's painted 30+ rooms. Practical tips from real projects.",Painting & Walls,wall repair; water damage; drywall; painting,drywall-professionals-repairs-a-homeowners-guide; drywall-specialist-repair-guide-what-to-know; drywall-ceiling-repair-cost-breakdown-real-numbers; drywall-arlington-repair-guide-what-to-know; water-stains-on-drywall-honest-advice-for-your-home,https://www.osha.gov/; https://www.epa.gov/lead/renovation-repair-and-painting-program,"A photorealistic photograph of a bright bedroom being freshly painted with a roller applying warm gray paint to one wall, crisp blue painter's tape along the trim, a drop cloth on the hardwood floor, and a paint tray nearby. The scene is set in a well-lit suburban home. natural lighting, shot on a Canon EOS R5 with a 35mm lens, shallow depth of field, editorial photography style. No text overlays, no watermarks, no logos, no artificial lighting artifacts. The image looks like it was taken by a professional home renovation photographer for an editorial magazine feature.","Q: Do I need to prime before painting? A: Yes, if you're covering dark colors, stains, or new drywall. For repaints in similar colors on clean, intact surfaces, a quality paint-and-primer combo usually works fine. | Q: Can a beginner handle this project? A: With proper research, the right tools, and realistic expectations about timeline, many first-timers succeed. Start with a small area to build confidence before tackling the main project. | Q: What's the most common mistake to avoid? A: Skipping proper preparation is the number-one mistake. Whether it's surface prep, measuring twice, or reading the full instructions first — rushing the setup phase causes most DIY failures.",idea,Daniel Ware
300,2026-10-20,drywall-plaster,drywall flood cut,170,55.99,,transactional,Drywall Flood Cut: Honest Advice for Your Home,drywall-flood-cut-honest-advice-for-your-home,"How to get pro-level results with drywall flood cut. Prep tips, product picks, and honest time estimates. Practical tips from real projects.",Painting & Walls,wall repair; drywall; painting,drywall-specialist-repair-guide-what-to-know; drywall-ceiling-repair-cost-breakdown-real-numbers; drywall-arlington-repair-guide-what-to-know; water-stains-on-drywall-honest-advice-for-your-home; the-real-deal-on-water-stained-drywall,https://www.epa.gov/lead/renovation-repair-and-painting-program; https://www.cpsc.gov/,"A photorealistic photograph of a homeowner mudding drywall seams using a wide taping knife to smooth joint compound over paper tape, with a hawk in the other hand, bare drywall sheets visible, and sanding dust in the air. The scene is set in a well-lit suburban home. natural lighting, shot on a Canon EOS R5 with a 35mm lens, shallow depth of field, editorial photography style. No text overlays, no watermarks, no logos, no artificial lighting artifacts. The image looks like it was taken by a professional home renovation photographer for an editorial magazine feature.","Q: Do I need to prime before painting? A: Yes, if you're covering dark colors, stains, or new drywall. For repaints in similar colors on clean, intact surfaces, a quality paint-and-primer combo usually works fine. | Q: Can a beginner handle this project? A: With proper research, the right tools, and realistic expectations about timeline, many first-timers succeed. Start with a small area to build confidence before tackling the main project. | Q: What's the most common mistake to avoid? A: Skipping proper preparation is the number-one mistake. Whether it's surface prep, measuring twice, or reading the full instructions first — rushing the setup phase causes most DIY failures.",idea,Daniel Ware
301,2026-10-21,drywall-plaster,drywall repair specialists,390,13.51,,commercial,Drywall Specialists Repair Guide: What to Know,drywall-specialists-repair-guide-what-to-know,"Skip the rookie mistakes on drywall repair specialists. Prep, products, and techniques from someone who's painted 30+ rooms.",Painting & Walls,wall repair; drywall; home repair; painting,drywall-ceiling-repair-cost-breakdown-real-numbers; drywall-arlington-repair-guide-what-to-know; water-stains-on-drywall-honest-advice-for-your-home; the-real-deal-on-water-stained-drywall; drywall-flood-cut-honest-advice-for-your-home,https://www.cpsc.gov/; https://www.epa.gov/lead,"A photorealistic photograph of a homeowner mudding drywall seams using a wide taping knife to smooth joint compound over paper tape, with a hawk in the other hand, bare drywall sheets visible, and sanding dust in the air. The scene is set in a well-lit suburban home. natural lighting, shot on a Canon EOS R5 with a 35mm lens, shallow depth of field, editorial photography style. No text overlays, no watermarks, no logos, no artificial lighting artifacts. The image looks like it was taken by a professional home renovation photographer for an editorial magazine feature.","Q: Do I need to prime before painting? A: Yes, if you're covering dark colors, stains, or new drywall. For repaints in similar colors on clean, intact surfaces, a quality paint-and-primer combo usually works fine. | Q: What tools do I need for this project? A: The exact tools depend on your approach, but most drywall repair specialists projects need basic measuring and marking tools, safety gear, and the category-specific tools covered in the article above. | Q: What's the most common mistake to avoid? A: Skipping proper preparation is the number-one mistake. Whether it's surface prep, measuring twice, or reading the full instructions first — rushing the setup phase causes most DIY failures.",idea,Daniel Ware
302,2026-10-21,attic-insulation,attic insulation installation cost,3600,9.49,,commercial,Attic Insulation Installation Cost Breakdown: Real Numbers,attic-insulation-installation-cost-breakdown-real-numbers,"Considering attic insulation installation cost? Here's what it actually takes — costs, permits, and the decisions that matter most.",Basement & Attic,attic renovation; basement finishing; insulation; installation; attic; cost guide,blown-insulation-per-square-foot-cost-breakdown-real-numbers; how-much-does-blow-in-insulation-per-square-foot-really-cost; how-much-does-attic-insulation-install-really-cost; replacing-insulation-in-attic-cost-what-to-expect-in-2026; how-much-does-attic-insulation-replacement-really-cost,https://www.epa.gov/radon; https://www.epa.gov/mold,"A photorealistic photograph of an attic being insulated with blown-in cellulose insulation being applied between ceiling joists using a hose, the worker wearing a respirator and safety goggles, with kraft-faced batts visible on the walls. The scene is set in a well-lit suburban home. natural lighting, shot on a Canon EOS R5 with a 35mm lens, shallow depth of field, editorial photography style. No text overlays, no watermarks, no logos, no artificial lighting artifacts. The image looks like it was taken by a professional home renovation photographer for an editorial magazine feature.","Q: Do I need a permit to finish this space? A: Almost certainly yes. Finishing a basement or attic into livable space requires permits for framing, electrical, plumbing, and egress. Skipping permits creates problems at resale. | Q: What tools do I need for this project? A: The exact tools depend on your approach, but most attic insulation installation cost projects need basic measuring and marking tools, safety gear, and the category-specific tools covered in the article above. | Q: What's the most common mistake to avoid? A: Skipping proper preparation is the number-one mistake. Whether it's surface prep, measuring twice, or reading the full instructions first — rushing the setup phase causes most DIY failures.",idea,Daniel Ware
303,2026-10-22,attic-insulation,cost to replace attic insulation,3600,9.49,,informational,How Much Does Replace Attic Insulation Really Cost?,how-much-does-replace-attic-insulation-really-cost,"Practical guide to cost to replace attic insulation: real costs per square foot, timelines, and the gotchas nobody warns about.",Basement & Attic,attic renovation; basement finishing; insulation; attic; cost guide,how-much-does-blow-in-insulation-per-square-foot-really-cost; how-much-does-attic-insulation-install-really-cost; replacing-insulation-in-attic-cost-what-to-expect-in-2026; how-much-does-attic-insulation-replacement-really-cost; attic-insulation-installation-cost-breakdown-real-numbers,https://www.energy.gov/energysaver/insulation; https://www.energystar.gov/; https://www.epa.gov/radon,"A photorealistic photograph of an attic being insulated with blown-in cellulose insulation being applied between ceiling joists using a hose, the worker wearing a respirator and safety goggles, with kraft-faced batts visible on the walls. The scene is set in a well-lit suburban home. natural lighting, shot on a Canon EOS R5 with a 35mm lens, shallow depth of field, editorial photography style. No text overlays, no watermarks, no logos, no artificial lighting artifacts. The image looks like it was taken by a professional home renovation photographer for an editorial magazine feature.","Q: What about moisture problems? A: Address any moisture issues before finishing. This means proper exterior grading, waterproofing, a sump pump if needed, and a good dehumidifier. Finishing over a wet problem guarantees mold. | Q: What tools do I need for this project? A: The exact tools depend on your approach, but most cost to replace attic insulation projects need basic measuring and marking tools, safety gear, and the category-specific tools covered in the article above. | Q: How long should I expect this project to take? A: A focused DIYer working weekends should budget 2–3x the time a pro would take. Factor in supply runs, learning curves, and the inevitable re-dos. Better to plan generously than rush.",idea,Daniel Ware
304,2026-10-22,attic-insulation,cost of installing insulation,320,9.33,2,informational,Installing Insulation Cost: What to Expect in 2026,installing-insulation-cost-what-to-expect-in-2026,"Considering cost of installing insulation? Here's what it actually takes — costs, permits, and the decisions that matter most.",Basement & Attic,attic renovation; basement finishing; insulation; installation; cost guide,how-much-does-attic-insulation-install-really-cost; replacing-insulation-in-attic-cost-what-to-expect-in-2026; how-much-does-attic-insulation-replacement-really-cost; attic-insulation-installation-cost-breakdown-real-numbers; how-much-does-replace-attic-insulation-really-cost,https://www.epa.gov/radon; https://www.epa.gov/mold,"A photorealistic photograph of an attic being insulated with blown-in cellulose insulation being applied between ceiling joists using a hose, the worker wearing a respirator and safety goggles, with kraft-faced batts visible on the walls. The scene is set in a well-lit suburban home. natural lighting, shot on a Canon EOS R5 with a 35mm lens, shallow depth of field, editorial photography style. No text overlays, no watermarks, no logos, no artificial lighting artifacts. The image looks like it was taken by a professional home renovation photographer for an editorial magazine feature.","Q: Do I need a permit to finish this space? A: Almost certainly yes. Finishing a basement or attic into livable space requires permits for framing, electrical, plumbing, and egress. Skipping permits creates problems at resale. | Q: What tools do I need for this project? A: The exact tools depend on your approach, but most cost of installing insulation projects need basic measuring and marking tools, safety gear, and the category-specific tools covered in the article above. | Q: What's the most common mistake to avoid? A: Skipping proper preparation is the number-one mistake. Whether it's surface prep, measuring twice, or reading the full instructions first — rushing the setup phase causes most DIY failures.",idea,Daniel Ware
305,2026-10-23,attic-insulation,attic insulation cost calculator,1300,8.07,13,informational,Attic Insulation Cost: What to Expect in 2026,attic-insulation-cost-what-to-expect-in-2026,"Practical guide to attic insulation cost calculator: real costs per square foot, timelines, and the gotchas nobody warns about.",Basement & Attic,attic renovation; basement finishing; insulation; attic; cost guide,replacing-insulation-in-attic-cost-what-to-expect-in-2026; how-much-does-attic-insulation-replacement-really-cost; attic-insulation-installation-cost-breakdown-real-numbers; how-much-does-replace-attic-insulation-really-cost; installing-insulation-cost-what-to-expect-in-2026,https://www.iccsafe.org/products-and-services/i-codes/2024-i-codes/irc/; https://www.energy.gov/energysaver/insulation,"A photorealistic photograph of an attic being insulated with blown-in cellulose insulation being applied between ceiling joists using a hose, the worker wearing a respirator and safety goggles, with kraft-faced batts visible on the walls. The scene is set in a well-lit suburban home. natural lighting, shot on a Canon EOS R5 with a 35mm lens, shallow depth of field, editorial photography style. No text overlays, no watermarks, no logos, no artificial lighting artifacts. The image looks like it was taken by a professional home renovation photographer for an editorial magazine feature.","Q: Do I need a permit to finish this space? A: Almost certainly yes. Finishing a basement or attic into livable space requires permits for framing, electrical, plumbing, and egress. Skipping permits creates problems at resale. | Q: Can a beginner handle this project? A: With proper research, the right tools, and realistic expectations about timeline, many first-timers succeed. Start with a small area to build confidence before tackling the main project. | Q: What's the most common mistake to avoid? A: Skipping proper preparation is the number-one mistake. Whether it's surface prep, measuring twice, or reading the full instructions first — rushing the setup phase causes most DIY failures.",idea,Daniel Ware
306,2026-10-23,attic-insulation,cost of removing insulation from attic,1300,11.04,,informational,Removing Insulation From Attic Cost Breakdown: Real Numbers,removing-insulation-from-attic-cost-breakdown-real-numbers,"Considering cost of removing insulation from attic? Here's what it actually takes — costs, permits, and the decisions that matter most.",Basement & Attic,attic renovation; basement finishing; insulation; attic; cost guide,how-much-does-attic-insulation-replacement-really-cost; attic-insulation-installation-cost-breakdown-real-numbers; how-much-does-replace-attic-insulation-really-cost; installing-insulation-cost-what-to-expect-in-2026,https://www.epa.gov/radon; https://www.epa.gov/mold,"A photorealistic photograph of an attic being insulated with blown-in cellulose insulation being applied between ceiling joists using a hose, the worker wearing a respirator and safety goggles, with kraft-faced batts visible on the walls. The scene is set in a well-lit suburban home. natural lighting, shot on a Canon EOS R5 with a 35mm lens, shallow depth of field, editorial photography style. No text overlays, no watermarks, no logos, no artificial lighting artifacts. The image looks like it was taken by a professional home renovation photographer for an editorial magazine feature.","Q: Do I need a permit to finish this space? A: Almost certainly yes. Finishing a basement or attic into livable space requires permits for framing, electrical, plumbing, and egress. Skipping permits creates problems at resale. | Q: Can a beginner handle this project? A: With proper research, the right tools, and realistic expectations about timeline, many first-timers succeed. Start with a small area to build confidence before tackling the main project. | Q: What's the most common mistake to avoid? A: Skipping proper preparation is the number-one mistake. Whether it's surface prep, measuring twice, or reading the full instructions first — rushing the setup phase causes most DIY failures.",idea,Daniel Ware
307,2026-10-24,attic-insulation,removing attic insulation cost,1300,11.04,,informational,Removing Attic Insulation Cost Breakdown: Real Numbers,removing-attic-insulation-cost-breakdown-real-numbers,"Practical guide to removing attic insulation cost: real costs per square foot, timelines, and the gotchas nobody warns about.",Basement & Attic,attic renovation; basement finishing; insulation; attic; cost guide,attic-insulation-installation-cost-breakdown-real-numbers; how-much-does-replace-attic-insulation-really-cost; installing-insulation-cost-what-to-expect-in-2026; removing-insulation-from-attic-cost-breakdown-real-numbers,https://www.iccsafe.org/products-and-services/i-codes/2024-i-codes/irc/; https://www.energy.gov/energysaver/insulation,"A photorealistic photograph of an attic being insulated with blown-in cellulose insulation being applied between ceiling joists using a hose, the worker wearing a respirator and safety goggles, with kraft-faced batts visible on the walls. The scene is set in a well-lit suburban home. natural lighting, shot on a Canon EOS R5 with a 35mm lens, shallow depth of field, editorial photography style. No text overlays, no watermarks, no logos, no artificial lighting artifacts. The image looks like it was taken by a professional home renovation photographer for an editorial magazine feature.","Q: Do I need a permit to finish this space? A: Almost certainly yes. Finishing a basement or attic into livable space requires permits for framing, electrical, plumbing, and egress. Skipping permits creates problems at resale. | Q: Can a beginner handle this project? A: With proper research, the right tools, and realistic expectations about timeline, many first-timers succeed. Start with a small area to build confidence before tackling the main project. | Q: What's the most common mistake to avoid? A: Skipping proper preparation is the number-one mistake. Whether it's surface prep, measuring twice, or reading the full instructions first — rushing the setup phase causes most DIY failures.",idea,Daniel Ware
308,2026-10-24,attic-insulation,remove attic insulation cost,1300,11.04,,informational,Remove Attic Insulation Cost: What to Expect in 2026,remove-attic-insulation-cost-what-to-expect-in-2026,Turn unused space into livable rooms. A real-world guide to remove attic insulation cost with honest costs and timelines.,Basement & Attic,attic renovation; basement finishing; insulation; attic; cost guide,how-much-does-replace-attic-insulation-really-cost; installing-insulation-cost-what-to-expect-in-2026; removing-insulation-from-attic-cost-breakdown-real-numbers; removing-attic-insulation-cost-breakdown-real-numbers,https://www.energy.gov/energysaver/insulation; https://www.energystar.gov/,"A photorealistic photograph of an attic being insulated with blown-in cellulose insulation being applied between ceiling joists using a hose, the worker wearing a respirator and safety goggles, with kraft-faced batts visible on the walls. The scene is set in a well-lit suburban home. natural lighting, shot on a Canon EOS R5 with a 35mm lens, shallow depth of field, editorial photography style. No text overlays, no watermarks, no logos, no artificial lighting artifacts. The image looks like it was taken by a professional home renovation photographer for an editorial magazine feature.","Q: Do I need a permit to finish this space? A: Almost certainly yes. Finishing a basement or attic into livable space requires permits for framing, electrical, plumbing, and egress. Skipping permits creates problems at resale. | Q: Can a beginner handle this project? A: With proper research, the right tools, and realistic expectations about timeline, many first-timers succeed. Start with a small area to build confidence before tackling the main project. | Q: What's the most common mistake to avoid? A: Skipping proper preparation is the number-one mistake. Whether it's surface prep, measuring twice, or reading the full instructions first — rushing the setup phase causes most DIY failures.",idea,Daniel Ware
309,2026-10-25,attic-insulation,attic insulation removal cost,1300,11.04,,informational,Attic Insulation Removal Pricing Guide for Homeowners,attic-insulation-removal-pricing-guide-for-homeowners,"Practical guide to attic insulation removal cost: real costs per square foot, timelines, and the gotchas nobody warns about.",Basement & Attic,attic renovation; basement finishing; insulation; attic; cost guide,installing-insulation-cost-what-to-expect-in-2026; removing-insulation-from-attic-cost-breakdown-real-numbers; removing-attic-insulation-cost-breakdown-real-numbers; remove-attic-insulation-cost-what-to-expect-in-2026,https://www.epa.gov/mold; https://www.iccsafe.org/products-and-services/i-codes/2024-i-codes/irc/; https://www.energy.gov/energysaver/insulation,"A photorealistic photograph of an attic being insulated with blown-in cellulose insulation being applied between ceiling joists using a hose, the worker wearing a respirator and safety goggles, with kraft-faced batts visible on the walls. The scene is set in a well-lit suburban home. natural lighting, shot on a Canon EOS R5 with a 35mm lens, shallow depth of field, editorial photography style. No text overlays, no watermarks, no logos, no artificial lighting artifacts. The image looks like it was taken by a professional home renovation photographer for an editorial magazine feature.","Q: What about moisture problems? A: Address any moisture issues before finishing. This means proper exterior grading, waterproofing, a sump pump if needed, and a good dehumidifier. Finishing over a wet problem guarantees mold. | Q: Can a beginner handle this project? A: With proper research, the right tools, and realistic expectations about timeline, many first-timers succeed. Start with a small area to build confidence before tackling the main project. | Q: How long should I expect this project to take? A: A focused DIYer working weekends should budget 2–3x the time a pro would take. Factor in supply runs, learning curves, and the inevitable re-dos. Better to plan generously than rush.",idea,Daniel Ware
310,2026-10-25,attic-insulation,remove insulation from attic cost,1300,11.04,,informational,Remove Insulation From Attic Pricing Guide for Homeowners,remove-insulation-from-attic-pricing-guide-for-homeowners,Turn unused space into livable rooms. A real-world guide to remove insulation from attic cost with honest costs and timelines.,Basement & Attic,attic renovation; basement finishing; insulation; attic; cost guide,removing-insulation-from-attic-cost-breakdown-real-numbers; removing-attic-insulation-cost-breakdown-real-numbers; remove-attic-insulation-cost-what-to-expect-in-2026; attic-insulation-removal-pricing-guide-for-homeowners,https://www.energystar.gov/; https://www.epa.gov/radon; https://www.epa.gov/mold,"A photorealistic photograph of an attic being insulated with blown-in cellulose insulation being applied between ceiling joists using a hose, the worker wearing a respirator and safety goggles, with kraft-faced batts visible on the walls. The scene is set in a well-lit suburban home. natural lighting, shot on a Canon EOS R5 with a 35mm lens, shallow depth of field, editorial photography style. No text overlays, no watermarks, no logos, no artificial lighting artifacts. The image looks like it was taken by a professional home renovation photographer for an editorial magazine feature.","Q: What about moisture problems? A: Address any moisture issues before finishing. This means proper exterior grading, waterproofing, a sump pump if needed, and a good dehumidifier. Finishing over a wet problem guarantees mold. | Q: Can a beginner handle this project? A: With proper research, the right tools, and realistic expectations about timeline, many first-timers succeed. Start with a small area to build confidence before tackling the main project. | Q: How long should I expect this project to take? A: A focused DIYer working weekends should budget 2–3x the time a pro would take. Factor in supply runs, learning curves, and the inevitable re-dos. Better to plan generously than rush.",idea,Daniel Ware
311,2026-10-26,attic-insulation,blow-in insulation cost per square foot,880,13.86,,informational,Blow-in Insulation Per Square Foot Cost: What to Expect in 2026,blow-in-insulation-per-square-foot-cost-what-to-expect-in-2026,"Considering blow-in insulation cost per square foot? Here's what it actually takes — costs, permits, and the decisions that matter most.",Basement & Attic,attic renovation; insulation; basement finishing; cost guide,removing-insulation-from-attic-cost-breakdown-real-numbers; removing-attic-insulation-cost-breakdown-real-numbers; remove-attic-insulation-cost-what-to-expect-in-2026; attic-insulation-removal-pricing-guide-for-homeowners; remove-insulation-from-attic-pricing-guide-for-homeowners,https://www.iccsafe.org/products-and-services/i-codes/2024-i-codes/irc/; https://www.energy.gov/energysaver/insulation,"A photorealistic photograph of an attic being insulated with blown-in cellulose insulation being applied between ceiling joists using a hose, the worker wearing a respirator and safety goggles, with kraft-faced batts visible on the walls. The scene is set in a well-lit suburban home. natural lighting, shot on a Canon EOS R5 with a 35mm lens, shallow depth of field, editorial photography style. No text overlays, no watermarks, no logos, no artificial lighting artifacts. The image looks like it was taken by a professional home renovation photographer for an editorial magazine feature.","Q: Do I need a permit to finish this space? A: Almost certainly yes. Finishing a basement or attic into livable space requires permits for framing, electrical, plumbing, and egress. Skipping permits creates problems at resale. | Q: Can a beginner handle this project? A: With proper research, the right tools, and realistic expectations about timeline, many first-timers succeed. Start with a small area to build confidence before tackling the main project. | Q: What's the most common mistake to avoid? A: Skipping proper preparation is the number-one mistake. Whether it's surface prep, measuring twice, or reading the full instructions first — rushing the setup phase causes most DIY failures.",idea,Daniel Ware
312,2026-10-26,tile-floor,cost to remove tile flooring,390,12.05,,informational,How Much Does Remove Tile Flooring Really Cost?,how-much-does-remove-tile-flooring-really-cost,From subfloor prep to final trim — a practical guide to cost to remove tile flooring with real costs and pro tips. Practical tips from real projects.,Flooring & Tile,tile installation; flooring; tile; cost guide,install-ceramic-flooring-pricing-guide-for-homeowners; tile-flooring-removal-cost-breakdown-real-numbers; slate-tile-installation-costs-and-tips; installing-slate-tile-what-to-know-first; flooring-tiles-installation-cost-breakdown-real-numbers,https://www.iccsafe.org/products-and-services/i-codes/2024-i-codes/irc/; https://www.nwfa.org/; https://www.tcnatile.com/,"A photorealistic photograph of a professional installing floor tiles in a spacious room with natural light, using a notched trowel to spread thinset, with tile spacers and a level tool visible. The scene is set in a well-lit suburban home. natural lighting, shot on a Canon EOS R5 with a 35mm lens, shallow depth of field, editorial photography style. No text overlays, no watermarks, no logos, no artificial lighting artifacts. The image looks like it was taken by a professional home renovation photographer for an editorial magazine feature.","Q: Can I install cost to remove tile flooring over existing flooring? A: Some flooring goes directly over existing surfaces (LVP, laminate), while others need bare subfloor (tile, hardwood). Check your specific product requirements and subfloor condition first. | Q: Can a beginner handle this project? A: With proper research, the right tools, and realistic expectations about timeline, many first-timers succeed. Start with a small area to build confidence before tackling the main project. | Q: How long should I expect this project to take? A: A focused DIYer working weekends should budget 2–3x the time a pro would take. Factor in supply runs, learning curves, and the inevitable re-dos. Better to plan generously than rush.",idea,Daniel Ware
313,2026-10-27,deck-build,deck building guidelines,480,4.17,4,informational,Deck Building Guidelines: What Homeowners Should Know,deck-building-guidelines-what-homeowners-should-know,"Everything you need for deck building guidelines: materials, costs, permits, and lessons from actual backyard projects. Practical tips from real projects.",Outdoor & Landscaping,deck building; outdoor projects; landscaping,hiring-a-deck-building-contractor-red-flags-and-tips; hiring-a-deck-building-contractor-red-flags-and-tips; composite-deck-building-a-diyers-honest-take; building-a-deck-with-composite-decking-a-diyers-honest-take; the-real-deal-on-custom-deck-building,https://www.awc.org/; https://www.iccsafe.org/products-and-services/i-codes/2024-i-codes/irc/,"A photorealistic photograph of a homeowner building a pressure-treated wood deck in a suburban backyard, attaching deck boards with a cordless drill, with a framing square, level, and stacks of lumber visible nearby. The scene is set in a well-lit suburban home. natural lighting, shot on a Canon EOS R5 with a 35mm lens, shallow depth of field, editorial photography style. No text overlays, no watermarks, no logos, no artificial lighting artifacts. The image looks like it was taken by a professional home renovation photographer for an editorial magazine feature.","Q: Do I need a permit for this project? A: Permit requirements vary by municipality. Generally, structures over a certain height or size, anything near property lines, and electrical/plumbing work require permits. Call your local building department to check. | Q: What tools do I need for this project? A: The exact tools depend on your approach, but most deck building guidelines projects need basic measuring and marking tools, safety gear, and the category-specific tools covered in the article above. | Q: What's the most common mistake to avoid? A: Skipping proper preparation is the number-one mistake. Whether it's surface prep, measuring twice, or reading the full instructions first — rushing the setup phase causes most DIY failures.",idea,Daniel Ware
314,2026-10-27,deck-build,building a deck guide,480,4.17,4,informational,Building a Deck Guide: A Practical Guide,building-a-deck-guide-a-practical-guide,"A hands-on guide to building a deck guide with actual project costs, timelines, and what to watch out for. Practical tips from real projects.",Outdoor & Landscaping,deck building; outdoor projects; landscaping,hiring-a-deck-building-contractor-red-flags-and-tips; composite-deck-building-a-diyers-honest-take; building-a-deck-with-composite-decking-a-diyers-honest-take; the-real-deal-on-custom-deck-building; deck-building-guidelines-what-homeowners-should-know,https://www.iccsafe.org/products-and-services/i-codes/2024-i-codes/irc/; https://www.strongtie.com/; https://www.epa.gov/watersense,"A photorealistic photograph of a homeowner building a pressure-treated wood deck in a suburban backyard, attaching deck boards with a cordless drill, with a framing square, level, and stacks of lumber visible nearby. The scene is set in a well-lit suburban home. natural lighting, shot on a Canon EOS R5 with a 35mm lens, shallow depth of field, editorial photography style. No text overlays, no watermarks, no logos, no artificial lighting artifacts. The image looks like it was taken by a professional home renovation photographer for an editorial magazine feature.","Q: What's the best time of year for this project? A: Spring and fall offer the best weather for most outdoor projects. Avoid extreme heat, freezing temperatures, and the rainy season in your area. Many contractors offer off-season discounts. | Q: What tools do I need for this project? A: The exact tools depend on your approach, but most building a deck guide projects need basic measuring and marking tools, safety gear, and the category-specific tools covered in the article above. | Q: How long should I expect this project to take? A: A focused DIYer working weekends should budget 2–3x the time a pro would take. Factor in supply runs, learning curves, and the inevitable re-dos. Better to plan generously than rush.",idea,Daniel Ware
315,2026-10-28,deck-build,deck building guides,480,4.17,4,informational,The Real Deal on Deck Building Guides,the-real-deal-on-deck-building-guides,"Everything you need for deck building guides: materials, costs, permits, and lessons from actual backyard projects. Practical tips from real projects.",Outdoor & Landscaping,deck building; outdoor projects; landscaping,composite-deck-building-a-diyers-honest-take; building-a-deck-with-composite-decking-a-diyers-honest-take; the-real-deal-on-custom-deck-building; deck-building-guidelines-what-homeowners-should-know; building-a-deck-guide-a-practical-guide,https://www.strongtie.com/; https://www.epa.gov/watersense; https://www.aarp.org/livable-communities/housing/,"A photorealistic photograph of a homeowner building a pressure-treated wood deck in a suburban backyard, attaching deck boards with a cordless drill, with a framing square, level, and stacks of lumber visible nearby. The scene is set in a well-lit suburban home. natural lighting, shot on a Canon EOS R5 with a 35mm lens, shallow depth of field, editorial photography style. No text overlays, no watermarks, no logos, no artificial lighting artifacts. The image looks like it was taken by a professional home renovation photographer for an editorial magazine feature.","Q: What's the best time of year for this project? A: Spring and fall offer the best weather for most outdoor projects. Avoid extreme heat, freezing temperatures, and the rainy season in your area. Many contractors offer off-season discounts. | Q: What tools do I need for this project? A: The exact tools depend on your approach, but most deck building guides projects need basic measuring and marking tools, safety gear, and the category-specific tools covered in the article above. | Q: How long should I expect this project to take? A: A focused DIYer working weekends should budget 2–3x the time a pro would take. Factor in supply runs, learning curves, and the inevitable re-dos. Better to plan generously than rush.",idea,Daniel Ware
316,2026-10-28,deck-build,building rooftop deck,480,15.1,,informational,Building Rooftop Deck: Honest Advice for Your Home,building-rooftop-deck-honest-advice-for-your-home,"A hands-on guide to building rooftop deck with actual project costs, timelines, and what to watch out for. Practical tips from real projects.",Outdoor & Landscaping,deck building; outdoor projects; roofing; landscaping,building-a-deck-with-composite-decking-a-diyers-honest-take; the-real-deal-on-custom-deck-building; deck-building-guidelines-what-homeowners-should-know; building-a-deck-guide-a-practical-guide; the-real-deal-on-deck-building-guides,https://www.epa.gov/watersense; https://www.aarp.org/livable-communities/housing/,"A photorealistic photograph of a homeowner building a pressure-treated wood deck in a suburban backyard, attaching deck boards with a cordless drill, with a framing square, level, and stacks of lumber visible nearby. The scene is set in a well-lit suburban home. natural lighting, shot on a Canon EOS R5 with a 35mm lens, shallow depth of field, editorial photography style. No text overlays, no watermarks, no logos, no artificial lighting artifacts. The image looks like it was taken by a professional home renovation photographer for an editorial magazine feature.","Q: Do I need a permit for this project? A: Permit requirements vary by municipality. Generally, structures over a certain height or size, anything near property lines, and electrical/plumbing work require permits. Call your local building department to check. | Q: What tools do I need for this project? A: The exact tools depend on your approach, but most building rooftop deck projects need basic measuring and marking tools, safety gear, and the category-specific tools covered in the article above. | Q: What's the most common mistake to avoid? A: Skipping proper preparation is the number-one mistake. Whether it's surface prep, measuring twice, or reading the full instructions first — rushing the setup phase causes most DIY failures.",idea,Daniel Ware
317,2026-10-29,deck-build,deck building layout,720,5.86,12,informational,The Real Deal on Deck Building Layout,the-real-deal-on-deck-building-layout,"Planning deck building layout? Real costs, material comparisons, and the steps most DIY guides skip. Practical tips from real projects.",Outdoor & Landscaping,deck building; outdoor projects; landscaping,the-real-deal-on-custom-deck-building; deck-building-guidelines-what-homeowners-should-know; building-a-deck-guide-a-practical-guide; the-real-deal-on-deck-building-guides; building-rooftop-deck-honest-advice-for-your-home,https://www.strongtie.com/; https://www.epa.gov/watersense,"A photorealistic photograph of a homeowner building a pressure-treated wood deck in a suburban backyard, attaching deck boards with a cordless drill, with a framing square, level, and stacks of lumber visible nearby. The scene is set in a well-lit suburban home. natural lighting, shot on a Canon EOS R5 with a 35mm lens, shallow depth of field, editorial photography style. No text overlays, no watermarks, no logos, no artificial lighting artifacts. The image looks like it was taken by a professional home renovation photographer for an editorial magazine feature.","Q: Do I need a permit for this project? A: Permit requirements vary by municipality. Generally, structures over a certain height or size, anything near property lines, and electrical/plumbing work require permits. Call your local building department to check. | Q: What tools do I need for this project? A: The exact tools depend on your approach, but most deck building layout projects need basic measuring and marking tools, safety gear, and the category-specific tools covered in the article above. | Q: What's the most common mistake to avoid? A: Skipping proper preparation is the number-one mistake. Whether it's surface prep, measuring twice, or reading the full instructions first — rushing the setup phase causes most DIY failures.",idea,Daniel Ware
318,2026-10-29,deck-build,calculate cost of building a deck,590,4.78,8,informational,Building Deck Pricing Guide for Homeowners,building-deck-pricing-guide-for-homeowners,"A hands-on guide to calculate cost of building a deck with actual project costs, timelines, and what to watch out for. Practical tips from real projects.",Outdoor & Landscaping,deck building; outdoor projects; landscaping; cost guide,deck-building-guidelines-what-homeowners-should-know; building-a-deck-guide-a-practical-guide; the-real-deal-on-deck-building-guides; building-rooftop-deck-honest-advice-for-your-home; the-real-deal-on-deck-building-layout,https://www.aarp.org/livable-communities/housing/; https://www.awc.org/; https://www.iccsafe.org/products-and-services/i-codes/2024-i-codes/irc/,"A photorealistic photograph of a homeowner building a pressure-treated wood deck in a suburban backyard, attaching deck boards with a cordless drill, with a framing square, level, and stacks of lumber visible nearby. The scene is set in a well-lit suburban home. natural lighting, shot on a Canon EOS R5 with a 35mm lens, shallow depth of field, editorial photography style. No text overlays, no watermarks, no logos, no artificial lighting artifacts. The image looks like it was taken by a professional home renovation photographer for an editorial magazine feature.","Q: What's the best time of year for this project? A: Spring and fall offer the best weather for most outdoor projects. Avoid extreme heat, freezing temperatures, and the rainy season in your area. Many contractors offer off-season discounts. | Q: What tools do I need for this project? A: The exact tools depend on your approach, but most calculate cost of building a deck projects need basic measuring and marking tools, safety gear, and the category-specific tools covered in the article above. | Q: How long should I expect this project to take? A: A focused DIYer working weekends should budget 2–3x the time a pro would take. Factor in supply runs, learning curves, and the inevitable re-dos. Better to plan generously than rush.",idea,Daniel Ware
319,2026-10-30,deck-build,deck building service,590,11.44,21,commercial,Finding Good Deck Building Contractors Near You,finding-good-deck-building-contractors-near-you,"Everything you need for deck building service: materials, costs, permits, and lessons from actual backyard projects. Practical tips from real projects.",Outdoor & Landscaping,deck building; outdoor projects; landscaping,building-a-deck-guide-a-practical-guide; the-real-deal-on-deck-building-guides; building-rooftop-deck-honest-advice-for-your-home; the-real-deal-on-deck-building-layout; building-deck-pricing-guide-for-homeowners,https://www.epa.gov/watersense; https://www.aarp.org/livable-communities/housing/; https://www.awc.org/,"A photorealistic photograph of a homeowner building a pressure-treated wood deck in a suburban backyard, attaching deck boards with a cordless drill, with a framing square, level, and stacks of lumber visible nearby. The scene is set in a well-lit suburban home. natural lighting, shot on a Canon EOS R5 with a 35mm lens, shallow depth of field, editorial photography style. No text overlays, no watermarks, no logos, no artificial lighting artifacts. The image looks like it was taken by a professional home renovation photographer for an editorial magazine feature.","Q: What's the best time of year for this project? A: Spring and fall offer the best weather for most outdoor projects. Avoid extreme heat, freezing temperatures, and the rainy season in your area. Many contractors offer off-season discounts. | Q: What tools do I need for this project? A: The exact tools depend on your approach, but most deck building service projects need basic measuring and marking tools, safety gear, and the category-specific tools covered in the article above. | Q: How long should I expect this project to take? A: A focused DIYer working weekends should budget 2–3x the time a pro would take. Factor in supply runs, learning curves, and the inevitable re-dos. Better to plan generously than rush.",idea,Daniel Ware
320,2026-10-30,deck-build,deck building services,590,11.44,21,commercial,Deck Building Services: Honest Advice for Your Home,deck-building-services-honest-advice-for-your-home,"A hands-on guide to deck building services with actual project costs, timelines, and what to watch out for. Practical tips from real projects.",Outdoor & Landscaping,deck building; outdoor projects; landscaping,the-real-deal-on-deck-building-guides; building-rooftop-deck-honest-advice-for-your-home; the-real-deal-on-deck-building-layout; building-deck-pricing-guide-for-homeowners; finding-good-deck-building-contractors-near-you,https://www.epa.gov/watersense; https://www.aarp.org/livable-communities/housing/; https://www.awc.org/,"A photorealistic photograph of a homeowner building a pressure-treated wood deck in a suburban backyard, attaching deck boards with a cordless drill, with a framing square, level, and stacks of lumber visible nearby. The scene is set in a well-lit suburban home. natural lighting, shot on a Canon EOS R5 with a 35mm lens, shallow depth of field, editorial photography style. No text overlays, no watermarks, no logos, no artificial lighting artifacts. The image looks like it was taken by a professional home renovation photographer for an editorial magazine feature.","Q: What's the best time of year for this project? A: Spring and fall offer the best weather for most outdoor projects. Avoid extreme heat, freezing temperatures, and the rainy season in your area. Many contractors offer off-season discounts. | Q: What tools do I need for this project? A: The exact tools depend on your approach, but most deck building services projects need basic measuring and marking tools, safety gear, and the category-specific tools covered in the article above. | Q: How long should I expect this project to take? A: A focused DIYer working weekends should budget 2–3x the time a pro would take. Factor in supply runs, learning curves, and the inevitable re-dos. Better to plan generously than rush.",idea,Daniel Ware
321,2026-10-31,remodel-cost,cost to install ceiling grid,70,108.03,,informational,Install Ceiling Grid Cost: What to Expect in 2026,install-ceiling-grid-cost-what-to-expect-in-2026,Honest cost breakdown for cost to install ceiling grid. Real numbers from actual projects — not contractor marketing fluff.,Budget & Planning,home improvement cost; cost guide; budget renovation; installation,fair-carpets-cost-what-to-expect-in-2026; gas-valve-replacement-cost-breakdown-real-numbers; how-much-does-pex-repipe-really-cost; ac-condenser-installation-cost-breakdown-real-numbers; ceiling-grid-installation-cost-what-to-expect-in-2026,https://www.consumer.ftc.gov/articles/hiring-contractor; https://www.iccsafe.org/products-and-services/i-codes/2024-i-codes/irc/,"A photorealistic photograph of a homeowner sitting at a kitchen table reviewing renovation plans with blueprints spread out, a laptop showing a spreadsheet, paint swatches, and a calculator, natural afternoon light. The scene is set in a well-lit suburban home. natural lighting, shot on a Canon EOS R5 with a 35mm lens, shallow depth of field, editorial photography style. No text overlays, no watermarks, no logos, no artificial lighting artifacts. The image looks like it was taken by a professional home renovation photographer for an editorial magazine feature.","Q: What's the biggest hidden cost in this project? A: Permit fees, unexpected structural issues, and temporary living adjustments often surprise homeowners. Budget 10–20% above your estimate for contingencies. | Q: What tools do I need for this project? A: The exact tools depend on your approach, but most cost to install ceiling grid projects need basic measuring and marking tools, safety gear, and the category-specific tools covered in the article above. | Q: What's the most common mistake to avoid? A: Skipping proper preparation is the number-one mistake. Whether it's surface prep, measuring twice, or reading the full instructions first — rushing the setup phase causes most DIY failures.",idea,Daniel Ware
322,2026-10-31,remodel-cost,home remodeling ads,170,41.67,,informational,Home Remodeling Ads: A Practical Guide,home-remodeling-ads-a-practical-guide,"Budget smarter for home remodeling ads. Real prices, trade-offs between DIY and pro, and where to save without regret. Practical tips from real projects.",Budget & Planning,home improvement cost; budget renovation; home improvement,gas-valve-replacement-cost-breakdown-real-numbers; how-much-does-pex-repipe-really-cost; ac-condenser-installation-cost-breakdown-real-numbers; ceiling-grid-installation-cost-what-to-expect-in-2026; install-ceiling-grid-cost-what-to-expect-in-2026,https://www.remodeling.hw.net/cost-vs-value/2025/; https://www.consumer.ftc.gov/articles/hiring-contractor; https://www.iccsafe.org/products-and-services/i-codes/2024-i-codes/irc/,"A photorealistic photograph of color-coded material samples arranged on a table including tile samples, paint swatches, flooring pieces, and hardware options, with price tags visible on each. The scene is set in a well-lit suburban home. natural lighting, shot on a Canon EOS R5 with a 35mm lens, shallow depth of field, editorial photography style. No text overlays, no watermarks, no logos, no artificial lighting artifacts. The image looks like it was taken by a professional home renovation photographer for an editorial magazine feature.","Q: How can I reduce costs without cutting corners? A: Do your own demolition, source materials during sales, keep the existing layout to avoid plumbing/electrical moves, and save the pro budget for the work that matters most. | Q: What tools do I need for this project? A: The exact tools depend on your approach, but most home remodeling ads projects need basic measuring and marking tools, safety gear, and the category-specific tools covered in the article above. | Q: How long should I expect this project to take? A: A focused DIYer working weekends should budget 2–3x the time a pro would take. Factor in supply runs, learning curves, and the inevitable re-dos. Better to plan generously than rush.",idea,Daniel Ware
323,2026-11-01,remodel-cost,leads for home improvement,170,39.99,,informational,Leads for Home Improvement: What Homeowners Should Know,leads-for-home-improvement-what-homeowners-should-know,Honest cost breakdown for leads for home improvement. Real numbers from actual projects — not contractor marketing fluff.,Budget & Planning,home improvement cost; budget renovation; home improvement,how-much-does-pex-repipe-really-cost; ac-condenser-installation-cost-breakdown-real-numbers; ceiling-grid-installation-cost-what-to-expect-in-2026; install-ceiling-grid-cost-what-to-expect-in-2026; home-remodeling-ads-a-practical-guide,https://www.epa.gov/lead; https://www.epa.gov/lead/renovation-repair-and-painting-program; https://www.consumerfinance.gov/,"A photorealistic photograph of a homeowner sitting at a kitchen table reviewing renovation plans with blueprints spread out, a laptop showing a spreadsheet, paint swatches, and a calculator, natural afternoon light. The scene is set in a well-lit suburban home. natural lighting, shot on a Canon EOS R5 with a 35mm lens, shallow depth of field, editorial photography style. No text overlays, no watermarks, no logos, no artificial lighting artifacts. The image looks like it was taken by a professional home renovation photographer for an editorial magazine feature.","Q: How can I reduce costs without cutting corners? A: Do your own demolition, source materials during sales, keep the existing layout to avoid plumbing/electrical moves, and save the pro budget for the work that matters most. | Q: Can a beginner handle this project? A: With proper research, the right tools, and realistic expectations about timeline, many first-timers succeed. Start with a small area to build confidence before tackling the main project. | Q: How long should I expect this project to take? A: A focused DIYer working weekends should budget 2–3x the time a pro would take. Factor in supply runs, learning curves, and the inevitable re-dos. Better to plan generously than rush.",idea,Daniel Ware
324,2026-11-01,remodel-cost,finishes in interior design,70,83.59,,informational,Finishes in Interior Design: Honest Advice for Your Home,finishes-in-interior-design-honest-advice-for-your-home,"Budget smarter for finishes in interior design. Real prices, trade-offs between DIY and pro, and where to save without regret.",Budget & Planning,home improvement cost; budget renovation; home improvement,ac-condenser-installation-cost-breakdown-real-numbers; ceiling-grid-installation-cost-what-to-expect-in-2026; install-ceiling-grid-cost-what-to-expect-in-2026; home-remodeling-ads-a-practical-guide; leads-for-home-improvement-what-homeowners-should-know,https://www.iccsafe.org/products-and-services/i-codes/2024-i-codes/irc/; https://www.bls.gov/,"A photorealistic photograph of color-coded material samples arranged on a table including tile samples, paint swatches, flooring pieces, and hardware options, with price tags visible on each. The scene is set in a well-lit suburban home. natural lighting, shot on a Canon EOS R5 with a 35mm lens, shallow depth of field, editorial photography style. No text overlays, no watermarks, no logos, no artificial lighting artifacts. The image looks like it was taken by a professional home renovation photographer for an editorial magazine feature.","Q: What's the biggest hidden cost in this project? A: Permit fees, unexpected structural issues, and temporary living adjustments often surprise homeowners. Budget 10–20% above your estimate for contingencies. | Q: Can a beginner handle this project? A: With proper research, the right tools, and realistic expectations about timeline, many first-timers succeed. Start with a small area to build confidence before tackling the main project. | Q: What's the most common mistake to avoid? A: Skipping proper preparation is the number-one mistake. Whether it's surface prep, measuring twice, or reading the full instructions first — rushing the setup phase causes most DIY failures.",idea,Daniel Ware
325,2026-11-02,remodel-cost,cost of sand filter septic system,90,63.99,,informational,Sand Filter Septic System Pricing Guide for Homeowners,sand-filter-septic-system-pricing-guide-for-homeowners,"Budget smarter for cost of sand filter septic system. Real prices, trade-offs between DIY and pro, and where to save without regret.",Budget & Planning,home improvement cost; budget renovation; cost guide,ceiling-grid-installation-cost-what-to-expect-in-2026; install-ceiling-grid-cost-what-to-expect-in-2026; home-remodeling-ads-a-practical-guide; leads-for-home-improvement-what-homeowners-should-know; finishes-in-interior-design-honest-advice-for-your-home,https://www.consumer.ftc.gov/articles/hiring-contractor; https://www.iccsafe.org/products-and-services/i-codes/2024-i-codes/irc/; https://www.bls.gov/,"A photorealistic photograph of color-coded material samples arranged on a table including tile samples, paint swatches, flooring pieces, and hardware options, with price tags visible on each. The scene is set in a well-lit suburban home. natural lighting, shot on a Canon EOS R5 with a 35mm lens, shallow depth of field, editorial photography style. No text overlays, no watermarks, no logos, no artificial lighting artifacts. The image looks like it was taken by a professional home renovation photographer for an editorial magazine feature.","Q: How can I reduce costs without cutting corners? A: Do your own demolition, source materials during sales, keep the existing layout to avoid plumbing/electrical moves, and save the pro budget for the work that matters most. | Q: Can a beginner handle this project? A: With proper research, the right tools, and realistic expectations about timeline, many first-timers succeed. Start with a small area to build confidence before tackling the main project. | Q: How long should I expect this project to take? A: A focused DIYer working weekends should budget 2–3x the time a pro would take. Factor in supply runs, learning curves, and the inevitable re-dos. Better to plan generously than rush.",idea,Daniel Ware
326,2026-11-02,remodel-cost,sand filtration septic system cost,90,63.99,,commercial,How Much Does Sand Filtration Septic System Really Cost?,how-much-does-sand-filtration-septic-system-really-cost,"How much does sand filtration septic system cost really cost? Line-by-line budget with labor, materials, and hidden expenses.",Budget & Planning,home improvement cost; budget renovation; cost guide,install-ceiling-grid-cost-what-to-expect-in-2026; home-remodeling-ads-a-practical-guide; leads-for-home-improvement-what-homeowners-should-know; finishes-in-interior-design-honest-advice-for-your-home; sand-filter-septic-system-pricing-guide-for-homeowners,https://www.bls.gov/; https://www.consumerfinance.gov/; https://www.remodeling.hw.net/cost-vs-value/2025/,"A photorealistic photograph of a clipboard with a renovation cost estimate on a workbench next to a tape measure, pencil, and material samples, with a partially renovated room visible behind. The scene is set in a well-lit suburban home. natural lighting, shot on a Canon EOS R5 with a 35mm lens, shallow depth of field, editorial photography style. No text overlays, no watermarks, no logos, no artificial lighting artifacts. The image looks like it was taken by a professional home renovation photographer for an editorial magazine feature.","Q: How can I reduce costs without cutting corners? A: Do your own demolition, source materials during sales, keep the existing layout to avoid plumbing/electrical moves, and save the pro budget for the work that matters most. | Q: Can a beginner handle this project? A: With proper research, the right tools, and realistic expectations about timeline, many first-timers succeed. Start with a small area to build confidence before tackling the main project. | Q: How long should I expect this project to take? A: A focused DIYer working weekends should budget 2–3x the time a pro would take. Factor in supply runs, learning curves, and the inevitable re-dos. Better to plan generously than rush.",idea,Daniel Ware
327,2026-11-03,remodel-cost,cost to install surround sound,70,67.4,,informational,Install Surround Sound Cost Breakdown: Real Numbers,install-surround-sound-cost-breakdown-real-numbers,"Budget smarter for cost to install surround sound. Real prices, trade-offs between DIY and pro, and where to save without regret.",Budget & Planning,home improvement cost; cost guide; budget renovation; installation,home-remodeling-ads-a-practical-guide; leads-for-home-improvement-what-homeowners-should-know; finishes-in-interior-design-honest-advice-for-your-home; sand-filter-septic-system-pricing-guide-for-homeowners; how-much-does-sand-filtration-septic-system-really-cost,https://www.consumerfinance.gov/; https://www.remodeling.hw.net/cost-vs-value/2025/,"A photorealistic photograph of color-coded material samples arranged on a table including tile samples, paint swatches, flooring pieces, and hardware options, with price tags visible on each. The scene is set in a well-lit suburban home. natural lighting, shot on a Canon EOS R5 with a 35mm lens, shallow depth of field, editorial photography style. No text overlays, no watermarks, no logos, no artificial lighting artifacts. The image looks like it was taken by a professional home renovation photographer for an editorial magazine feature.","Q: What's the biggest hidden cost in this project? A: Permit fees, unexpected structural issues, and temporary living adjustments often surprise homeowners. Budget 10–20% above your estimate for contingencies. | Q: What tools do I need for this project? A: The exact tools depend on your approach, but most cost to install surround sound projects need basic measuring and marking tools, safety gear, and the category-specific tools covered in the article above. | Q: What's the most common mistake to avoid? A: Skipping proper preparation is the number-one mistake. Whether it's surface prep, measuring twice, or reading the full instructions first — rushing the setup phase causes most DIY failures.",idea,Daniel Ware
328,2026-11-03,remodel-cost,estimated cost to remodel kitchen,70,35.85,14,informational,Estimated Remodel Kitchen Cost Breakdown: Real Numbers,estimated-remodel-kitchen-cost-breakdown-real-numbers,"Real costs, realistic timelines, and practical steps for estimated cost to remodel kitchen. Written by a homeowner who's been through it.",Kitchen & Bath Remodeling,kitchen; bathroom remodel; kitchen remodel; cost guide,leads-for-home-improvement-what-homeowners-should-know; finishes-in-interior-design-honest-advice-for-your-home; sand-filter-septic-system-pricing-guide-for-homeowners; how-much-does-sand-filtration-septic-system-really-cost; install-surround-sound-cost-breakdown-real-numbers,https://www.iccsafe.org/products-and-services/i-codes/2024-i-codes/irc/; https://www.nfpa.org/codes-and-standards/nfpa-70-standard-development/70,"A photorealistic photograph of a kitchen mid-renovation with new cabinets partially installed, exposed plumbing visible, a miter saw on the floor, and natural light from a window over the sink area. The scene is set in a well-lit suburban home. natural lighting, shot on a Canon EOS R5 with a 35mm lens, shallow depth of field, editorial photography style. No text overlays, no watermarks, no logos, no artificial lighting artifacts. The image looks like it was taken by a professional home renovation photographer for an editorial magazine feature.","Q: How much does estimated cost to remodel kitchen cost on average? A: A mid-range estimated cost to remodel kitchen project typically runs $5,000–$15,000 depending on materials and whether you hire a contractor. Get three local quotes for the best estimate. | Q: What tools do I need for this project? A: The exact tools depend on your approach, but most estimated cost to remodel kitchen projects need basic measuring and marking tools, safety gear, and the category-specific tools covered in the article above. | Q: What's the most common mistake to avoid? A: Skipping proper preparation is the number-one mistake. Whether it's surface prep, measuring twice, or reading the full instructions first — rushing the setup phase causes most DIY failures.",idea,Daniel Ware
329,2026-11-04,remodel-cost,long home products reviews,70,35.14,,informational,Long Home Products Reviews: What Homeowners Should Know,long-home-products-reviews-what-homeowners-should-know,"Budget smarter for long home products reviews. Real prices, trade-offs between DIY and pro, and where to save without regret.",Budget & Planning,home improvement cost; budget renovation; home improvement,finishes-in-interior-design-honest-advice-for-your-home; sand-filter-septic-system-pricing-guide-for-homeowners; how-much-does-sand-filtration-septic-system-really-cost; install-surround-sound-cost-breakdown-real-numbers; estimated-remodel-kitchen-cost-breakdown-real-numbers,https://www.consumerfinance.gov/; https://www.remodeling.hw.net/cost-vs-value/2025/; https://www.consumer.ftc.gov/articles/hiring-contractor,"A photorealistic photograph of color-coded material samples arranged on a table including tile samples, paint swatches, flooring pieces, and hardware options, with price tags visible on each. The scene is set in a well-lit suburban home. natural lighting, shot on a Canon EOS R5 with a 35mm lens, shallow depth of field, editorial photography style. No text overlays, no watermarks, no logos, no artificial lighting artifacts. The image looks like it was taken by a professional home renovation photographer for an editorial magazine feature.","Q: How can I reduce costs without cutting corners? A: Do your own demolition, source materials during sales, keep the existing layout to avoid plumbing/electrical moves, and save the pro budget for the work that matters most. | Q: Can a beginner handle this project? A: With proper research, the right tools, and realistic expectations about timeline, many first-timers succeed. Start with a small area to build confidence before tackling the main project. | Q: How long should I expect this project to take? A: A focused DIYer working weekends should budget 2–3x the time a pro would take. Factor in supply runs, learning curves, and the inevitable re-dos. Better to plan generously than rush.",idea,Daniel Ware
330,2026-11-04,bathroom-remodel,toilet repair and installation,70,61.02,,commercial,Toilet Repair and Installation: Costs and Tips,toilet-repair-and-installation-costs-and-tips,"Real costs, realistic timelines, and practical steps for toilet repair and installation. Written by a homeowner who's been through it.",Kitchen & Bath Remodeling,home repair; bathroom remodel; kitchen remodel; installation,painting-kitchen-cabinets-cost-what-to-expect-in-2026; home-additions-and-renovations-what-homeowners-should-know; the-real-deal-on-kitchen-renovation-services; sustainable-home-renovation-what-homeowners-should-know; bathroom-remodeling-salem-what-homeowners-should-know,https://www.iccsafe.org/products-and-services/i-codes/2024-i-codes/irc/; https://www.nfpa.org/codes-and-standards/nfpa-70-standard-development/70,"A photorealistic photograph of a homeowner measuring cabinet dimensions in a kitchen with a tape measure and notepad, new cabinet samples on the counter, morning light through a window above the sink. The scene is set in a well-lit suburban home. natural lighting, shot on a Canon EOS R5 with a 35mm lens, shallow depth of field, editorial photography style. No text overlays, no watermarks, no logos, no artificial lighting artifacts. The image looks like it was taken by a professional home renovation photographer for an editorial magazine feature.","Q: How much does toilet repair and installation cost on average? A: A mid-range toilet repair and installation project typically runs $5,000–$15,000 depending on materials and whether you hire a contractor. Get three local quotes for the best estimate. | Q: What tools do I need for this project? A: The exact tools depend on your approach, but most toilet repair and installation projects need basic measuring and marking tools, safety gear, and the category-specific tools covered in the article above. | Q: What's the most common mistake to avoid? A: Skipping proper preparation is the number-one mistake. Whether it's surface prep, measuring twice, or reading the full instructions first — rushing the setup phase causes most DIY failures.",idea,Daniel Ware
331,2026-11-05,bathroom-remodel,1980s home renovation,70,50.96,,informational,1980s Home Renovation: Honest Advice for Your Home,1980s-home-renovation-honest-advice-for-your-home,"Real costs, realistic timelines, and practical steps for 1980s home renovation. Written by a homeowner who's been through it.",Kitchen & Bath Remodeling,bathroom remodel; kitchen remodel; home improvement,home-additions-and-renovations-what-homeowners-should-know; the-real-deal-on-kitchen-renovation-services; sustainable-home-renovation-what-homeowners-should-know; bathroom-remodeling-salem-what-homeowners-should-know; toilet-repair-and-installation-costs-and-tips,https://www.epa.gov/lead; https://www.epa.gov/watersense; https://www.tcnatile.com/,"A photorealistic photograph of a homeowner measuring cabinet dimensions in a kitchen with a tape measure and notepad, new cabinet samples on the counter, morning light through a window above the sink. The scene is set in a well-lit suburban home. natural lighting, shot on a Canon EOS R5 with a 35mm lens, shallow depth of field, editorial photography style. No text overlays, no watermarks, no logos, no artificial lighting artifacts. The image looks like it was taken by a professional home renovation photographer for an editorial magazine feature.","Q: Is 1980s home renovation worth the investment? A: Most homeowners recoup 60–70% of 1980s home renovation costs at resale, and the daily comfort improvement is significant. Focus on quality basics over luxury upgrades for the best return. | Q: Can a beginner handle this project? A: With proper research, the right tools, and realistic expectations about timeline, many first-timers succeed. Start with a small area to build confidence before tackling the main project. | Q: How long should I expect this project to take? A: A focused DIYer working weekends should budget 2–3x the time a pro would take. Factor in supply runs, learning curves, and the inevitable re-dos. Better to plan generously than rush.",idea,Daniel Ware
332,2026-11-05,bathroom-remodel,bathroom renovation specialists,90,55.21,36,commercial,Bathroom Renovation Specialists: A DIYer's Honest Take,bathroom-renovation-specialists-a-diyers-honest-take,"A no-fluff guide to bathroom renovation specialists with real material costs, labor estimates, and the mistakes to skip.",Kitchen & Bath Remodeling,bathroom remodel; bathroom; kitchen remodel,the-real-deal-on-kitchen-renovation-services; sustainable-home-renovation-what-homeowners-should-know; bathroom-remodeling-salem-what-homeowners-should-know; toilet-repair-and-installation-costs-and-tips; 1980s-home-renovation-honest-advice-for-your-home,https://www.epa.gov/watersense; https://www.tcnatile.com/,"A photorealistic photograph of a bathroom mid-renovation with partially installed white subway tile, new fixtures still in packaging nearby, blue painter's tape on the edges, and a level tool resting on the vanity. The scene is set in a well-lit suburban home. natural lighting, shot on a Canon EOS R5 with a 35mm lens, shallow depth of field, editorial photography style. No text overlays, no watermarks, no logos, no artificial lighting artifacts. The image looks like it was taken by a professional home renovation photographer for an editorial magazine feature.","Q: How much does bathroom renovation specialists cost on average? A: A mid-range bathroom renovation specialists project typically runs $5,000–$15,000 depending on materials and whether you hire a contractor. Get three local quotes for the best estimate. | Q: Can a beginner handle this project? A: With proper research, the right tools, and realistic expectations about timeline, many first-timers succeed. Start with a small area to build confidence before tackling the main project. | Q: What's the most common mistake to avoid? A: Skipping proper preparation is the number-one mistake. Whether it's surface prep, measuring twice, or reading the full instructions first — rushing the setup phase causes most DIY failures.",idea,Daniel Ware
333,2026-11-06,bathroom-remodel,remodel kitchen and bath,90,31.95,24,commercial,The Real Deal on Remodel Kitchen and Bath,the-real-deal-on-remodel-kitchen-and-bath,"A no-fluff guide to remodel kitchen and bath with real material costs, labor estimates, and the mistakes to skip. Practical tips from real projects.",Kitchen & Bath Remodeling,kitchen; bathroom remodel; kitchen remodel,sustainable-home-renovation-what-homeowners-should-know; bathroom-remodeling-salem-what-homeowners-should-know; toilet-repair-and-installation-costs-and-tips; 1980s-home-renovation-honest-advice-for-your-home; bathroom-renovation-specialists-a-diyers-honest-take,https://www.nfpa.org/codes-and-standards/nfpa-70-standard-development/70; https://www.epa.gov/lead; https://www.epa.gov/watersense,"A photorealistic photograph of a kitchen mid-renovation with new cabinets partially installed, exposed plumbing visible, a miter saw on the floor, and natural light from a window over the sink area. The scene is set in a well-lit suburban home. natural lighting, shot on a Canon EOS R5 with a 35mm lens, shallow depth of field, editorial photography style. No text overlays, no watermarks, no logos, no artificial lighting artifacts. The image looks like it was taken by a professional home renovation photographer for an editorial magazine feature.","Q: Is remodel kitchen and bath worth the investment? A: Most homeowners recoup 60–70% of remodel kitchen and bath costs at resale, and the daily comfort improvement is significant. Focus on quality basics over luxury upgrades for the best return. | Q: What tools do I need for this project? A: The exact tools depend on your approach, but most remodel kitchen and bath projects need basic measuring and marking tools, safety gear, and the category-specific tools covered in the article above. | Q: How long should I expect this project to take? A: A focused DIYer working weekends should budget 2–3x the time a pro would take. Factor in supply runs, learning curves, and the inevitable re-dos. Better to plan generously than rush.",idea,Daniel Ware
334,2026-11-06,countertop,install countertop cost,1600,4.39,,informational,Install Countertop Pricing Guide for Homeowners,install-countertop-pricing-guide-for-homeowners,"A no-fluff guide to install countertop cost with real material costs, labor estimates, and the mistakes to skip. Practical tips from real projects.",Kitchen & Bath Remodeling,countertops; bathroom remodel; kitchen remodel; installation; cost guide,quartz-countertop-installation-pricing-guide-for-homeowners; how-much-does-quartz-countertop-installed-really-cost; kitchen-countertop-install-cost-what-to-expect-in-2026; kitchen-countertop-installation-pricing-guide-for-homeowners; how-much-does-countertop-installation-really-cost,https://www.iccsafe.org/products-and-services/i-codes/2024-i-codes/irc/; https://www.nfpa.org/codes-and-standards/nfpa-70-standard-development/70; https://www.epa.gov/lead,"A photorealistic photograph of bathroom fixtures laid out on a clean countertop including a brushed nickel faucet, handles, a towel bar, and mounting hardware, with installation instructions visible. The scene is set in a well-lit suburban home. natural lighting, shot on a Canon EOS R5 with a 35mm lens, shallow depth of field, editorial photography style. No text overlays, no watermarks, no logos, no artificial lighting artifacts. The image looks like it was taken by a professional home renovation photographer for an editorial magazine feature.","Q: Is install countertop cost worth the investment? A: Most homeowners recoup 60–70% of install countertop cost costs at resale, and the daily comfort improvement is significant. Focus on quality basics over luxury upgrades for the best return. | Q: What tools do I need for this project? A: The exact tools depend on your approach, but most install countertop cost projects need basic measuring and marking tools, safety gear, and the category-specific tools covered in the article above. | Q: How long should I expect this project to take? A: A focused DIYer working weekends should budget 2–3x the time a pro would take. Factor in supply runs, learning curves, and the inevitable re-dos. Better to plan generously than rush.",idea,Daniel Ware
335,2026-11-07,countertop,cost to replace countertop,1600,4.39,,informational,How Much Does Replace Countertop Really Cost?,how-much-does-replace-countertop-really-cost,"Considering cost to replace countertop? Here are the actual numbers, common pitfalls, and what most guides leave out. Practical tips from real projects.",Kitchen & Bath Remodeling,bathroom remodel; countertops; kitchen remodel; cost guide,how-much-does-quartz-countertop-installed-really-cost; kitchen-countertop-install-cost-what-to-expect-in-2026; kitchen-countertop-installation-pricing-guide-for-homeowners; how-much-does-countertop-installation-really-cost; install-countertop-pricing-guide-for-homeowners,https://www.iccsafe.org/products-and-services/i-codes/2024-i-codes/irc/; https://www.nfpa.org/codes-and-standards/nfpa-70-standard-development/70; https://www.epa.gov/lead,"A photorealistic photograph of a bright kitchen mid-renovation showing progress with new shaker cabinets on one wall and bare studs on the other, a level and drill on the counter, blue painter's tape along trim. The scene is set in a well-lit suburban home. natural lighting, shot on a Canon EOS R5 with a 35mm lens, shallow depth of field, editorial photography style. No text overlays, no watermarks, no logos, no artificial lighting artifacts. The image looks like it was taken by a professional home renovation photographer for an editorial magazine feature.","Q: Is cost to replace countertop worth the investment? A: Most homeowners recoup 60–70% of cost to replace countertop costs at resale, and the daily comfort improvement is significant. Focus on quality basics over luxury upgrades for the best return. | Q: What tools do I need for this project? A: The exact tools depend on your approach, but most cost to replace countertop projects need basic measuring and marking tools, safety gear, and the category-specific tools covered in the article above. | Q: How long should I expect this project to take? A: A focused DIYer working weekends should budget 2–3x the time a pro would take. Factor in supply runs, learning curves, and the inevitable re-dos. Better to plan generously than rush.",idea,Daniel Ware
336,2026-11-07,countertop,marble flooring installation cost,260,22.63,,commercial,Marble Flooring Installation Pricing Guide for Homeowners,marble-flooring-installation-pricing-guide-for-homeowners,"A no-fluff guide to marble flooring installation cost with real material costs, labor estimates, and the mistakes to skip.",Kitchen & Bath Remodeling,bathroom remodel; flooring; kitchen remodel; installation; cost guide,kitchen-countertop-install-cost-what-to-expect-in-2026; kitchen-countertop-installation-pricing-guide-for-homeowners; how-much-does-countertop-installation-really-cost; install-countertop-pricing-guide-for-homeowners; how-much-does-replace-countertop-really-cost,https://www.iccsafe.org/products-and-services/i-codes/2024-i-codes/irc/; https://www.nfpa.org/codes-and-standards/nfpa-70-standard-development/70; https://www.epa.gov/lead,"A photorealistic photograph of a professional installing floor tiles in a spacious room with natural light, using a notched trowel to spread thinset, with tile spacers and a level tool visible. The scene is set in a well-lit suburban home. natural lighting, shot on a Canon EOS R5 with a 35mm lens, shallow depth of field, editorial photography style. No text overlays, no watermarks, no logos, no artificial lighting artifacts. The image looks like it was taken by a professional home renovation photographer for an editorial magazine feature.","Q: Is marble flooring installation cost worth the investment? A: Most homeowners recoup 60–70% of marble flooring installation cost costs at resale, and the daily comfort improvement is significant. Focus on quality basics over luxury upgrades for the best return. | Q: What tools do I need for this project? A: The exact tools depend on your approach, but most marble flooring installation cost projects need basic measuring and marking tools, safety gear, and the category-specific tools covered in the article above. | Q: How long should I expect this project to take? A: A focused DIYer working weekends should budget 2–3x the time a pro would take. Factor in supply runs, learning curves, and the inevitable re-dos. Better to plan generously than rush.",idea,Daniel Ware
337,2026-11-08,countertop,cost to install marble flooring,260,22.63,,informational,How Much Does Install Marble Flooring Really Cost?,how-much-does-install-marble-flooring-really-cost,"A no-fluff guide to cost to install marble flooring with real material costs, labor estimates, and the mistakes to skip.",Kitchen & Bath Remodeling,bathroom remodel; flooring; kitchen remodel; installation; cost guide,kitchen-countertop-installation-pricing-guide-for-homeowners; how-much-does-countertop-installation-really-cost; install-countertop-pricing-guide-for-homeowners; how-much-does-replace-countertop-really-cost; marble-flooring-installation-pricing-guide-for-homeowners,https://www.tcnatile.com/; https://www.iccsafe.org/products-and-services/i-codes/2024-i-codes/irc/; https://www.nfpa.org/codes-and-standards/nfpa-70-standard-development/70,"A photorealistic photograph of a professional installing floor tiles in a spacious room with natural light, using a notched trowel to spread thinset, with tile spacers and a level tool visible. The scene is set in a well-lit suburban home. natural lighting, shot on a Canon EOS R5 with a 35mm lens, shallow depth of field, editorial photography style. No text overlays, no watermarks, no logos, no artificial lighting artifacts. The image looks like it was taken by a professional home renovation photographer for an editorial magazine feature.","Q: Is cost to install marble flooring worth the investment? A: Most homeowners recoup 60–70% of cost to install marble flooring costs at resale, and the daily comfort improvement is significant. Focus on quality basics over luxury upgrades for the best return. | Q: What tools do I need for this project? A: The exact tools depend on your approach, but most cost to install marble flooring projects need basic measuring and marking tools, safety gear, and the category-specific tools covered in the article above. | Q: How long should I expect this project to take? A: A focused DIYer working weekends should budget 2–3x the time a pro would take. Factor in supply runs, learning curves, and the inevitable re-dos. Better to plan generously than rush.",idea,Daniel Ware
338,2026-11-08,countertop,countertop cost calculator,390,2.59,3,informational,Countertop Pricing Guide for Homeowners,countertop-pricing-guide-for-homeowners,"A no-fluff guide to countertop cost calculator with real material costs, labor estimates, and the mistakes to skip. Practical tips from real projects.",Kitchen & Bath Remodeling,bathroom remodel; countertops; kitchen remodel; cost guide,how-much-does-countertop-installation-really-cost; install-countertop-pricing-guide-for-homeowners; how-much-does-replace-countertop-really-cost; marble-flooring-installation-pricing-guide-for-homeowners; how-much-does-install-marble-flooring-really-cost,https://www.nfpa.org/codes-and-standards/nfpa-70-standard-development/70; https://www.epa.gov/lead; https://www.epa.gov/watersense,"A photorealistic photograph of bathroom fixtures laid out on a clean countertop including a brushed nickel faucet, handles, a towel bar, and mounting hardware, with installation instructions visible. The scene is set in a well-lit suburban home. natural lighting, shot on a Canon EOS R5 with a 35mm lens, shallow depth of field, editorial photography style. No text overlays, no watermarks, no logos, no artificial lighting artifacts. The image looks like it was taken by a professional home renovation photographer for an editorial magazine feature.","Q: Is countertop cost calculator worth the investment? A: Most homeowners recoup 60–70% of countertop cost calculator costs at resale, and the daily comfort improvement is significant. Focus on quality basics over luxury upgrades for the best return. | Q: Can a beginner handle this project? A: With proper research, the right tools, and realistic expectations about timeline, many first-timers succeed. Start with a small area to build confidence before tackling the main project. | Q: How long should I expect this project to take? A: A focused DIYer working weekends should budget 2–3x the time a pro would take. Factor in supply runs, learning curves, and the inevitable re-dos. Better to plan generously than rush.",idea,Daniel Ware
339,2026-11-09,countertop,butcher block countertop installation cost,1300,3.9,,commercial,Butcher Block Countertop Installation Pricing Guide for...,butcher-block-countertop-installation-pricing-guide-for,"Considering butcher block countertop installation cost? Here are the actual numbers, common pitfalls, and what most guides leave out.",Kitchen & Bath Remodeling,countertops; bathroom remodel; kitchen remodel; installation; cost guide,install-countertop-pricing-guide-for-homeowners; how-much-does-replace-countertop-really-cost; marble-flooring-installation-pricing-guide-for-homeowners; how-much-does-install-marble-flooring-really-cost,https://www.iccsafe.org/products-and-services/i-codes/2024-i-codes/irc/; https://www.nfpa.org/codes-and-standards/nfpa-70-standard-development/70; https://www.epa.gov/lead,"A photorealistic photograph of a bright kitchen mid-renovation showing progress with new shaker cabinets on one wall and bare studs on the other, a level and drill on the counter, blue painter's tape along trim. The scene is set in a well-lit suburban home. natural lighting, shot on a Canon EOS R5 with a 35mm lens, shallow depth of field, editorial photography style. No text overlays, no watermarks, no logos, no artificial lighting artifacts. The image looks like it was taken by a professional home renovation photographer for an editorial magazine feature.","Q: Is butcher block countertop installation cost worth the investment? A: Most homeowners recoup 60–70% of butcher block countertop installation cost costs at resale, and the daily comfort improvement is significant. Focus on quality basics over luxury upgrades for the best return. | Q: What tools do I need for this project? A: The exact tools depend on your approach, but most butcher block countertop installation cost projects need basic measuring and marking tools, safety gear, and the category-specific tools covered in the article above. | Q: How long should I expect this project to take? A: A focused DIYer working weekends should budget 2–3x the time a pro would take. Factor in supply runs, learning curves, and the inevitable re-dos. Better to plan generously than rush.",idea,Daniel Ware
340,2026-11-09,countertop,replace laminate countertop cost,1600,2.65,,informational,Replace Laminate Countertop Cost: What to Expect in 2026,replace-laminate-countertop-cost-what-to-expect-in-2026,"A no-fluff guide to replace laminate countertop cost with real material costs, labor estimates, and the mistakes to skip.",Kitchen & Bath Remodeling,countertops; laminate flooring; bathroom remodel; kitchen remodel; cost guide,how-much-does-replace-countertop-really-cost; marble-flooring-installation-pricing-guide-for-homeowners; how-much-does-install-marble-flooring-really-cost; butcher-block-countertop-installation-pricing-guide-for,https://www.iccsafe.org/products-and-services/i-codes/2024-i-codes/irc/; https://www.nfpa.org/codes-and-standards/nfpa-70-standard-development/70,"A photorealistic photograph of luxury vinyl plank flooring being installed in a bright living room, with click-lock planks being joined together, a utility knife and straightedge nearby, and the transition between old and new flooring visible. The scene is set in a well-lit suburban home. natural lighting, shot on a Canon EOS R5 with a 35mm lens, shallow depth of field, editorial photography style. No text overlays, no watermarks, no logos, no artificial lighting artifacts. The image looks like it was taken by a professional home renovation photographer for an editorial magazine feature.","Q: How much does replace laminate countertop cost cost on average? A: A mid-range replace laminate countertop cost project typically runs $5,000–$15,000 depending on materials and whether you hire a contractor. Get three local quotes for the best estimate. | Q: What tools do I need for this project? A: The exact tools depend on your approach, but most replace laminate countertop cost projects need basic measuring and marking tools, safety gear, and the category-specific tools covered in the article above. | Q: What's the most common mistake to avoid? A: Skipping proper preparation is the number-one mistake. Whether it's surface prep, measuring twice, or reading the full instructions first — rushing the setup phase causes most DIY failures.",idea,Daniel Ware
341,2026-11-10,countertop,laminate countertop replacement cost,1600,2.65,,informational,Laminate Countertop Replacement Cost Breakdown: Real Numbers,laminate-countertop-replacement-cost-breakdown-real-numbers,"Considering laminate countertop replacement cost? Here are the actual numbers, common pitfalls, and what most guides leave out.",Kitchen & Bath Remodeling,countertops; laminate flooring; bathroom remodel; kitchen remodel; cost guide,marble-flooring-installation-pricing-guide-for-homeowners; how-much-does-install-marble-flooring-really-cost; butcher-block-countertop-installation-pricing-guide-for; replace-laminate-countertop-cost-what-to-expect-in-2026,https://www.epa.gov/lead; https://www.epa.gov/watersense,"A photorealistic photograph of luxury vinyl plank flooring being installed in a bright living room, with click-lock planks being joined together, a utility knife and straightedge nearby, and the transition between old and new flooring visible. The scene is set in a well-lit suburban home. natural lighting, shot on a Canon EOS R5 with a 35mm lens, shallow depth of field, editorial photography style. No text overlays, no watermarks, no logos, no artificial lighting artifacts. The image looks like it was taken by a professional home renovation photographer for an editorial magazine feature.","Q: How much does laminate countertop replacement cost cost on average? A: A mid-range laminate countertop replacement cost project typically runs $5,000–$15,000 depending on materials and whether you hire a contractor. Get three local quotes for the best estimate. | Q: What tools do I need for this project? A: The exact tools depend on your approach, but most laminate countertop replacement cost projects need basic measuring and marking tools, safety gear, and the category-specific tools covered in the article above. | Q: What's the most common mistake to avoid? A: Skipping proper preparation is the number-one mistake. Whether it's surface prep, measuring twice, or reading the full instructions first — rushing the setup phase causes most DIY failures.",idea,Daniel Ware
342,2026-11-10,countertop,laminate countertop installation cost,1000,2.65,,informational,How Much Does Laminate Countertop Installation Really Cost?,how-much-does-laminate-countertop-installation-really-cost,"Considering laminate countertop installation cost? Here are the actual numbers, common pitfalls, and what most guides leave out.",Kitchen & Bath Remodeling,countertops; laminate flooring; bathroom remodel; kitchen remodel; installation; cost guide,how-much-does-install-marble-flooring-really-cost; butcher-block-countertop-installation-pricing-guide-for; replace-laminate-countertop-cost-what-to-expect-in-2026; laminate-countertop-replacement-cost-breakdown-real-numbers,https://www.epa.gov/lead; https://www.epa.gov/watersense; https://www.tcnatile.com/,"A photorealistic photograph of luxury vinyl plank flooring being installed in a bright living room, with click-lock planks being joined together, a utility knife and straightedge nearby, and the transition between old and new flooring visible. The scene is set in a well-lit suburban home. natural lighting, shot on a Canon EOS R5 with a 35mm lens, shallow depth of field, editorial photography style. No text overlays, no watermarks, no logos, no artificial lighting artifacts. The image looks like it was taken by a professional home renovation photographer for an editorial magazine feature.","Q: Is laminate countertop installation cost worth the investment? A: Most homeowners recoup 60–70% of laminate countertop installation cost costs at resale, and the daily comfort improvement is significant. Focus on quality basics over luxury upgrades for the best return. | Q: What tools do I need for this project? A: The exact tools depend on your approach, but most laminate countertop installation cost projects need basic measuring and marking tools, safety gear, and the category-specific tools covered in the article above. | Q: How long should I expect this project to take? A: A focused DIYer working weekends should budget 2–3x the time a pro would take. Factor in supply runs, learning curves, and the inevitable re-dos. Better to plan generously than rush.",idea,Daniel Ware
343,2026-11-11,countertop,formica countertop installation cost,210,1.5,3,commercial,Formica Countertop Installation Pricing Guide for Homeowners,formica-countertop-installation-pricing-guide-for-homeowners,"Considering formica countertop installation cost? Here are the actual numbers, common pitfalls, and what most guides leave out.",Kitchen & Bath Remodeling,countertops; bathroom remodel; kitchen remodel; installation; cost guide,butcher-block-countertop-installation-pricing-guide-for; replace-laminate-countertop-cost-what-to-expect-in-2026; laminate-countertop-replacement-cost-breakdown-real-numbers; how-much-does-laminate-countertop-installation-really-cost,https://www.tcnatile.com/; https://www.iccsafe.org/products-and-services/i-codes/2024-i-codes/irc/; https://www.nfpa.org/codes-and-standards/nfpa-70-standard-development/70,"A photorealistic photograph of a bright kitchen mid-renovation showing progress with new shaker cabinets on one wall and bare studs on the other, a level and drill on the counter, blue painter's tape along trim. The scene is set in a well-lit suburban home. natural lighting, shot on a Canon EOS R5 with a 35mm lens, shallow depth of field, editorial photography style. No text overlays, no watermarks, no logos, no artificial lighting artifacts. The image looks like it was taken by a professional home renovation photographer for an editorial magazine feature.","Q: Is formica countertop installation cost worth the investment? A: Most homeowners recoup 60–70% of formica countertop installation cost costs at resale, and the daily comfort improvement is significant. Focus on quality basics over luxury upgrades for the best return. | Q: What tools do I need for this project? A: The exact tools depend on your approach, but most formica countertop installation cost projects need basic measuring and marking tools, safety gear, and the category-specific tools covered in the article above. | Q: How long should I expect this project to take? A: A focused DIYer working weekends should budget 2–3x the time a pro would take. Factor in supply runs, learning curves, and the inevitable re-dos. Better to plan generously than rush.",idea,Daniel Ware
344,2026-11-11,plumbing-repair,hot water unclog drain,70,130.3,,transactional,Hot Water Unclog Drain: A Practical Guide,hot-water-unclog-drain-a-practical-guide,"Know what you're getting into with hot water unclog drain. Costs, code requirements, and the honest DIY difficulty level.",Plumbing & Electrical,water damage; electrical; plumbing,trenchless-plumbing-repairs-a-homeowners-guide; plumbing-company-repair-guide-what-to-know; plumbing-water-leak-repair-guide-what-to-know; plumbing-snake-repairs-a-homeowners-guide; home-water-pump-repairs-a-homeowners-guide,https://www.iccsafe.org/products-and-services/i-codes/2024-i-codes/irc/; https://www.epa.gov/watersense; https://www.osha.gov/,"A photorealistic photograph of a homeowner working under a kitchen sink with a wrench adjusting PVC drain fittings, a flashlight illuminating the work area, plumber's tape and pipe fittings spread on the cabinet floor. The scene is set in a well-lit suburban home. natural lighting, shot on a Canon EOS R5 with a 35mm lens, shallow depth of field, editorial photography style. No text overlays, no watermarks, no logos, no artificial lighting artifacts. The image looks like it was taken by a professional home renovation photographer for an editorial magazine feature.","Q: How do I find a reliable plumber or electrician? A: Ask neighbors for referrals, check reviews on multiple platforms, verify their license and insurance, and always get at least three written quotes before deciding. | Q: Can a beginner handle this project? A: With proper research, the right tools, and realistic expectations about timeline, many first-timers succeed. Start with a small area to build confidence before tackling the main project. | Q: How long should I expect this project to take? A: A focused DIYer working weekends should budget 2–3x the time a pro would take. Factor in supply runs, learning curves, and the inevitable re-dos. Better to plan generously than rush.",idea,Daniel Ware
345,2026-11-12,plumbing-repair,master repair plumbing,110,19.79,6,commercial,Master Plumbing Repair: DIY or Call a Pro?,master-plumbing-repair-diy-or-call-a-pro,"Should you DIY master repair plumbing or call a pro? Real costs, skill requirements, and safety considerations. Practical tips from real projects.",Plumbing & Electrical,home repair; electrical; plumbing,plumbing-company-repair-guide-what-to-know; plumbing-water-leak-repair-guide-what-to-know; plumbing-snake-repairs-a-homeowners-guide; home-water-pump-repairs-a-homeowners-guide; hot-water-unclog-drain-a-practical-guide,https://www.osha.gov/; https://www.ul.com/; https://www.nfpa.org/codes-and-standards/nfpa-70-standard-development/70,"A photorealistic photograph of a homeowner working under a kitchen sink with a wrench adjusting PVC drain fittings, a flashlight illuminating the work area, plumber's tape and pipe fittings spread on the cabinet floor. The scene is set in a well-lit suburban home. natural lighting, shot on a Canon EOS R5 with a 35mm lens, shallow depth of field, editorial photography style. No text overlays, no watermarks, no logos, no artificial lighting artifacts. The image looks like it was taken by a professional home renovation photographer for an editorial magazine feature.","Q: How do I find a reliable plumber or electrician? A: Ask neighbors for referrals, check reviews on multiple platforms, verify their license and insurance, and always get at least three written quotes before deciding. | Q: What tools do I need for this project? A: The exact tools depend on your approach, but most master repair plumbing projects need basic measuring and marking tools, safety gear, and the category-specific tools covered in the article above. | Q: How long should I expect this project to take? A: A focused DIYer working weekends should budget 2–3x the time a pro would take. Factor in supply runs, learning curves, and the inevitable re-dos. Better to plan generously than rush.",idea,Daniel Ware
346,2026-11-12,plumbing-repair,plumbing burst pipe repair,70,83.78,,commercial,Plumbing Burst Pipe Repair: DIY or Call a Pro?,plumbing-burst-pipe-repair-diy-or-call-a-pro,"Should you DIY plumbing burst pipe repair or call a pro? Real costs, skill requirements, and safety considerations. Practical tips from real projects.",Plumbing & Electrical,home repair; electrical; plumbing,plumbing-water-leak-repair-guide-what-to-know; plumbing-snake-repairs-a-homeowners-guide; home-water-pump-repairs-a-homeowners-guide; hot-water-unclog-drain-a-practical-guide; master-plumbing-repair-diy-or-call-a-pro,https://www.nfpa.org/codes-and-standards/nfpa-70-standard-development/70; https://www.iccsafe.org/products-and-services/i-codes/2024-i-codes/irc/,"A photorealistic photograph of a homeowner working under a kitchen sink with a wrench adjusting PVC drain fittings, a flashlight illuminating the work area, plumber's tape and pipe fittings spread on the cabinet floor. The scene is set in a well-lit suburban home. natural lighting, shot on a Canon EOS R5 with a 35mm lens, shallow depth of field, editorial photography style. No text overlays, no watermarks, no logos, no artificial lighting artifacts. The image looks like it was taken by a professional home renovation photographer for an editorial magazine feature.","Q: Should I DIY this or hire a licensed professional? A: Basic tasks like replacing a faucet or outlet cover are DIY-friendly. Anything involving main lines, gas, load-bearing walls, or your electrical panel should go to a licensed pro — it's a safety and code issue. | Q: What tools do I need for this project? A: The exact tools depend on your approach, but most plumbing burst pipe repair projects need basic measuring and marking tools, safety gear, and the category-specific tools covered in the article above. | Q: What's the most common mistake to avoid? A: Skipping proper preparation is the number-one mistake. Whether it's surface prep, measuring twice, or reading the full instructions first — rushing the setup phase causes most DIY failures.",idea,Daniel Ware
347,2026-11-13,plumbing-repair,plumbing stack repair,170,34.16,,commercial,Plumbing Stack Repairs: A Homeowner's Guide,plumbing-stack-repairs-a-homeowners-guide,A straightforward guide to plumbing stack repair: what you can handle yourself and when to pick up the phone. Practical tips from real projects.,Plumbing & Electrical,home repair; electrical; plumbing,plumbing-snake-repairs-a-homeowners-guide; home-water-pump-repairs-a-homeowners-guide; hot-water-unclog-drain-a-practical-guide; master-plumbing-repair-diy-or-call-a-pro; plumbing-burst-pipe-repair-diy-or-call-a-pro,https://www.epa.gov/watersense; https://www.osha.gov/,"A photorealistic photograph of a homeowner working under a kitchen sink with a wrench adjusting PVC drain fittings, a flashlight illuminating the work area, plumber's tape and pipe fittings spread on the cabinet floor. The scene is set in a well-lit suburban home. natural lighting, shot on a Canon EOS R5 with a 35mm lens, shallow depth of field, editorial photography style. No text overlays, no watermarks, no logos, no artificial lighting artifacts. The image looks like it was taken by a professional home renovation photographer for an editorial magazine feature.","Q: Should I DIY this or hire a licensed professional? A: Basic tasks like replacing a faucet or outlet cover are DIY-friendly. Anything involving main lines, gas, load-bearing walls, or your electrical panel should go to a licensed pro — it's a safety and code issue. | Q: What tools do I need for this project? A: The exact tools depend on your approach, but most plumbing stack repair projects need basic measuring and marking tools, safety gear, and the category-specific tools covered in the article above. | Q: What's the most common mistake to avoid? A: Skipping proper preparation is the number-one mistake. Whether it's surface prep, measuring twice, or reading the full instructions first — rushing the setup phase causes most DIY failures.",idea,Daniel Ware
348,2026-11-13,fence-build,professional chain link fence installation,260,13,5,commercial,Professional Chain Link Fence Installation: Costs and Tips,professional-chain-link-fence-installation-costs-and-tips,"Planning professional chain link fence installation? Real costs, material comparisons, and the steps most DIY guides skip.",Outdoor & Landscaping,fencing; outdoor projects; landscaping; installation,fence-company-installation-guide-diy-or-hire-out; installing-fence-companies-what-to-know-first; residential-fence-installation-guide-diy-or-hire-out; quotes-fence-installation-costs-and-tips; installing-quote-fence-what-to-know-first,https://www.epa.gov/watersense; https://www.aarp.org/livable-communities/housing/; https://www.awc.org/,"A photorealistic photograph of a cedar privacy fence being built in a suburban backyard, with a post hole digger next to a freshly set post, horizontal rails being nailed, and stacks of pickets leaning against the partially completed fence. The scene is set in a well-lit suburban home. natural lighting, shot on a Canon EOS R5 with a 35mm lens, shallow depth of field, editorial photography style. No text overlays, no watermarks, no logos, no artificial lighting artifacts. The image looks like it was taken by a professional home renovation photographer for an editorial magazine feature.","Q: What's the best time of year for this project? A: Spring and fall offer the best weather for most outdoor projects. Avoid extreme heat, freezing temperatures, and the rainy season in your area. Many contractors offer off-season discounts. | Q: What tools do I need for this project? A: The exact tools depend on your approach, but most professional chain link fence installation projects need basic measuring and marking tools, safety gear, and the category-specific tools covered in the article above. | Q: How long should I expect this project to take? A: A focused DIYer working weekends should budget 2–3x the time a pro would take. Factor in supply runs, learning curves, and the inevitable re-dos. Better to plan generously than rush.",idea,Daniel Ware
349,2026-11-14,fence-build,woven wire fence installation,170,15.21,4,commercial,Installing Woven Wire Fence: What to Know First,installing-woven-wire-fence-what-to-know-first,"A hands-on guide to woven wire fence installation with actual project costs, timelines, and what to watch out for. Practical tips from real projects.",Outdoor & Landscaping,fencing; outdoor projects; landscaping; installation,installing-fence-companies-what-to-know-first; residential-fence-installation-guide-diy-or-hire-out; quotes-fence-installation-costs-and-tips; installing-quote-fence-what-to-know-first; professional-chain-link-fence-installation-costs-and-tips,https://www.epa.gov/watersense; https://www.aarp.org/livable-communities/housing/; https://www.awc.org/,"A photorealistic photograph of a cedar privacy fence being built in a suburban backyard, with a post hole digger next to a freshly set post, horizontal rails being nailed, and stacks of pickets leaning against the partially completed fence. The scene is set in a well-lit suburban home. natural lighting, shot on a Canon EOS R5 with a 35mm lens, shallow depth of field, editorial photography style. No text overlays, no watermarks, no logos, no artificial lighting artifacts. The image looks like it was taken by a professional home renovation photographer for an editorial magazine feature.","Q: What's the best time of year for this project? A: Spring and fall offer the best weather for most outdoor projects. Avoid extreme heat, freezing temperatures, and the rainy season in your area. Many contractors offer off-season discounts. | Q: What tools do I need for this project? A: The exact tools depend on your approach, but most woven wire fence installation projects need basic measuring and marking tools, safety gear, and the category-specific tools covered in the article above. | Q: How long should I expect this project to take? A: A focused DIYer working weekends should budget 2–3x the time a pro would take. Factor in supply runs, learning curves, and the inevitable re-dos. Better to plan generously than rush.",idea,Daniel Ware
350,2026-11-14,fence-build,electric fence installation cost,590,17.41,,commercial,Electric Fence Installation Cost: What to Expect in 2026,electric-fence-installation-cost-what-to-expect-in-2026,"Everything you need for electric fence installation cost: materials, costs, permits, and lessons from actual backyard projects.",Outdoor & Landscaping,outdoor projects; fencing; landscaping; electrical; installation; cost guide,residential-fence-installation-guide-diy-or-hire-out; quotes-fence-installation-costs-and-tips; installing-quote-fence-what-to-know-first; professional-chain-link-fence-installation-costs-and-tips; installing-woven-wire-fence-what-to-know-first,https://www.strongtie.com/; https://www.epa.gov/watersense,"A photorealistic photograph of a cedar privacy fence being built in a suburban backyard, with a post hole digger next to a freshly set post, horizontal rails being nailed, and stacks of pickets leaning against the partially completed fence. The scene is set in a well-lit suburban home. natural lighting, shot on a Canon EOS R5 with a 35mm lens, shallow depth of field, editorial photography style. No text overlays, no watermarks, no logos, no artificial lighting artifacts. The image looks like it was taken by a professional home renovation photographer for an editorial magazine feature.","Q: Do I need a permit for this project? A: Permit requirements vary by municipality. Generally, structures over a certain height or size, anything near property lines, and electrical/plumbing work require permits. Call your local building department to check. | Q: What tools do I need for this project? A: The exact tools depend on your approach, but most electric fence installation cost projects need basic measuring and marking tools, safety gear, and the category-specific tools covered in the article above. | Q: What's the most common mistake to avoid? A: Skipping proper preparation is the number-one mistake. Whether it's surface prep, measuring twice, or reading the full instructions first — rushing the setup phase causes most DIY failures.",idea,Daniel Ware
351,2026-11-15,fence-build,electric fence installation costs,590,17.41,,commercial,Installing Electric Fence Costs: What to Know First,installing-electric-fence-costs-what-to-know-first,"A hands-on guide to electric fence installation costs with actual project costs, timelines, and what to watch out for. Practical tips from real projects.",Outdoor & Landscaping,outdoor projects; fencing; landscaping; electrical; installation; cost guide,quotes-fence-installation-costs-and-tips; installing-quote-fence-what-to-know-first; professional-chain-link-fence-installation-costs-and-tips; installing-woven-wire-fence-what-to-know-first; electric-fence-installation-cost-what-to-expect-in-2026,https://www.awc.org/; https://www.iccsafe.org/products-and-services/i-codes/2024-i-codes/irc/,"A photorealistic photograph of a cedar privacy fence being built in a suburban backyard, with a post hole digger next to a freshly set post, horizontal rails being nailed, and stacks of pickets leaning against the partially completed fence. The scene is set in a well-lit suburban home. natural lighting, shot on a Canon EOS R5 with a 35mm lens, shallow depth of field, editorial photography style. No text overlays, no watermarks, no logos, no artificial lighting artifacts. The image looks like it was taken by a professional home renovation photographer for an editorial magazine feature.","Q: Do I need a permit for this project? A: Permit requirements vary by municipality. Generally, structures over a certain height or size, anything near property lines, and electrical/plumbing work require permits. Call your local building department to check. | Q: What tools do I need for this project? A: The exact tools depend on your approach, but most electric fence installation costs projects need basic measuring and marking tools, safety gear, and the category-specific tools covered in the article above. | Q: What's the most common mistake to avoid? A: Skipping proper preparation is the number-one mistake. Whether it's surface prep, measuring twice, or reading the full instructions first — rushing the setup phase causes most DIY failures.",idea,Daniel Ware
352,2026-11-15,fence-build,iron fence installation,390,24.46,,commercial,Installing Iron Fence: What to Know First,installing-iron-fence-what-to-know-first,"A hands-on guide to iron fence installation with actual project costs, timelines, and what to watch out for. Practical tips from real projects.",Outdoor & Landscaping,fencing; installation; outdoor projects; landscaping,installing-quote-fence-what-to-know-first; professional-chain-link-fence-installation-costs-and-tips; installing-woven-wire-fence-what-to-know-first; electric-fence-installation-cost-what-to-expect-in-2026; installing-electric-fence-costs-what-to-know-first,https://www.awc.org/; https://www.iccsafe.org/products-and-services/i-codes/2024-i-codes/irc/,"A photorealistic photograph of a cedar privacy fence being built in a suburban backyard, with a post hole digger next to a freshly set post, horizontal rails being nailed, and stacks of pickets leaning against the partially completed fence. The scene is set in a well-lit suburban home. natural lighting, shot on a Canon EOS R5 with a 35mm lens, shallow depth of field, editorial photography style. No text overlays, no watermarks, no logos, no artificial lighting artifacts. The image looks like it was taken by a professional home renovation photographer for an editorial magazine feature.","Q: Do I need a permit for this project? A: Permit requirements vary by municipality. Generally, structures over a certain height or size, anything near property lines, and electrical/plumbing work require permits. Call your local building department to check. | Q: What tools do I need for this project? A: The exact tools depend on your approach, but most iron fence installation projects need basic measuring and marking tools, safety gear, and the category-specific tools covered in the article above. | Q: What's the most common mistake to avoid? A: Skipping proper preparation is the number-one mistake. Whether it's surface prep, measuring twice, or reading the full instructions first — rushing the setup phase causes most DIY failures.",idea,Daniel Ware
353,2026-11-16,fence-build,installation fence electric,1000,9.39,,commercial,Fence Electric Installation: Costs and Tips,fence-electric-installation-costs-and-tips,"Planning installation fence electric? Real costs, material comparisons, and the steps most DIY guides skip. Practical tips from real projects.",Outdoor & Landscaping,outdoor projects; fencing; landscaping; electrical; installation,professional-chain-link-fence-installation-costs-and-tips; installing-woven-wire-fence-what-to-know-first; electric-fence-installation-cost-what-to-expect-in-2026; installing-electric-fence-costs-what-to-know-first; installing-iron-fence-what-to-know-first,https://www.iccsafe.org/products-and-services/i-codes/2024-i-codes/irc/; https://www.strongtie.com/; https://www.epa.gov/watersense,"A photorealistic photograph of a cedar privacy fence being built in a suburban backyard, with a post hole digger next to a freshly set post, horizontal rails being nailed, and stacks of pickets leaning against the partially completed fence. The scene is set in a well-lit suburban home. natural lighting, shot on a Canon EOS R5 with a 35mm lens, shallow depth of field, editorial photography style. No text overlays, no watermarks, no logos, no artificial lighting artifacts. The image looks like it was taken by a professional home renovation photographer for an editorial magazine feature.","Q: What's the best time of year for this project? A: Spring and fall offer the best weather for most outdoor projects. Avoid extreme heat, freezing temperatures, and the rainy season in your area. Many contractors offer off-season discounts. | Q: What tools do I need for this project? A: The exact tools depend on your approach, but most installation fence electric projects need basic measuring and marking tools, safety gear, and the category-specific tools covered in the article above. | Q: How long should I expect this project to take? A: A focused DIYer working weekends should budget 2–3x the time a pro would take. Factor in supply runs, learning curves, and the inevitable re-dos. Better to plan generously than rush.",idea,Daniel Ware
354,2026-11-16,fence-build,fence installation pro,720,7.57,16,commercial,Installing Fence Pro: What to Know First,installing-fence-pro-what-to-know-first,"A hands-on guide to fence installation pro with actual project costs, timelines, and what to watch out for. Practical tips from real projects.",Outdoor & Landscaping,fencing; installation; outdoor projects; landscaping,installing-woven-wire-fence-what-to-know-first; electric-fence-installation-cost-what-to-expect-in-2026; installing-electric-fence-costs-what-to-know-first; installing-iron-fence-what-to-know-first; fence-electric-installation-costs-and-tips,https://www.aarp.org/livable-communities/housing/; https://www.awc.org/,"A photorealistic photograph of a cedar privacy fence being built in a suburban backyard, with a post hole digger next to a freshly set post, horizontal rails being nailed, and stacks of pickets leaning against the partially completed fence. The scene is set in a well-lit suburban home. natural lighting, shot on a Canon EOS R5 with a 35mm lens, shallow depth of field, editorial photography style. No text overlays, no watermarks, no logos, no artificial lighting artifacts. The image looks like it was taken by a professional home renovation photographer for an editorial magazine feature.","Q: Do I need a permit for this project? A: Permit requirements vary by municipality. Generally, structures over a certain height or size, anything near property lines, and electrical/plumbing work require permits. Call your local building department to check. | Q: What tools do I need for this project? A: The exact tools depend on your approach, but most fence installation pro projects need basic measuring and marking tools, safety gear, and the category-specific tools covered in the article above. | Q: What's the most common mistake to avoid? A: Skipping proper preparation is the number-one mistake. Whether it's surface prep, measuring twice, or reading the full instructions first — rushing the setup phase causes most DIY failures.",idea,Daniel Ware
355,2026-11-17,fence-build,professional fence installation,720,7.57,17,commercial,Professional Fence Installation: Costs and Tips,professional-fence-installation-costs-and-tips,"Planning professional fence installation? Real costs, material comparisons, and the steps most DIY guides skip. Practical tips from real projects.",Outdoor & Landscaping,fencing; installation; outdoor projects; landscaping,electric-fence-installation-cost-what-to-expect-in-2026; installing-electric-fence-costs-what-to-know-first; installing-iron-fence-what-to-know-first; fence-electric-installation-costs-and-tips; installing-fence-pro-what-to-know-first,https://www.aarp.org/livable-communities/housing/; https://www.awc.org/; https://www.iccsafe.org/products-and-services/i-codes/2024-i-codes/irc/,"A photorealistic photograph of a cedar privacy fence being built in a suburban backyard, with a post hole digger next to a freshly set post, horizontal rails being nailed, and stacks of pickets leaning against the partially completed fence. The scene is set in a well-lit suburban home. natural lighting, shot on a Canon EOS R5 with a 35mm lens, shallow depth of field, editorial photography style. No text overlays, no watermarks, no logos, no artificial lighting artifacts. The image looks like it was taken by a professional home renovation photographer for an editorial magazine feature.","Q: What's the best time of year for this project? A: Spring and fall offer the best weather for most outdoor projects. Avoid extreme heat, freezing temperatures, and the rainy season in your area. Many contractors offer off-season discounts. | Q: What tools do I need for this project? A: The exact tools depend on your approach, but most professional fence installation projects need basic measuring and marking tools, safety gear, and the category-specific tools covered in the article above. | Q: How long should I expect this project to take? A: A focused DIYer working weekends should budget 2–3x the time a pro would take. Factor in supply runs, learning curves, and the inevitable re-dos. Better to plan generously than rush.",idea,Daniel Ware
356,2026-11-17,attic-insulation,estimate attic insulation cost,1300,8.07,,informational,Attic Insulation Cost Breakdown: Real Numbers,attic-insulation-cost-breakdown-real-numbers,"Considering estimate attic insulation cost? Here's what it actually takes — costs, permits, and the decisions that matter most.",Basement & Attic,attic renovation; basement finishing; insulation; attic; cost guide,removing-attic-insulation-cost-breakdown-real-numbers; remove-attic-insulation-cost-what-to-expect-in-2026; attic-insulation-removal-pricing-guide-for-homeowners; remove-insulation-from-attic-pricing-guide-for-homeowners; blow-in-insulation-per-square-foot-cost-what-to-expect-in-2026,https://www.epa.gov/mold; https://www.iccsafe.org/products-and-services/i-codes/2024-i-codes/irc/,"A photorealistic photograph of an attic being insulated with blown-in cellulose insulation being applied between ceiling joists using a hose, the worker wearing a respirator and safety goggles, with kraft-faced batts visible on the walls. The scene is set in a well-lit suburban home. natural lighting, shot on a Canon EOS R5 with a 35mm lens, shallow depth of field, editorial photography style. No text overlays, no watermarks, no logos, no artificial lighting artifacts. The image looks like it was taken by a professional home renovation photographer for an editorial magazine feature.","Q: Do I need a permit to finish this space? A: Almost certainly yes. Finishing a basement or attic into livable space requires permits for framing, electrical, plumbing, and egress. Skipping permits creates problems at resale. | Q: Can a beginner handle this project? A: With proper research, the right tools, and realistic expectations about timeline, many first-timers succeed. Start with a small area to build confidence before tackling the main project. | Q: What's the most common mistake to avoid? A: Skipping proper preparation is the number-one mistake. Whether it's surface prep, measuring twice, or reading the full instructions first — rushing the setup phase causes most DIY failures.",idea,Daniel Ware
357,2026-11-18,attic-insulation,attic insulation cost estimator,1300,8.07,,informational,Attic Insulation Cost: What to Expect in 2026,attic-insulation-cost-what-to-expect-in-2026,"Practical guide to attic insulation cost estimator: real costs per square foot, timelines, and the gotchas nobody warns about.",Basement & Attic,attic renovation; basement finishing; insulation; attic; cost guide,remove-attic-insulation-cost-what-to-expect-in-2026; attic-insulation-removal-pricing-guide-for-homeowners; remove-insulation-from-attic-pricing-guide-for-homeowners; blow-in-insulation-per-square-foot-cost-what-to-expect-in-2026; attic-insulation-cost-breakdown-real-numbers,https://www.iccsafe.org/products-and-services/i-codes/2024-i-codes/irc/; https://www.energy.gov/energysaver/insulation,"A photorealistic photograph of an attic being insulated with blown-in cellulose insulation being applied between ceiling joists using a hose, the worker wearing a respirator and safety goggles, with kraft-faced batts visible on the walls. The scene is set in a well-lit suburban home. natural lighting, shot on a Canon EOS R5 with a 35mm lens, shallow depth of field, editorial photography style. No text overlays, no watermarks, no logos, no artificial lighting artifacts. The image looks like it was taken by a professional home renovation photographer for an editorial magazine feature.","Q: Do I need a permit to finish this space? A: Almost certainly yes. Finishing a basement or attic into livable space requires permits for framing, electrical, plumbing, and egress. Skipping permits creates problems at resale. | Q: Can a beginner handle this project? A: With proper research, the right tools, and realistic expectations about timeline, many first-timers succeed. Start with a small area to build confidence before tackling the main project. | Q: What's the most common mistake to avoid? A: Skipping proper preparation is the number-one mistake. Whether it's surface prep, measuring twice, or reading the full instructions first — rushing the setup phase causes most DIY failures.",idea,Daniel Ware
358,2026-11-18,attic-insulation,cost of insulation removal,390,16.29,,informational,Insulation Removal Cost: What to Expect in 2026,insulation-removal-cost-what-to-expect-in-2026,"Considering cost of insulation removal? Here's what it actually takes — costs, permits, and the decisions that matter most.",Basement & Attic,attic renovation; insulation; basement finishing; cost guide,attic-insulation-removal-pricing-guide-for-homeowners; remove-insulation-from-attic-pricing-guide-for-homeowners; blow-in-insulation-per-square-foot-cost-what-to-expect-in-2026; attic-insulation-cost-breakdown-real-numbers; attic-insulation-cost-what-to-expect-in-2026,https://www.energystar.gov/; https://www.epa.gov/radon,"A photorealistic photograph of an attic being insulated with blown-in cellulose insulation being applied between ceiling joists using a hose, the worker wearing a respirator and safety goggles, with kraft-faced batts visible on the walls. The scene is set in a well-lit suburban home. natural lighting, shot on a Canon EOS R5 with a 35mm lens, shallow depth of field, editorial photography style. No text overlays, no watermarks, no logos, no artificial lighting artifacts. The image looks like it was taken by a professional home renovation photographer for an editorial magazine feature.","Q: Do I need a permit to finish this space? A: Almost certainly yes. Finishing a basement or attic into livable space requires permits for framing, electrical, plumbing, and egress. Skipping permits creates problems at resale. | Q: Can a beginner handle this project? A: With proper research, the right tools, and realistic expectations about timeline, many first-timers succeed. Start with a small area to build confidence before tackling the main project. | Q: What's the most common mistake to avoid? A: Skipping proper preparation is the number-one mistake. Whether it's surface prep, measuring twice, or reading the full instructions first — rushing the setup phase causes most DIY failures.",idea,Daniel Ware
359,2026-11-19,countertop,concrete countertop installation cost,590,2.79,,commercial,Concrete Countertop Installation Cost Breakdown: Real Numbers,concrete-countertop-installation-cost-breakdown-real-numbers,"Real costs, realistic timelines, and practical steps for concrete countertop installation cost. Written by a homeowner who's been through it.",Kitchen & Bath Remodeling,countertops; bathroom remodel; kitchen remodel; installation; cost guide,butcher-block-countertop-installation-pricing-guide-for; replace-laminate-countertop-cost-what-to-expect-in-2026; laminate-countertop-replacement-cost-breakdown-real-numbers; how-much-does-laminate-countertop-installation-really-cost; formica-countertop-installation-pricing-guide-for-homeowners,https://www.nfpa.org/codes-and-standards/nfpa-70-standard-development/70; https://www.epa.gov/lead,"A photorealistic photograph of a concrete surface being refinished with a worker using a concrete grinder on a patio slab, dust collection hose attached, and freshly ground smooth sections contrasting with the rough original. The scene is set in a well-lit suburban home. natural lighting, shot on a Canon EOS R5 with a 35mm lens, shallow depth of field, editorial photography style. No text overlays, no watermarks, no logos, no artificial lighting artifacts. The image looks like it was taken by a professional home renovation photographer for an editorial magazine feature.","Q: How much does concrete countertop installation cost cost on average? A: A mid-range concrete countertop installation cost project typically runs $5,000–$15,000 depending on materials and whether you hire a contractor. Get three local quotes for the best estimate. | Q: What tools do I need for this project? A: The exact tools depend on your approach, but most concrete countertop installation cost projects need basic measuring and marking tools, safety gear, and the category-specific tools covered in the article above. | Q: What's the most common mistake to avoid? A: Skipping proper preparation is the number-one mistake. Whether it's surface prep, measuring twice, or reading the full instructions first — rushing the setup phase causes most DIY failures.",idea,Daniel Ware
360,2026-11-19,countertop,estimate countertop cost,390,2.59,,informational,How Much Does Countertop Really Cost?,how-much-does-countertop-really-cost,"How much does estimate countertop cost really cost? Line-by-line budget with labor, materials, and hidden expenses. Practical tips from real projects.",Budget & Planning,home improvement cost; countertops; budget renovation; cost guide,replace-laminate-countertop-cost-what-to-expect-in-2026; laminate-countertop-replacement-cost-breakdown-real-numbers; how-much-does-laminate-countertop-installation-really-cost; formica-countertop-installation-pricing-guide-for-homeowners; concrete-countertop-installation-cost-breakdown-real-numbers,https://www.bls.gov/; https://www.consumerfinance.gov/; https://www.remodeling.hw.net/cost-vs-value/2025/,"A photorealistic photograph of a clipboard with a renovation cost estimate on a workbench next to a tape measure, pencil, and material samples, with a partially renovated room visible behind. The scene is set in a well-lit suburban home. natural lighting, shot on a Canon EOS R5 with a 35mm lens, shallow depth of field, editorial photography style. No text overlays, no watermarks, no logos, no artificial lighting artifacts. The image looks like it was taken by a professional home renovation photographer for an editorial magazine feature.","Q: How can I reduce costs without cutting corners? A: Do your own demolition, source materials during sales, keep the existing layout to avoid plumbing/electrical moves, and save the pro budget for the work that matters most. | Q: Can a beginner handle this project? A: With proper research, the right tools, and realistic expectations about timeline, many first-timers succeed. Start with a small area to build confidence before tackling the main project. | Q: How long should I expect this project to take? A: A focused DIYer working weekends should budget 2–3x the time a pro would take. Factor in supply runs, learning curves, and the inevitable re-dos. Better to plan generously than rush.",idea,Daniel Ware
361,2026-11-20,countertop,calculating countertop cost,390,2.59,,informational,Calculating Countertop Cost Breakdown: Real Numbers,calculating-countertop-cost-breakdown-real-numbers,"A no-fluff guide to calculating countertop cost with real material costs, labor estimates, and the mistakes to skip. Practical tips from real projects.",Kitchen & Bath Remodeling,bathroom remodel; countertops; kitchen remodel; cost guide,laminate-countertop-replacement-cost-breakdown-real-numbers; how-much-does-laminate-countertop-installation-really-cost; formica-countertop-installation-pricing-guide-for-homeowners; concrete-countertop-installation-cost-breakdown-real-numbers; how-much-does-countertop-really-cost,https://www.tcnatile.com/; https://www.iccsafe.org/products-and-services/i-codes/2024-i-codes/irc/,"A photorealistic photograph of bathroom fixtures laid out on a clean countertop including a brushed nickel faucet, handles, a towel bar, and mounting hardware, with installation instructions visible. The scene is set in a well-lit suburban home. natural lighting, shot on a Canon EOS R5 with a 35mm lens, shallow depth of field, editorial photography style. No text overlays, no watermarks, no logos, no artificial lighting artifacts. The image looks like it was taken by a professional home renovation photographer for an editorial magazine feature.","Q: How much does calculating countertop cost cost on average? A: A mid-range calculating countertop cost project typically runs $5,000–$15,000 depending on materials and whether you hire a contractor. Get three local quotes for the best estimate. | Q: Can a beginner handle this project? A: With proper research, the right tools, and realistic expectations about timeline, many first-timers succeed. Start with a small area to build confidence before tackling the main project. | Q: What's the most common mistake to avoid? A: Skipping proper preparation is the number-one mistake. Whether it's surface prep, measuring twice, or reading the full instructions first — rushing the setup phase causes most DIY failures.",idea,Daniel Ware
362,2026-11-20,countertop,countertop cost estimator,390,2.59,,commercial,Countertop Pricing Guide for Homeowners,countertop-pricing-guide-for-homeowners,"A no-fluff guide to countertop cost estimator with real material costs, labor estimates, and the mistakes to skip. Practical tips from real projects.",Kitchen & Bath Remodeling,bathroom remodel; countertops; kitchen remodel; cost guide,how-much-does-laminate-countertop-installation-really-cost; formica-countertop-installation-pricing-guide-for-homeowners; concrete-countertop-installation-cost-breakdown-real-numbers; how-much-does-countertop-really-cost; calculating-countertop-cost-breakdown-real-numbers,https://www.epa.gov/watersense; https://www.tcnatile.com/; https://www.iccsafe.org/products-and-services/i-codes/2024-i-codes/irc/,"A photorealistic photograph of bathroom fixtures laid out on a clean countertop including a brushed nickel faucet, handles, a towel bar, and mounting hardware, with installation instructions visible. The scene is set in a well-lit suburban home. natural lighting, shot on a Canon EOS R5 with a 35mm lens, shallow depth of field, editorial photography style. No text overlays, no watermarks, no logos, no artificial lighting artifacts. The image looks like it was taken by a professional home renovation photographer for an editorial magazine feature.","Q: Is countertop cost estimator worth the investment? A: Most homeowners recoup 60–70% of countertop cost estimator costs at resale, and the daily comfort improvement is significant. Focus on quality basics over luxury upgrades for the best return. | Q: Can a beginner handle this project? A: With proper research, the right tools, and realistic expectations about timeline, many first-timers succeed. Start with a small area to build confidence before tackling the main project. | Q: How long should I expect this project to take? A: A focused DIYer working weekends should budget 2–3x the time a pro would take. Factor in supply runs, learning curves, and the inevitable re-dos. Better to plan generously than rush.",idea,Daniel Ware
363,2026-11-21,countertop,countertop removal cost,70,11.86,,informational,Countertop Removal Cost: What to Expect in 2026,countertop-removal-cost-what-to-expect-in-2026,"Considering countertop removal cost? Here are the actual numbers, common pitfalls, and what most guides leave out. Practical tips from real projects.",Kitchen & Bath Remodeling,bathroom remodel; countertops; kitchen remodel; cost guide,formica-countertop-installation-pricing-guide-for-homeowners; concrete-countertop-installation-cost-breakdown-real-numbers; how-much-does-countertop-really-cost; calculating-countertop-cost-breakdown-real-numbers; countertop-pricing-guide-for-homeowners,https://www.iccsafe.org/products-and-services/i-codes/2024-i-codes/irc/; https://www.nfpa.org/codes-and-standards/nfpa-70-standard-development/70,"A photorealistic photograph of a bright kitchen mid-renovation showing progress with new shaker cabinets on one wall and bare studs on the other, a level and drill on the counter, blue painter's tape along trim. The scene is set in a well-lit suburban home. natural lighting, shot on a Canon EOS R5 with a 35mm lens, shallow depth of field, editorial photography style. No text overlays, no watermarks, no logos, no artificial lighting artifacts. The image looks like it was taken by a professional home renovation photographer for an editorial magazine feature.","Q: How much does countertop removal cost cost on average? A: A mid-range countertop removal cost project typically runs $5,000–$15,000 depending on materials and whether you hire a contractor. Get three local quotes for the best estimate. | Q: Can a beginner handle this project? A: With proper research, the right tools, and realistic expectations about timeline, many first-timers succeed. Start with a small area to build confidence before tackling the main project. | Q: What's the most common mistake to avoid? A: Skipping proper preparation is the number-one mistake. Whether it's surface prep, measuring twice, or reading the full instructions first — rushing the setup phase causes most DIY failures.",idea,Daniel Ware
364,2026-11-21,countertop,quartz countertop vs granite cost,880,0.84,,commercial,Quartz Countertop vs Granite Pricing Guide for Homeowners,quartz-countertop-vs-granite-pricing-guide-for-homeowners,"Real costs, realistic timelines, and practical steps for quartz countertop vs granite cost. Written by a homeowner who's been through it.",Kitchen & Bath Remodeling,bathroom remodel; countertops; kitchen remodel; cost guide,concrete-countertop-installation-cost-breakdown-real-numbers; how-much-does-countertop-really-cost; calculating-countertop-cost-breakdown-real-numbers; countertop-pricing-guide-for-homeowners; countertop-removal-cost-what-to-expect-in-2026,https://www.epa.gov/watersense; https://www.tcnatile.com/; https://www.iccsafe.org/products-and-services/i-codes/2024-i-codes/irc/,"A photorealistic photograph of a homeowner measuring cabinet dimensions in a kitchen with a tape measure and notepad, new cabinet samples on the counter, morning light through a window above the sink. The scene is set in a well-lit suburban home. natural lighting, shot on a Canon EOS R5 with a 35mm lens, shallow depth of field, editorial photography style. No text overlays, no watermarks, no logos, no artificial lighting artifacts. The image looks like it was taken by a professional home renovation photographer for an editorial magazine feature.","Q: Is quartz countertop vs granite cost worth the investment? A: Most homeowners recoup 60–70% of quartz countertop vs granite cost costs at resale, and the daily comfort improvement is significant. Focus on quality basics over luxury upgrades for the best return. | Q: Can a beginner handle this project? A: With proper research, the right tools, and realistic expectations about timeline, many first-timers succeed. Start with a small area to build confidence before tackling the main project. | Q: How long should I expect this project to take? A: A focused DIYer working weekends should budget 2–3x the time a pro would take. Factor in supply runs, learning curves, and the inevitable re-dos. Better to plan generously than rush.",idea,Daniel Ware
365,2026-11-22,countertop,calculate granite countertop cost,210,3.43,,informational,How Much Does Granite Countertop Really Cost?,how-much-does-granite-countertop-really-cost,"A no-fluff guide to calculate granite countertop cost with real material costs, labor estimates, and the mistakes to skip.",Kitchen & Bath Remodeling,bathroom remodel; countertops; kitchen remodel; cost guide,how-much-does-countertop-really-cost; calculating-countertop-cost-breakdown-real-numbers; countertop-pricing-guide-for-homeowners; countertop-removal-cost-what-to-expect-in-2026; quartz-countertop-vs-granite-pricing-guide-for-homeowners,https://www.iccsafe.org/products-and-services/i-codes/2024-i-codes/irc/; https://www.nfpa.org/codes-and-standards/nfpa-70-standard-development/70; https://www.epa.gov/lead,"A photorealistic photograph of bathroom fixtures laid out on a clean countertop including a brushed nickel faucet, handles, a towel bar, and mounting hardware, with installation instructions visible. The scene is set in a well-lit suburban home. natural lighting, shot on a Canon EOS R5 with a 35mm lens, shallow depth of field, editorial photography style. No text overlays, no watermarks, no logos, no artificial lighting artifacts. The image looks like it was taken by a professional home renovation photographer for an editorial magazine feature.","Q: Is calculate granite countertop cost worth the investment? A: Most homeowners recoup 60–70% of calculate granite countertop cost costs at resale, and the daily comfort improvement is significant. Focus on quality basics over luxury upgrades for the best return. | Q: Can a beginner handle this project? A: With proper research, the right tools, and realistic expectations about timeline, many first-timers succeed. Start with a small area to build confidence before tackling the main project. | Q: How long should I expect this project to take? A: A focused DIYer working weekends should budget 2–3x the time a pro would take. Factor in supply runs, learning curves, and the inevitable re-dos. Better to plan generously than rush.",idea,Daniel Ware
